Fitter report for ULA
Sun Oct 12 23:07:17 2025
Quartus Prime Version 20.1.1 Build 720 11/11/2020 SJ Lite Edition


---------------------
; Table of Contents ;
---------------------
  1. Legal Notice
  2. Fitter Summary
  3. Fitter Settings
  4. Parallel Compilation
  5. Incremental Compilation Preservation Summary
  6. Incremental Compilation Partition Settings
  7. Incremental Compilation Placement Preservation
  8. Pin-Out File
  9. Fitter Resource Usage Summary
 10. Fitter Partition Statistics
 11. Input Pins
 12. Output Pins
 13. Dual Purpose and Dedicated Pins
 14. I/O Bank Usage
 15. All Package Pins
 16. I/O Assignment Warnings
 17. Fitter Resource Utilization by Entity
 18. Delay Chain Summary
 19. Pad To Core Delay Chain Fanout
 20. Control Signals
 21. Global & Other Fast Signals
 22. Routing Usage Summary
 23. LAB Logic Elements
 24. LAB-wide Signals
 25. LAB Signals Sourced
 26. LAB Signals Sourced Out
 27. LAB Distinct Inputs
 28. I/O Rules Summary
 29. I/O Rules Details
 30. I/O Rules Matrix
 31. Fitter Device Options
 32. Operating Settings and Conditions
 33. Estimated Delay Added for Hold Timing Summary
 34. Estimated Delay Added for Hold Timing Details
 35. Fitter Messages
 36. Fitter Suppressed Messages



----------------
; Legal Notice ;
----------------
Copyright (C) 2020  Intel Corporation. All rights reserved.
Your use of Intel Corporation's design tools, logic functions 
and other software and tools, and any partner logic 
functions, and any output files from any of the foregoing 
(including device programming or simulation files), and any 
associated documentation or information are expressly subject 
to the terms and conditions of the Intel Program License 
Subscription Agreement, the Intel Quartus Prime License Agreement,
the Intel FPGA IP License Agreement, or other applicable license
agreement, including, without limitation, that your use is for
the sole purpose of programming logic devices manufactured by
Intel and sold by Intel or its authorized distributors.  Please
refer to the applicable agreement for further details, at
https://fpgasoftware.intel.com/eula.



+----------------------------------------------------------------------------------+
; Fitter Summary                                                                   ;
+------------------------------------+---------------------------------------------+
; Fitter Status                      ; Successful - Sun Oct 12 23:07:17 2025       ;
; Quartus Prime Version              ; 20.1.1 Build 720 11/11/2020 SJ Lite Edition ;
; Revision Name                      ; ULA                                         ;
; Top-level Entity Name              ; top                                         ;
; Family                             ; MAX 10                                      ;
; Device                             ; 10M02DCU324A6G                              ;
; Timing Models                      ; Final                                       ;
; Total logic elements               ; 324 / 2,304 ( 14 % )                        ;
;     Total combinational functions  ; 298 / 2,304 ( 13 % )                        ;
;     Dedicated logic registers      ; 46 / 2,304 ( 2 % )                          ;
; Total registers                    ; 46                                          ;
; Total pins                         ; 59 / 160 ( 37 % )                           ;
; Total virtual pins                 ; 0                                           ;
; Total memory bits                  ; 0 / 110,592 ( 0 % )                         ;
; Embedded Multiplier 9-bit elements ; 0 / 32 ( 0 % )                              ;
; Total PLLs                         ; 0 / 2 ( 0 % )                               ;
; UFM blocks                         ; 0 / 1 ( 0 % )                               ;
; ADC blocks                         ; 0                                           ;
+------------------------------------+---------------------------------------------+


+----------------------------------------------------------------------------------------------------------------------------------------------------+
; Fitter Settings                                                                                                                                    ;
+--------------------------------------------------------------------+---------------------------------------+---------------------------------------+
; Option                                                             ; Setting                               ; Default Value                         ;
+--------------------------------------------------------------------+---------------------------------------+---------------------------------------+
; Device                                                             ; 10M02DCU324A6G                        ;                                       ;
; Minimum Core Junction Temperature                                  ; -40                                   ;                                       ;
; Maximum Core Junction Temperature                                  ; 125                                   ;                                       ;
; Fit Attempts to Skip                                               ; 0                                     ; 0.0                                   ;
; Use smart compilation                                              ; Off                                   ; Off                                   ;
; Enable parallel Assembler and Timing Analyzer during compilation   ; On                                    ; On                                    ;
; Enable compact report table                                        ; Off                                   ; Off                                   ;
; Auto Merge PLLs                                                    ; On                                    ; On                                    ;
; Router Timing Optimization Level                                   ; Normal                                ; Normal                                ;
; Perform Clocking Topology Analysis During Routing                  ; Off                                   ; Off                                   ;
; Placement Effort Multiplier                                        ; 1.0                                   ; 1.0                                   ;
; Router Effort Multiplier                                           ; 1.0                                   ; 1.0                                   ;
; Optimize Hold Timing                                               ; All Paths                             ; All Paths                             ;
; Optimize Multi-Corner Timing                                       ; On                                    ; On                                    ;
; Power Optimization During Fitting                                  ; Normal compilation                    ; Normal compilation                    ;
; SSN Optimization                                                   ; Off                                   ; Off                                   ;
; Optimize Timing                                                    ; Normal compilation                    ; Normal compilation                    ;
; Optimize Timing for ECOs                                           ; Off                                   ; Off                                   ;
; Regenerate Full Fit Report During ECO Compiles                     ; Off                                   ; Off                                   ;
; Optimize IOC Register Placement for Timing                         ; Normal                                ; Normal                                ;
; Final Placement Optimizations                                      ; Automatically                         ; Automatically                         ;
; Fitter Initial Placement Seed                                      ; 1                                     ; 1                                     ;
; Periphery to Core Placement and Routing Optimization               ; Off                                   ; Off                                   ;
; PCI I/O                                                            ; Off                                   ; Off                                   ;
; Weak Pull-Up Resistor                                              ; Off                                   ; Off                                   ;
; Enable Bus-Hold Circuitry                                          ; Off                                   ; Off                                   ;
; Auto Packed Registers                                              ; Auto                                  ; Auto                                  ;
; Auto Delay Chains                                                  ; On                                    ; On                                    ;
; Auto Delay Chains for High Fanout Input Pins                       ; Off                                   ; Off                                   ;
; Allow Single-ended Buffer for Differential-XSTL Input              ; Off                                   ; Off                                   ;
; Treat Bidirectional Pin as Output Pin                              ; Off                                   ; Off                                   ;
; Perform Physical Synthesis for Combinational Logic for Fitting     ; Off                                   ; Off                                   ;
; Perform Physical Synthesis for Combinational Logic for Performance ; Off                                   ; Off                                   ;
; Perform Register Duplication for Performance                       ; Off                                   ; Off                                   ;
; Perform Logic to Memory Mapping for Fitting                        ; Off                                   ; Off                                   ;
; Perform Register Retiming for Performance                          ; Off                                   ; Off                                   ;
; Perform Asynchronous Signal Pipelining                             ; Off                                   ; Off                                   ;
; Fitter Effort                                                      ; Auto Fit                              ; Auto Fit                              ;
; Physical Synthesis Effort Level                                    ; Normal                                ; Normal                                ;
; Logic Cell Insertion - Logic Duplication                           ; Auto                                  ; Auto                                  ;
; Auto Register Duplication                                          ; Auto                                  ; Auto                                  ;
; Auto Global Clock                                                  ; On                                    ; On                                    ;
; Auto Global Register Control Signals                               ; On                                    ; On                                    ;
; Reserve all unused pins                                            ; As input tri-stated with weak pull-up ; As input tri-stated with weak pull-up ;
; Synchronizer Identification                                        ; Auto                                  ; Auto                                  ;
; Enable Beneficial Skew Optimization                                ; On                                    ; On                                    ;
; Optimize Design for Metastability                                  ; On                                    ; On                                    ;
; Force Fitter to Avoid Periphery Placement Warnings                 ; Off                                   ; Off                                   ;
; Enable input tri-state on active configuration pins in user mode   ; Off                                   ; Off                                   ;
+--------------------------------------------------------------------+---------------------------------------+---------------------------------------+


+------------------------------------------+
; Parallel Compilation                     ;
+----------------------------+-------------+
; Processors                 ; Number      ;
+----------------------------+-------------+
; Number detected on machine ; 8           ;
; Maximum allowed            ; 4           ;
;                            ;             ;
; Average used               ; 1.09        ;
; Maximum used               ; 4           ;
;                            ;             ;
; Usage by Processor         ; % Time Used ;
;     Processor 1            ; 100.0%      ;
;     Processor 2            ;   2.9%      ;
;     Processors 3-4         ;   2.8%      ;
+----------------------------+-------------+


+--------------------------------------------------------------------------------------------------+
; Incremental Compilation Preservation Summary                                                     ;
+---------------------+--------------------+----------------------------+--------------------------+
; Type                ; Total [A + B]      ; From Design Partitions [A] ; From Rapid Recompile [B] ;
+---------------------+--------------------+----------------------------+--------------------------+
; Placement (by node) ;                    ;                            ;                          ;
;     -- Requested    ; 0.00 % ( 0 / 481 ) ; 0.00 % ( 0 / 481 )         ; 0.00 % ( 0 / 481 )       ;
;     -- Achieved     ; 0.00 % ( 0 / 481 ) ; 0.00 % ( 0 / 481 )         ; 0.00 % ( 0 / 481 )       ;
;                     ;                    ;                            ;                          ;
; Routing (by net)    ;                    ;                            ;                          ;
;     -- Requested    ; 0.00 % ( 0 / 0 )   ; 0.00 % ( 0 / 0 )           ; 0.00 % ( 0 / 0 )         ;
;     -- Achieved     ; 0.00 % ( 0 / 0 )   ; 0.00 % ( 0 / 0 )           ; 0.00 % ( 0 / 0 )         ;
+---------------------+--------------------+----------------------------+--------------------------+


+----------------------------------------------------------------------------------------------------------------------------------------------------------------------------------------+
; Incremental Compilation Partition Settings                                                                                                                                             ;
+--------------------------------+----------------+-------------------+-------------------------+------------------------+------------------------------+--------------------------------+
; Partition Name                 ; Partition Type ; Netlist Type Used ; Preservation Level Used ; Netlist Type Requested ; Preservation Level Requested ; Contents                       ;
+--------------------------------+----------------+-------------------+-------------------------+------------------------+------------------------------+--------------------------------+
; Top                            ; User-created   ; Source File       ; N/A                     ; Source File            ; N/A                          ;                                ;
; hard_block:auto_generated_inst ; Auto-generated ; Source File       ; N/A                     ; Source File            ; N/A                          ; hard_block:auto_generated_inst ;
+--------------------------------+----------------+-------------------+-------------------------+------------------------+------------------------------+--------------------------------+


+------------------------------------------------------------------------------------------------------------------------------------+
; Incremental Compilation Placement Preservation                                                                                     ;
+--------------------------------+-----------------------+-------------------------+-------------------+---------------------+-------+
; Partition Name                 ; Preservation Achieved ; Preservation Level Used ; Netlist Type Used ; Preservation Method ; Notes ;
+--------------------------------+-----------------------+-------------------------+-------------------+---------------------+-------+
; Top                            ; 0.00 % ( 0 / 465 )    ; N/A                     ; Source File       ; N/A                 ;       ;
; hard_block:auto_generated_inst ; 0.00 % ( 0 / 16 )     ; N/A                     ; Source File       ; N/A                 ;       ;
+--------------------------------+-----------------------+-------------------------+-------------------+---------------------+-------+


+--------------+
; Pin-Out File ;
+--------------+
The pin-out file can be found in D:/rep_ula/ULA - PBL 2/output_files/ULA.pin.


+--------------------------------------------------------------------+
; Fitter Resource Usage Summary                                      ;
+---------------------------------------------+----------------------+
; Resource                                    ; Usage                ;
+---------------------------------------------+----------------------+
; Total logic elements                        ; 324 / 2,304 ( 14 % ) ;
;     -- Combinational with no register       ; 278                  ;
;     -- Register only                        ; 26                   ;
;     -- Combinational with a register        ; 20                   ;
;                                             ;                      ;
; Logic element usage by number of LUT inputs ;                      ;
;     -- 4 input functions                    ; 214                  ;
;     -- 3 input functions                    ; 37                   ;
;     -- <=2 input functions                  ; 47                   ;
;     -- Register only                        ; 26                   ;
;                                             ;                      ;
; Logic elements by mode                      ;                      ;
;     -- normal mode                          ; 298                  ;
;     -- arithmetic mode                      ; 0                    ;
;                                             ;                      ;
; Total registers*                            ; 46 / 3,077 ( 1 % )   ;
;     -- Dedicated logic registers            ; 46 / 2,304 ( 2 % )   ;
;     -- I/O registers                        ; 0 / 773 ( 0 % )      ;
;                                             ;                      ;
; Total LABs:  partially or completely used   ; 32 / 144 ( 22 % )    ;
; Virtual pins                                ; 0                    ;
; I/O pins                                    ; 59 / 160 ( 37 % )    ;
;     -- Clock pins                           ; 2 / 4 ( 50 % )       ;
;     -- Dedicated input pins                 ; 1 / 1 ( 100 % )      ;
;                                             ;                      ;
; M9Ks                                        ; 0 / 12 ( 0 % )       ;
; UFM blocks                                  ; 0 / 1 ( 0 % )        ;
; Total block memory bits                     ; 0 / 110,592 ( 0 % )  ;
; Total block memory implementation bits      ; 0 / 110,592 ( 0 % )  ;
; Embedded Multiplier 9-bit elements          ; 0 / 32 ( 0 % )       ;
; PLLs                                        ; 0 / 2 ( 0 % )        ;
; Global signals                              ; 2                    ;
;     -- Global clocks                        ; 2 / 10 ( 20 % )      ;
; JTAGs                                       ; 0 / 1 ( 0 % )        ;
; CRC blocks                                  ; 0 / 1 ( 0 % )        ;
; Remote update blocks                        ; 0 / 1 ( 0 % )        ;
; Oscillator blocks                           ; 0 / 1 ( 0 % )        ;
; Average interconnect usage (total/H/V)      ; 1.3% / 1.4% / 1.3%   ;
; Peak interconnect usage (total/H/V)         ; 4.1% / 4.3% / 3.7%   ;
; Maximum fan-out                             ; 46                   ;
; Highest non-global fan-out                  ; 46                   ;
; Total fan-out                               ; 1287                 ;
; Average fan-out                             ; 2.54                 ;
+---------------------------------------------+----------------------+
*  Register count does not include registers inside RAM blocks or DSP blocks.



+----------------------------------------------------------------------------------------------------+
; Fitter Partition Statistics                                                                        ;
+---------------------------------------------+---------------------+--------------------------------+
; Statistic                                   ; Top                 ; hard_block:auto_generated_inst ;
+---------------------------------------------+---------------------+--------------------------------+
; Difficulty Clustering Region                ; Low                 ; Low                            ;
;                                             ;                     ;                                ;
; Total logic elements                        ; 324 / 2304 ( 14 % ) ; 0 / 2304 ( 0 % )               ;
;     -- Combinational with no register       ; 278                 ; 0                              ;
;     -- Register only                        ; 26                  ; 0                              ;
;     -- Combinational with a register        ; 20                  ; 0                              ;
;                                             ;                     ;                                ;
; Logic element usage by number of LUT inputs ;                     ;                                ;
;     -- 4 input functions                    ; 214                 ; 0                              ;
;     -- 3 input functions                    ; 37                  ; 0                              ;
;     -- <=2 input functions                  ; 47                  ; 0                              ;
;     -- Register only                        ; 26                  ; 0                              ;
;                                             ;                     ;                                ;
; Logic elements by mode                      ;                     ;                                ;
;     -- normal mode                          ; 298                 ; 0                              ;
;     -- arithmetic mode                      ; 0                   ; 0                              ;
;                                             ;                     ;                                ;
; Total registers                             ; 46                  ; 0                              ;
;     -- Dedicated logic registers            ; 46 / 2304 ( 2 % )   ; 0 / 2304 ( 0 % )               ;
;     -- I/O registers                        ; 0                   ; 0                              ;
;                                             ;                     ;                                ;
; Total LABs:  partially or completely used   ; 32 / 144 ( 22 % )   ; 0 / 144 ( 0 % )                ;
;                                             ;                     ;                                ;
; Virtual pins                                ; 0                   ; 0                              ;
; I/O pins                                    ; 59                  ; 0                              ;
; Embedded Multiplier 9-bit elements          ; 0 / 32 ( 0 % )      ; 0 / 32 ( 0 % )                 ;
; Total memory bits                           ; 0                   ; 0                              ;
; Total RAM block bits                        ; 0                   ; 0                              ;
; Clock control block                         ; 2 / 12 ( 16 % )     ; 0 / 12 ( 0 % )                 ;
; User Flash Memory                           ; 1 / 1 ( 100 % )     ; 0 / 1 ( 0 % )                  ;
;                                             ;                     ;                                ;
; Connections                                 ;                     ;                                ;
;     -- Input Connections                    ; 0                   ; 0                              ;
;     -- Registered Input Connections         ; 0                   ; 0                              ;
;     -- Output Connections                   ; 0                   ; 0                              ;
;     -- Registered Output Connections        ; 0                   ; 0                              ;
;                                             ;                     ;                                ;
; Internal Connections                        ;                     ;                                ;
;     -- Total Connections                    ; 1279                ; 8                              ;
;     -- Registered Connections               ; 825                 ; 0                              ;
;                                             ;                     ;                                ;
; External Connections                        ;                     ;                                ;
;     -- Top                                  ; 0                   ; 0                              ;
;     -- hard_block:auto_generated_inst       ; 0                   ; 0                              ;
;                                             ;                     ;                                ;
; Partition Interface                         ;                     ;                                ;
;     -- Input Ports                          ; 10                  ; 0                              ;
;     -- Output Ports                         ; 49                  ; 0                              ;
;     -- Bidir Ports                          ; 0                   ; 0                              ;
;                                             ;                     ;                                ;
; Registered Ports                            ;                     ;                                ;
;     -- Registered Input Ports               ; 0                   ; 0                              ;
;     -- Registered Output Ports              ; 0                   ; 0                              ;
;                                             ;                     ;                                ;
; Port Connectivity                           ;                     ;                                ;
;     -- Input Ports driven by GND            ; 0                   ; 0                              ;
;     -- Output Ports driven by GND           ; 0                   ; 0                              ;
;     -- Input Ports driven by VCC            ; 0                   ; 0                              ;
;     -- Output Ports driven by VCC           ; 0                   ; 0                              ;
;     -- Input Ports with no Source           ; 0                   ; 0                              ;
;     -- Output Ports with no Source          ; 0                   ; 0                              ;
;     -- Input Ports with no Fanout           ; 0                   ; 0                              ;
;     -- Output Ports with no Fanout          ; 0                   ; 0                              ;
+---------------------------------------------+---------------------+--------------------------------+


+---------------------------------------------------------------------------------------------------------------------------------------------------------------------------------------------------------------------------------------------------------------------------------------------+
; Input Pins                                                                                                                                                                                                                                                                                  ;
+------------+-------+----------+--------------+--------------+--------------+-----------------------+--------------------+--------+----------------+---------------+-----------------+----------+--------------+--------------+---------------------------+----------------------+-----------+
; Name       ; Pin # ; I/O Bank ; X coordinate ; Y coordinate ; Z coordinate ; Combinational Fan-Out ; Registered Fan-Out ; Global ; Input Register ; Power Up High ; PCI I/O Enabled ; Bus Hold ; Weak Pull Up ; I/O Standard ; Termination Control Block ; Location assigned by ; Slew Rate ;
+------------+-------+----------+--------------+--------------+--------------+-----------------------+--------------------+--------+----------------+---------------+-----------------+----------+--------------+--------------+---------------------------+----------------------+-----------+
; clk        ; P15   ; 5        ; 18           ; 2            ; 14           ; 1                     ; 0                  ; no     ; no             ; no            ; yes             ; no       ; Off          ; 2.5 V        ; --                        ; Fitter               ; 0         ;
; data_in[0] ; R15   ; 5        ; 18           ; 2            ; 21           ; 1                     ; 0                  ; no     ; no             ; no            ; yes             ; no       ; Off          ; 2.5 V        ; --                        ; Fitter               ; 0         ;
; data_in[1] ; R9    ; 3        ; 11           ; 0            ; 0            ; 1                     ; 0                  ; no     ; no             ; no            ; yes             ; no       ; Off          ; 2.5 V        ; --                        ; Fitter               ; 0         ;
; data_in[2] ; K2    ; 1B       ; 10           ; 11           ; 0            ; 1                     ; 0                  ; no     ; no             ; no            ; yes             ; no       ; Off          ; 2.5 V        ; --                        ; Fitter               ; 0         ;
; data_in[3] ; L2    ; 1B       ; 10           ; 10           ; 7            ; 1                     ; 0                  ; no     ; no             ; no            ; yes             ; no       ; Off          ; 2.5 V        ; --                        ; Fitter               ; 0         ;
; data_in[4] ; L18   ; 6        ; 18           ; 6            ; 0            ; 1                     ; 0                  ; no     ; no             ; no            ; yes             ; no       ; Off          ; 2.5 V        ; --                        ; Fitter               ; 0         ;
; data_in[5] ; L15   ; 5        ; 18           ; 4            ; 21           ; 1                     ; 0                  ; no     ; no             ; no            ; yes             ; no       ; Off          ; 2.5 V        ; --                        ; Fitter               ; 0         ;
; data_in[6] ; K4    ; 1B       ; 10           ; 10           ; 14           ; 1                     ; 0                  ; no     ; no             ; no            ; yes             ; no       ; Off          ; 2.5 V        ; --                        ; Fitter               ; 0         ;
; data_in[7] ; C10   ; 8        ; 16           ; 17           ; 14           ; 0                     ; 0                  ; no     ; no             ; no            ; yes             ; no       ; Off          ; 2.5 V        ; --                        ; Fitter               ; 0         ;
; switch_in  ; F18   ; 6        ; 18           ; 10           ; 7            ; 1                     ; 0                  ; no     ; no             ; no            ; yes             ; no       ; Off          ; 2.5 V        ; --                        ; Fitter               ; 0         ;
+------------+-------+----------+--------------+--------------+--------------+-----------------------+--------------------+--------+----------------+---------------+-----------------+----------+--------------+--------------+---------------------------+----------------------+-----------+


+----------------------------------------------------------------------------------------------------------------------------------------------------------------------------------------------------------------------------------------------------------------------------------------------------------------------------------------------------------------------------------------------------------------------------------------------------------+
; Output Pins                                                                                                                                                                                                                                                                                                                                                                                                                                              ;
+---------+-------+----------+--------------+--------------+--------------+-----------------+------------------------+---------------+-----------+-----------------+------------+---------------+----------+--------------+--------------+------------------+-----------------------------------+---------------------------+----------------------------+-----------------------------+----------------------+----------------------+---------------------+
; Name    ; Pin # ; I/O Bank ; X coordinate ; Y coordinate ; Z coordinate ; Output Register ; Output Enable Register ; Power Up High ; Slew Rate ; PCI I/O Enabled ; Open Drain ; TRI Primitive ; Bus Hold ; Weak Pull Up ; I/O Standard ; Current Strength ; Termination                       ; Termination Control Block ; Output Buffer Pre-emphasis ; Voltage Output Differential ; Location assigned by ; Output Enable Source ; Output Enable Group ;
+---------+-------+----------+--------------+--------------+--------------+-----------------+------------------------+---------------+-----------+-----------------+------------+---------------+----------+--------------+--------------+------------------+-----------------------------------+---------------------------+----------------------------+-----------------------------+----------------------+----------------------+---------------------+
; d1[0]   ; K15   ; 5        ; 18           ; 4            ; 14           ; no              ; no                     ; no            ; 2         ; no              ; no         ; no            ; no       ; Off          ; 2.5 V        ; Default          ; Series 50 Ohm without Calibration ; --                        ; no                         ; no                          ; Fitter               ; -                    ; -                   ;
; d1[1]   ; M17   ; 6        ; 18           ; 6            ; 7            ; no              ; no                     ; no            ; 2         ; no              ; no         ; no            ; no       ; Off          ; 2.5 V        ; Default          ; Series 50 Ohm without Calibration ; --                        ; no                         ; no                          ; Fitter               ; -                    ; -                   ;
; d1[2]   ; G16   ; 6        ; 18           ; 11           ; 7            ; no              ; no                     ; no            ; 2         ; no              ; no         ; no            ; no       ; Off          ; 2.5 V        ; Default          ; Series 50 Ohm without Calibration ; --                        ; no                         ; no                          ; Fitter               ; -                    ; -                   ;
; d1[3]   ; P16   ; 5        ; 18           ; 2            ; 7            ; no              ; no                     ; no            ; 2         ; no              ; no         ; no            ; no       ; Off          ; 2.5 V        ; Default          ; Series 50 Ohm without Calibration ; --                        ; no                         ; no                          ; Fitter               ; -                    ; -                   ;
; d1[4]   ; K11   ; 6        ; 18           ; 6            ; 14           ; no              ; no                     ; no            ; 2         ; no              ; no         ; no            ; no       ; Off          ; 2.5 V        ; Default          ; Series 50 Ohm without Calibration ; --                        ; no                         ; no                          ; Fitter               ; -                    ; -                   ;
; d1[5]   ; H11   ; 6        ; 18           ; 10           ; 21           ; no              ; no                     ; no            ; 2         ; no              ; no         ; no            ; no       ; Off          ; 2.5 V        ; Default          ; Series 50 Ohm without Calibration ; --                        ; no                         ; no                          ; Fitter               ; -                    ; -                   ;
; d1[6]   ; C8    ; 8        ; 6            ; 7            ; 7            ; no              ; no                     ; no            ; 2         ; no              ; no         ; no            ; no       ; Off          ; 2.5 V        ; Default          ; Series 50 Ohm without Calibration ; --                        ; no                         ; no                          ; Fitter               ; -                    ; -                   ;
; d1[7]   ; D5    ; 8        ; 1            ; 7            ; 14           ; no              ; no                     ; no            ; 2         ; no              ; no         ; no            ; no       ; Off          ; 2.5 V        ; Default          ; Series 50 Ohm without Calibration ; --                        ; no                         ; no                          ; Fitter               ; -                    ; -                   ;
; d2[0]   ; F16   ; 6        ; 18           ; 11           ; 0            ; no              ; no                     ; no            ; 2         ; no              ; no         ; no            ; no       ; Off          ; 2.5 V        ; Default          ; Series 50 Ohm without Calibration ; --                        ; no                         ; no                          ; Fitter               ; -                    ; -                   ;
; d2[1]   ; V6    ; 3        ; 9            ; 0            ; 14           ; no              ; no                     ; no            ; 2         ; no              ; no         ; no            ; no       ; Off          ; 2.5 V        ; Default          ; Series 50 Ohm without Calibration ; --                        ; no                         ; no                          ; Fitter               ; -                    ; -                   ;
; d2[2]   ; E18   ; 6        ; 18           ; 10           ; 0            ; no              ; no                     ; no            ; 2         ; no              ; no         ; no            ; no       ; Off          ; 2.5 V        ; Default          ; Series 50 Ohm without Calibration ; --                        ; no                         ; no                          ; Fitter               ; -                    ; -                   ;
; d2[3]   ; C7    ; 8        ; 6            ; 7            ; 14           ; no              ; no                     ; no            ; 2         ; no              ; no         ; no            ; no       ; Off          ; 2.5 V        ; Default          ; Series 50 Ohm without Calibration ; --                        ; no                         ; no                          ; Fitter               ; -                    ; -                   ;
; d2[4]   ; K7    ; 1B       ; 10           ; 11           ; 21           ; no              ; no                     ; no            ; 2         ; no              ; no         ; no            ; no       ; Off          ; 2.5 V        ; Default          ; Series 50 Ohm without Calibration ; --                        ; no                         ; no                          ; Fitter               ; -                    ; -                   ;
; d2[5]   ; K16   ; 5        ; 18           ; 4            ; 0            ; no              ; no                     ; no            ; 2         ; no              ; no         ; no            ; no       ; Off          ; 2.5 V        ; Default          ; Series 50 Ohm without Calibration ; --                        ; no                         ; no                          ; Fitter               ; -                    ; -                   ;
; d2[6]   ; K3    ; 1B       ; 10           ; 10           ; 21           ; no              ; no                     ; no            ; 2         ; no              ; no         ; no            ; no       ; Off          ; 2.5 V        ; Default          ; Series 50 Ohm without Calibration ; --                        ; no                         ; no                          ; Fitter               ; -                    ; -                   ;
; d2[7]   ; F2    ; 1A       ; 10           ; 15           ; 7            ; no              ; no                     ; no            ; 2         ; no              ; no         ; no            ; no       ; Off          ; 2.5 V        ; Default          ; Series 50 Ohm without Calibration ; --                        ; no                         ; no                          ; Fitter               ; -                    ; -                   ;
; d3[0]   ; U8    ; 3        ; 14           ; 0            ; 28           ; no              ; no                     ; no            ; 2         ; no              ; no         ; no            ; no       ; Off          ; 2.5 V        ; Default          ; Series 50 Ohm without Calibration ; --                        ; no                         ; no                          ; Fitter               ; -                    ; -                   ;
; d3[1]   ; L1    ; 1B       ; 10           ; 10           ; 0            ; no              ; no                     ; no            ; 2         ; no              ; no         ; no            ; no       ; Off          ; 2.5 V        ; Default          ; Series 50 Ohm without Calibration ; --                        ; no                         ; no                          ; Fitter               ; -                    ; -                   ;
; d3[2]   ; V7    ; 3        ; 11           ; 0            ; 14           ; no              ; no                     ; no            ; 2         ; no              ; no         ; no            ; no       ; Off          ; 2.5 V        ; Default          ; Series 50 Ohm without Calibration ; --                        ; no                         ; no                          ; Fitter               ; -                    ; -                   ;
; d3[3]   ; M8    ; 3        ; 14           ; 0            ; 0            ; no              ; no                     ; no            ; 2         ; no              ; no         ; no            ; no       ; Off          ; 2.5 V        ; Default          ; Series 50 Ohm without Calibration ; --                        ; no                         ; no                          ; Fitter               ; -                    ; -                   ;
; d3[4]   ; U9    ; 3        ; 14           ; 0            ; 7            ; no              ; no                     ; no            ; 2         ; no              ; no         ; no            ; no       ; Off          ; 2.5 V        ; Default          ; Series 50 Ohm without Calibration ; --                        ; no                         ; no                          ; Fitter               ; -                    ; -                   ;
; d3[5]   ; T17   ; 5        ; 18           ; 3            ; 7            ; no              ; no                     ; no            ; 2         ; no              ; no         ; no            ; no       ; Off          ; 2.5 V        ; Default          ; Series 50 Ohm without Calibration ; --                        ; no                         ; no                          ; Fitter               ; -                    ; -                   ;
; d3[6]   ; N8    ; 3        ; 9            ; 0            ; 0            ; no              ; no                     ; no            ; 2         ; no              ; no         ; no            ; no       ; Off          ; 2.5 V        ; Default          ; Series 50 Ohm without Calibration ; --                        ; no                         ; no                          ; Fitter               ; -                    ; -                   ;
; d3[7]   ; T6    ; 3        ; 9            ; 0            ; 28           ; no              ; no                     ; no            ; 2         ; no              ; no         ; no            ; no       ; Off          ; 2.5 V        ; Default          ; Series 50 Ohm without Calibration ; --                        ; no                         ; no                          ; Fitter               ; -                    ; -                   ;
; d4[0]   ; K12   ; 6        ; 18           ; 6            ; 21           ; no              ; no                     ; no            ; 2         ; no              ; no         ; no            ; no       ; Off          ; 2.5 V        ; Default          ; Series 50 Ohm without Calibration ; --                        ; no                         ; no                          ; Fitter               ; -                    ; -                   ;
; d4[1]   ; N18   ; 5        ; 18           ; 5            ; 7            ; no              ; no                     ; no            ; 2         ; no              ; no         ; no            ; no       ; Off          ; 2.5 V        ; Default          ; Series 50 Ohm without Calibration ; --                        ; no                         ; no                          ; Fitter               ; -                    ; -                   ;
; d4[2]   ; L16   ; 5        ; 18           ; 4            ; 7            ; no              ; no                     ; no            ; 2         ; no              ; no         ; no            ; no       ; Off          ; 2.5 V        ; Default          ; Series 50 Ohm without Calibration ; --                        ; no                         ; no                          ; Fitter               ; -                    ; -                   ;
; d4[3]   ; R17   ; 5        ; 18           ; 3            ; 0            ; no              ; no                     ; no            ; 2         ; no              ; no         ; no            ; no       ; Off          ; 2.5 V        ; Default          ; Series 50 Ohm without Calibration ; --                        ; no                         ; no                          ; Fitter               ; -                    ; -                   ;
; d4[4]   ; P18   ; 5        ; 18           ; 5            ; 14           ; no              ; no                     ; no            ; 2         ; no              ; no         ; no            ; no       ; Off          ; 2.5 V        ; Default          ; Series 50 Ohm without Calibration ; --                        ; no                         ; no                          ; Fitter               ; -                    ; -                   ;
; d4[5]   ; R18   ; 5        ; 18           ; 5            ; 21           ; no              ; no                     ; no            ; 2         ; no              ; no         ; no            ; no       ; Off          ; 2.5 V        ; Default          ; Series 50 Ohm without Calibration ; --                        ; no                         ; no                          ; Fitter               ; -                    ; -                   ;
; d4[6]   ; M18   ; 5        ; 18           ; 5            ; 0            ; no              ; no                     ; no            ; 2         ; no              ; no         ; no            ; no       ; Off          ; 2.5 V        ; Default          ; Series 50 Ohm without Calibration ; --                        ; no                         ; no                          ; Fitter               ; -                    ; -                   ;
; d4[7]   ; T10   ; 3        ; 16           ; 0            ; 0            ; no              ; no                     ; no            ; 2         ; no              ; no         ; no            ; no       ; Off          ; 2.5 V        ; Default          ; Series 50 Ohm without Calibration ; --                        ; no                         ; no                          ; Fitter               ; -                    ; -                   ;
; d5[0]   ; H12   ; 6        ; 18           ; 10           ; 14           ; no              ; no                     ; no            ; 2         ; no              ; no         ; no            ; no       ; Off          ; 2.5 V        ; Default          ; Series 50 Ohm without Calibration ; --                        ; no                         ; no                          ; Fitter               ; -                    ; -                   ;
; d5[1]   ; D16   ; 6        ; 18           ; 12           ; 14           ; no              ; no                     ; no            ; 2         ; no              ; no         ; no            ; no       ; Off          ; 2.5 V        ; Default          ; Series 50 Ohm without Calibration ; --                        ; no                         ; no                          ; Fitter               ; -                    ; -                   ;
; d5[2]   ; J1    ; 1B       ; 10           ; 12           ; 7            ; no              ; no                     ; no            ; 2         ; no              ; no         ; no            ; no       ; Off          ; 2.5 V        ; Default          ; Series 50 Ohm without Calibration ; --                        ; no                         ; no                          ; Fitter               ; -                    ; -                   ;
; d5[3]   ; H17   ; 6        ; 18           ; 9            ; 7            ; no              ; no                     ; no            ; 2         ; no              ; no         ; no            ; no       ; Off          ; 2.5 V        ; Default          ; Series 50 Ohm without Calibration ; --                        ; no                         ; no                          ; Fitter               ; -                    ; -                   ;
; d5[4]   ; L12   ; 5        ; 18           ; 3            ; 21           ; no              ; no                     ; no            ; 2         ; no              ; no         ; no            ; no       ; Off          ; 2.5 V        ; Default          ; Series 50 Ohm without Calibration ; --                        ; no                         ; no                          ; Fitter               ; -                    ; -                   ;
; d5[5]   ; G18   ; 6        ; 18           ; 9            ; 14           ; no              ; no                     ; no            ; 2         ; no              ; no         ; no            ; no       ; Off          ; 2.5 V        ; Default          ; Series 50 Ohm without Calibration ; --                        ; no                         ; no                          ; Fitter               ; -                    ; -                   ;
; d5[6]   ; J2    ; 1B       ; 10           ; 12           ; 0            ; no              ; no                     ; no            ; 2         ; no              ; no         ; no            ; no       ; Off          ; 2.5 V        ; Default          ; Series 50 Ohm without Calibration ; --                        ; no                         ; no                          ; Fitter               ; -                    ; -                   ;
; d5[7]   ; U7    ; 3        ; 11           ; 0            ; 21           ; no              ; no                     ; no            ; 2         ; no              ; no         ; no            ; no       ; Off          ; 2.5 V        ; Default          ; Series 50 Ohm without Calibration ; --                        ; no                         ; no                          ; Fitter               ; -                    ; -                   ;
; d6[0]   ; K18   ; 6        ; 18           ; 8            ; 7            ; no              ; no                     ; no            ; 2         ; no              ; no         ; no            ; no       ; Off          ; 2.5 V        ; Default          ; Series 50 Ohm without Calibration ; --                        ; no                         ; no                          ; Fitter               ; -                    ; -                   ;
; d6[1]   ; G17   ; 6        ; 18           ; 9            ; 0            ; no              ; no                     ; no            ; 2         ; no              ; no         ; no            ; no       ; Off          ; 2.5 V        ; Default          ; Series 50 Ohm without Calibration ; --                        ; no                         ; no                          ; Fitter               ; -                    ; -                   ;
; d6[2]   ; D18   ; 6        ; 18           ; 12           ; 7            ; no              ; no                     ; no            ; 2         ; no              ; no         ; no            ; no       ; Off          ; 2.5 V        ; Default          ; Series 50 Ohm without Calibration ; --                        ; no                         ; no                          ; Fitter               ; -                    ; -                   ;
; d6[3]   ; L17   ; 6        ; 18           ; 8            ; 21           ; no              ; no                     ; no            ; 2         ; no              ; no         ; no            ; no       ; Off          ; 2.5 V        ; Default          ; Series 50 Ohm without Calibration ; --                        ; no                         ; no                          ; Fitter               ; -                    ; -                   ;
; d6[4]   ; J18   ; 6        ; 18           ; 8            ; 0            ; no              ; no                     ; no            ; 2         ; no              ; no         ; no            ; no       ; Off          ; 2.5 V        ; Default          ; Series 50 Ohm without Calibration ; --                        ; no                         ; no                          ; Fitter               ; -                    ; -                   ;
; d6[5]   ; K17   ; 6        ; 18           ; 8            ; 14           ; no              ; no                     ; no            ; 2         ; no              ; no         ; no            ; no       ; Off          ; 2.5 V        ; Default          ; Series 50 Ohm without Calibration ; --                        ; no                         ; no                          ; Fitter               ; -                    ; -                   ;
; d6[6]   ; H18   ; 6        ; 18           ; 9            ; 21           ; no              ; no                     ; no            ; 2         ; no              ; no         ; no            ; no       ; Off          ; 2.5 V        ; Default          ; Series 50 Ohm without Calibration ; --                        ; no                         ; no                          ; Fitter               ; -                    ; -                   ;
; d6[7]   ; N4    ; 2        ; 0            ; 2            ; 14           ; no              ; no                     ; no            ; 2         ; no              ; no         ; no            ; no       ; Off          ; 2.5 V        ; Default          ; Series 50 Ohm without Calibration ; --                        ; no                         ; no                          ; Fitter               ; -                    ; -                   ;
; execute ; N7    ; 3        ; 9            ; 0            ; 7            ; no              ; no                     ; no            ; 2         ; no              ; no         ; no            ; no       ; Off          ; 2.5 V        ; Default          ; Series 50 Ohm without Calibration ; --                        ; no                         ; no                          ; Fitter               ; -                    ; -                   ;
+---------+-------+----------+--------------+--------------+--------------+-----------------+------------------------+---------------+-----------+-----------------+------------+---------------+----------+--------------+--------------+------------------+-----------------------------------+---------------------------+----------------------------+-----------------------------+----------------------+----------------------+---------------------+


+-----------------------------------------------------------------------------------------------------------------------------------------+
; Dual Purpose and Dedicated Pins                                                                                                         ;
+----------+----------------------------------------------------+--------------------------------+---------------------+------------------+
; Location ; Pin Name                                           ; Reserved As                    ; User Signal Name    ; Pin Type         ;
+----------+----------------------------------------------------+--------------------------------+---------------------+------------------+
; J7       ; DIFFIO_RX_L7n, DIFFOUT_L7n, TMS, Low_Speed         ; Reserved as secondary function ; ~ALTERA_TMS~        ; Dual Purpose Pin ;
; J8       ; DIFFIO_RX_L7p, DIFFOUT_L7p, TCK, Low_Speed         ; Reserved as secondary function ; ~ALTERA_TCK~        ; Dual Purpose Pin ;
; H3       ; DIFFIO_RX_L8n, DIFFOUT_L8n, TDI, Low_Speed         ; Reserved as secondary function ; ~ALTERA_TDI~        ; Dual Purpose Pin ;
; H4       ; DIFFIO_RX_L8p, DIFFOUT_L8p, TDO, Low_Speed         ; Reserved as secondary function ; ~ALTERA_TDO~        ; Dual Purpose Pin ;
; G9       ; CONFIG_SEL, Low_Speed                              ; Reserved as secondary function ; ~ALTERA_CONFIG_SEL~ ; Dual Purpose Pin ;
; H9       ; nCONFIG, Low_Speed                                 ; Reserved as secondary function ; ~ALTERA_nCONFIG~    ; Dual Purpose Pin ;
; G8       ; DIFFIO_RX_T11p, DIFFOUT_T11p, nSTATUS, Low_Speed   ; Reserved as secondary function ; ~ALTERA_nSTATUS~    ; Dual Purpose Pin ;
; H8       ; DIFFIO_RX_T11n, DIFFOUT_T11n, CONF_DONE, Low_Speed ; Reserved as secondary function ; ~ALTERA_CONF_DONE~  ; Dual Purpose Pin ;
+----------+----------------------------------------------------+--------------------------------+---------------------+------------------+


+------------------------------------------------------------+
; I/O Bank Usage                                             ;
+----------+------------------+---------------+--------------+
; I/O Bank ; Usage            ; VCCIO Voltage ; VREF Voltage ;
+----------+------------------+---------------+--------------+
; 1A       ; 1 / 8 ( 13 % )   ; 2.5V          ; --           ;
; 1B       ; 12 / 20 ( 60 % ) ; 2.5V          ; --           ;
; 2        ; 1 / 16 ( 6 % )   ; 2.5V          ; --           ;
; 3        ; 11 / 34 ( 32 % ) ; 2.5V          ; --           ;
; 5        ; 14 / 20 ( 70 % ) ; 2.5V          ; --           ;
; 6        ; 20 / 32 ( 63 % ) ; 2.5V          ; --           ;
; 8        ; 8 / 30 ( 27 % )  ; 2.5V          ; --           ;
+----------+------------------+---------------+--------------+


+---------------------------------------------------------------------------------------------------------------------------------------------------------------------------------------+
; All Package Pins                                                                                                                                                                      ;
+----------+------------+----------+------------------------------------------------+--------+-----------------------+---------+------------+-----------------+----------+--------------+
; Location ; Pad Number ; I/O Bank ; Pin Name/Usage                                 ; Dir.   ; I/O Standard          ; Voltage ; I/O Type   ; User Assignment ; Bus Hold ; Weak Pull Up ;
+----------+------------+----------+------------------------------------------------+--------+-----------------------+---------+------------+-----------------+----------+--------------+
; A1       ;            ;          ; GND                                            ; gnd    ;                       ;         ; --         ;                 ; --       ; --           ;
; A2       ; 159        ; 8        ; RESERVED_INPUT_WITH_WEAK_PULLUP                ;        ;                       ;         ; Column I/O ;                 ; no       ; On           ;
; A3       ; 155        ; 8        ; RESERVED_INPUT_WITH_WEAK_PULLUP                ;        ;                       ;         ; Column I/O ;                 ; no       ; On           ;
; A4       ; 151        ; 8        ; RESERVED_INPUT_WITH_WEAK_PULLUP                ;        ;                       ;         ; Column I/O ;                 ; no       ; On           ;
; A5       ; 145        ; 8        ; RESERVED_INPUT_WITH_WEAK_PULLUP                ;        ;                       ;         ; Column I/O ;                 ; no       ; On           ;
; A6       ; 143        ; 8        ; RESERVED_INPUT_WITH_WEAK_PULLUP                ;        ;                       ;         ; Column I/O ;                 ; no       ; On           ;
; A7       ;            ;          ; NC                                             ;        ;                       ;         ; --         ;                 ; --       ; --           ;
; A8       ; 133        ; 8        ; RESERVED_INPUT_WITH_WEAK_PULLUP                ;        ;                       ;         ; Column I/O ;                 ; no       ; On           ;
; A9       ; 131        ; 8        ; RESERVED_INPUT_WITH_WEAK_PULLUP                ;        ;                       ;         ; Column I/O ;                 ; no       ; On           ;
; A10      ;            ;          ; NC                                             ;        ;                       ;         ; --         ;                 ; --       ; --           ;
; A11      ;            ;          ; NC                                             ;        ;                       ;         ; --         ;                 ; --       ; --           ;
; A12      ;            ;          ; NC                                             ;        ;                       ;         ; --         ;                 ; --       ; --           ;
; A13      ;            ;          ; NC                                             ;        ;                       ;         ; --         ;                 ; --       ; --           ;
; A14      ;            ;          ; NC                                             ;        ;                       ;         ; --         ;                 ; --       ; --           ;
; A15      ;            ;          ; NC                                             ;        ;                       ;         ; --         ;                 ; --       ; --           ;
; A16      ;            ;          ; NC                                             ;        ;                       ;         ; --         ;                 ; --       ; --           ;
; A17      ;            ;          ; NC                                             ;        ;                       ;         ; --         ;                 ; --       ; --           ;
; A18      ;            ;          ; GND                                            ; gnd    ;                       ;         ; --         ;                 ; --       ; --           ;
; B1       ;            ;          ; NC                                             ;        ;                       ;         ; --         ;                 ; --       ; --           ;
; B2       ; 161        ; 8        ; RESERVED_INPUT_WITH_WEAK_PULLUP                ;        ;                       ;         ; Column I/O ;                 ; no       ; On           ;
; B3       ;            ;          ; NC                                             ;        ;                       ;         ; --         ;                 ; --       ; --           ;
; B4       ; 153        ; 8        ; RESERVED_INPUT_WITH_WEAK_PULLUP                ;        ;                       ;         ; Column I/O ;                 ; no       ; On           ;
; B5       ; 148        ; 8        ; RESERVED_INPUT_WITH_WEAK_PULLUP                ;        ;                       ;         ; Column I/O ;                 ; no       ; On           ;
; B6       ;            ;          ; GND                                            ; gnd    ;                       ;         ; --         ;                 ; --       ; --           ;
; B7       ; 141        ; 8        ; RESERVED_INPUT_WITH_WEAK_PULLUP                ;        ;                       ;         ; Column I/O ;                 ; --       ; --           ;
; B8       ; 136        ; 8        ; RESERVED_INPUT_WITH_WEAK_PULLUP                ;        ;                       ;         ; Column I/O ;                 ; no       ; On           ;
; B9       ; 134        ; 8        ; RESERVED_INPUT_WITH_WEAK_PULLUP                ;        ;                       ;         ; Column I/O ;                 ; no       ; On           ;
; B10      ;            ;          ; GND                                            ; gnd    ;                       ;         ; --         ;                 ; --       ; --           ;
; B11      ;            ;          ; NC                                             ;        ;                       ;         ; --         ;                 ; --       ; --           ;
; B12      ;            ;          ; NC                                             ;        ;                       ;         ; --         ;                 ; --       ; --           ;
; B13      ;            ;          ; NC                                             ;        ;                       ;         ; --         ;                 ; --       ; --           ;
; B14      ;            ;          ; NC                                             ;        ;                       ;         ; --         ;                 ; --       ; --           ;
; B15      ;            ;          ; GND                                            ; gnd    ;                       ;         ; --         ;                 ; --       ; --           ;
; B16      ;            ;          ; NC                                             ;        ;                       ;         ; --         ;                 ; --       ; --           ;
; B17      ;            ;          ; NC                                             ;        ;                       ;         ; --         ;                 ; --       ; --           ;
; B18      ; 125        ; 6        ; RESERVED_INPUT_WITH_WEAK_PULLUP                ;        ;                       ;         ; Row I/O    ;                 ; no       ; On           ;
; C1       ;            ;          ; NC                                             ;        ;                       ;         ; --         ;                 ; --       ; --           ;
; C2       ;            ;          ; NC                                             ;        ;                       ;         ; --         ;                 ; --       ; --           ;
; C3       ;            ;          ; NC                                             ;        ;                       ;         ; --         ;                 ; --       ; --           ;
; C4       ; 152        ; 8        ; RESERVED_INPUT_WITH_WEAK_PULLUP                ;        ;                       ;         ; Column I/O ;                 ; no       ; On           ;
; C5       ; 150        ; 8        ; RESERVED_INPUT_WITH_WEAK_PULLUP                ;        ;                       ;         ; Column I/O ;                 ; no       ; On           ;
; C6       ; 146        ; 8        ; RESERVED_INPUT_WITH_WEAK_PULLUP                ;        ;                       ;         ; Column I/O ;                 ; no       ; On           ;
; C7       ; 149        ; 8        ; d2[3]                                          ; output ; 2.5 V                 ;         ; Column I/O ; N               ; no       ; Off          ;
; C8       ; 147        ; 8        ; d1[6]                                          ; output ; 2.5 V                 ;         ; Column I/O ; N               ; no       ; Off          ;
; C9       ; 137        ; 8        ; RESERVED_INPUT_WITH_WEAK_PULLUP                ;        ;                       ;         ; Column I/O ;                 ; no       ; On           ;
; C10      ; 135        ; 8        ; data_in[7]                                     ; input  ; 2.5 V                 ;         ; Column I/O ; N               ; no       ; Off          ;
; C11      ;            ;          ; NC                                             ;        ;                       ;         ; --         ;                 ; --       ; --           ;
; C12      ;            ;          ; NC                                             ;        ;                       ;         ; --         ;                 ; --       ; --           ;
; C13      ;            ;          ; NC                                             ;        ;                       ;         ; --         ;                 ; --       ; --           ;
; C14      ;            ;          ; NC                                             ;        ;                       ;         ; --         ;                 ; --       ; --           ;
; C15      ;            ;          ; NC                                             ;        ;                       ;         ; --         ;                 ; --       ; --           ;
; C16      ;            ;          ; NC                                             ;        ;                       ;         ; --         ;                 ; --       ; --           ;
; C17      ; 129        ; 6        ; RESERVED_INPUT_WITH_WEAK_PULLUP                ;        ;                       ;         ; Row I/O    ;                 ; no       ; On           ;
; C18      ; 123        ; 6        ; RESERVED_INPUT_WITH_WEAK_PULLUP                ;        ;                       ;         ; Row I/O    ;                 ; no       ; On           ;
; D1       ;            ;          ; NC                                             ;        ;                       ;         ; --         ;                 ; --       ; --           ;
; D2       ;            ;          ; NC                                             ;        ;                       ;         ; --         ;                 ; --       ; --           ;
; D3       ;            ;          ; GND                                            ; gnd    ;                       ;         ; --         ;                 ; --       ; --           ;
; D4       ; 0          ; 1A       ; RESERVED_INPUT_WITH_WEAK_PULLUP                ;        ;                       ;         ; Row I/O    ;                 ; no       ; On           ;
; D5       ; 160        ; 8        ; d1[7]                                          ; output ; 2.5 V                 ;         ; Column I/O ; N               ; no       ; Off          ;
; D6       ; 158        ; 8        ; RESERVED_INPUT_WITH_WEAK_PULLUP                ;        ;                       ;         ; Column I/O ;                 ; no       ; On           ;
; D7       ; 140        ; 8        ; RESERVED_INPUT_WITH_WEAK_PULLUP                ;        ;                       ;         ; Column I/O ;                 ; no       ; On           ;
; D8       ; 138        ; 8        ; RESERVED_INPUT_WITH_WEAK_PULLUP                ;        ;                       ;         ; Column I/O ;                 ; no       ; On           ;
; D9       ;            ;          ; NC                                             ;        ;                       ;         ; --         ;                 ; --       ; --           ;
; D10      ;            ;          ; NC                                             ;        ;                       ;         ; --         ;                 ; --       ; --           ;
; D11      ;            ;          ; NC                                             ;        ;                       ;         ; --         ;                 ; --       ; --           ;
; D12      ;            ;          ; NC                                             ;        ;                       ;         ; --         ;                 ; --       ; --           ;
; D13      ;            ;          ; NC                                             ;        ;                       ;         ; --         ;                 ; --       ; --           ;
; D14      ;            ;          ; NC                                             ;        ;                       ;         ; --         ;                 ; --       ; --           ;
; D15      ; 128        ; 6        ; RESERVED_INPUT_WITH_WEAK_PULLUP                ;        ;                       ;         ; Row I/O    ;                 ; no       ; On           ;
; D16      ; 120        ; 6        ; d5[1]                                          ; output ; 2.5 V                 ;         ; Row I/O    ; N               ; no       ; Off          ;
; D17      ; 127        ; 6        ; RESERVED_INPUT_WITH_WEAK_PULLUP                ;        ;                       ;         ; Row I/O    ;                 ; no       ; On           ;
; D18      ; 119        ; 6        ; d6[2]                                          ; output ; 2.5 V                 ;         ; Row I/O    ; N               ; no       ; Off          ;
; E1       ;            ;          ; NC                                             ;        ;                       ;         ; --         ;                 ; --       ; --           ;
; E2       ;            ;          ; NC                                             ;        ;                       ;         ; --         ;                 ; --       ; --           ;
; E3       ;            ;          ; NC                                             ;        ;                       ;         ; --         ;                 ; --       ; --           ;
; E4       ; 2          ; 1A       ; RESERVED_INPUT_WITH_WEAK_PULLUP                ;        ;                       ;         ; Row I/O    ;                 ; no       ; On           ;
; E5       ; 3          ; 1A       ; RESERVED_INPUT_WITH_WEAK_PULLUP                ;        ;                       ;         ; Row I/O    ;                 ; no       ; On           ;
; E6       ;            ;          ; GND                                            ; gnd    ;                       ;         ; --         ;                 ; --       ; --           ;
; E7       ;            ; 8        ; VCCIO8                                         ; power  ;                       ; 2.5V    ; --         ;                 ; --       ; --           ;
; E8       ;            ; 8        ; VCCIO8                                         ; power  ;                       ; 2.5V    ; --         ;                 ; --       ; --           ;
; E9       ;            ; 8        ; VCCIO8                                         ; power  ;                       ; 2.5V    ; --         ;                 ; --       ; --           ;
; E10      ;            ;          ; GND                                            ; gnd    ;                       ;         ; --         ;                 ; --       ; --           ;
; E11      ;            ;          ; NC                                             ;        ;                       ;         ; --         ;                 ; --       ; --           ;
; E12      ;            ;          ; NC                                             ;        ;                       ;         ; --         ;                 ; --       ; --           ;
; E13      ;            ;          ; GND                                            ; gnd    ;                       ;         ; --         ;                 ; --       ; --           ;
; E14      ;            ;          ; NC                                             ;        ;                       ;         ; --         ;                 ; --       ; --           ;
; E15      ; 126        ; 6        ; RESERVED_INPUT_WITH_WEAK_PULLUP                ;        ;                       ;         ; Row I/O    ;                 ; no       ; On           ;
; E16      ; 118        ; 6        ; RESERVED_INPUT_WITH_WEAK_PULLUP                ;        ;                       ;         ; Row I/O    ;                 ; no       ; On           ;
; E17      ; 121        ; 6        ; RESERVED_INPUT_WITH_WEAK_PULLUP                ;        ;                       ;         ; Row I/O    ;                 ; no       ; On           ;
; E18      ; 113        ; 6        ; d2[2]                                          ; output ; 2.5 V                 ;         ; Row I/O    ; N               ; no       ; Off          ;
; F1       ;            ;          ; NC                                             ;        ;                       ;         ; --         ;                 ; --       ; --           ;
; F2       ; 7          ; 1A       ; d2[7]                                          ; output ; 2.5 V                 ;         ; Row I/O    ; N               ; no       ; Off          ;
; F3       ;            ;          ; NC                                             ;        ;                       ;         ; --         ;                 ; --       ; --           ;
; F4       ;            ;          ; NC                                             ;        ;                       ;         ; --         ;                 ; --       ; --           ;
; F5       ; 1          ; 1A       ; RESERVED_INPUT_WITH_WEAK_PULLUP                ;        ;                       ;         ; Row I/O    ;                 ; no       ; On           ;
; F6       ;            ; --       ; VCCA3                                          ; power  ;                       ; 2.5V    ; --         ;                 ; --       ; --           ;
; F7       ;            ;          ; NC                                             ;        ;                       ;         ; --         ;                 ; --       ; --           ;
; F8       ;            ;          ; GND                                            ; gnd    ;                       ;         ; --         ;                 ; --       ; --           ;
; F9       ;            ; 8        ; VCCIO8                                         ; power  ;                       ; 2.5V    ; --         ;                 ; --       ; --           ;
; F10      ; 130        ; 8        ; RESERVED_INPUT_WITH_WEAK_PULLUP                ;        ;                       ;         ; Column I/O ;                 ; no       ; On           ;
; F11      ;            ;          ; NC                                             ;        ;                       ;         ; --         ;                 ; --       ; --           ;
; F12      ;            ;          ; NC                                             ;        ;                       ;         ; --         ;                 ; --       ; --           ;
; F13      ;            ;          ; VCCD_PLL2                                      ; power  ;                       ; 1.2V    ; --         ;                 ; --       ; --           ;
; F14      ;            ; --       ; VCCA2                                          ; power  ;                       ; 2.5V    ; --         ;                 ; --       ; --           ;
; F15      ; 114        ; 6        ; RESERVED_INPUT_WITH_WEAK_PULLUP                ;        ;                       ;         ; Row I/O    ;                 ; no       ; On           ;
; F16      ; 117        ; 6        ; d2[0]                                          ; output ; 2.5 V                 ;         ; Row I/O    ; N               ; no       ; Off          ;
; F17      ;            ;          ; GND                                            ; gnd    ;                       ;         ; --         ;                 ; --       ; --           ;
; F18      ; 111        ; 6        ; switch_in                                      ; input  ; 2.5 V                 ;         ; Row I/O    ; N               ; no       ; Off          ;
; G1       ;            ;          ; NC                                             ;        ;                       ;         ; --         ;                 ; --       ; --           ;
; G2       ;            ;          ; GND                                            ; gnd    ;                       ;         ; --         ;                 ; --       ; --           ;
; G3       ; 5          ; 1A       ; RESERVED_INPUT_WITH_WEAK_PULLUP                ;        ;                       ;         ; Row I/O    ;                 ; no       ; On           ;
; G4       ;            ;          ; GND                                            ; gnd    ;                       ;         ; --         ;                 ; --       ; --           ;
; G5       ;            ; 1A, 1B   ; VCCIO1                                         ; power  ;                       ; 2.5V    ; --         ;                 ; --       ; --           ;
; G6       ; 4          ; 1A       ; RESERVED_INPUT_WITH_WEAK_PULLUP                ;        ;                       ;         ; Row I/O    ;                 ; no       ; On           ;
; G7       ; 8          ; 1B       ; RESERVED_INPUT_WITH_WEAK_PULLUP                ;        ;                       ;         ; Row I/O    ;                 ; no       ; On           ;
; G8       ; 154        ; 8        ; ~ALTERA_nSTATUS~ / RESERVED_INPUT              ; input  ; 2.5 V Schmitt Trigger ;         ; Column I/O ; N               ; no       ; Off          ;
; G9       ; 142        ; 8        ; ~ALTERA_CONFIG_SEL~ / RESERVED_INPUT           ; input  ; 2.5 V                 ;         ; Column I/O ; N               ; no       ; Off          ;
; G10      ; 132        ; 8        ; RESERVED_INPUT_WITH_WEAK_PULLUP                ;        ;                       ;         ; Column I/O ;                 ; no       ; On           ;
; G11      ; 122        ; 6        ; RESERVED_INPUT_WITH_WEAK_PULLUP                ;        ;                       ;         ; Row I/O    ;                 ; no       ; On           ;
; G12      ; 124        ; 6        ; RESERVED_INPUT_WITH_WEAK_PULLUP                ;        ;                       ;         ; Row I/O    ;                 ; no       ; On           ;
; G13      ;            ; 6        ; VCCIO6                                         ; power  ;                       ; 2.5V    ; --         ;                 ; --       ; --           ;
; G14      ;            ; 6        ; VCCIO6                                         ; power  ;                       ; 2.5V    ; --         ;                 ; --       ; --           ;
; G15      ; 116        ; 6        ; RESERVED_INPUT_WITH_WEAK_PULLUP                ;        ;                       ;         ; Row I/O    ;                 ; no       ; On           ;
; G16      ; 115        ; 6        ; d1[2]                                          ; output ; 2.5 V                 ;         ; Row I/O    ; N               ; no       ; Off          ;
; G17      ; 109        ; 6        ; d6[1]                                          ; output ; 2.5 V                 ;         ; Row I/O    ; N               ; no       ; Off          ;
; G18      ; 108        ; 6        ; d5[5]                                          ; output ; 2.5 V                 ;         ; Row I/O    ; N               ; no       ; Off          ;
; H1       ; 11         ; 1B       ; RESERVED_INPUT_WITH_WEAK_PULLUP                ;        ;                       ;         ; Row I/O    ;                 ; no       ; On           ;
; H2       ; 9          ; 1B       ; RESERVED_INPUT_WITH_WEAK_PULLUP                ;        ;                       ;         ; Row I/O    ;                 ; no       ; On           ;
; H3       ; 16         ; 1B       ; ~ALTERA_TDI~ / RESERVED_INPUT_WITH_WEAK_PULLUP ; input  ; 2.5 V Schmitt Trigger ;         ; Row I/O    ; N               ; no       ; On           ;
; H4       ; 18         ; 1B       ; ~ALTERA_TDO~                                   ; output ; 2.5 V                 ;         ; Row I/O    ; N               ; no       ; Off          ;
; H5       ;            ; 1A, 1B   ; VCCIO1                                         ; power  ;                       ; 2.5V    ; --         ;                 ; --       ; --           ;
; H6       ; 6          ; 1A       ; RESERVED_INPUT_WITH_WEAK_PULLUP                ;        ;                       ;         ; Row I/O    ;                 ; no       ; On           ;
; H7       ; 10         ; 1B       ; RESERVED_INPUT_WITH_WEAK_PULLUP                ;        ;                       ;         ; Row I/O    ;                 ; no       ; On           ;
; H8       ; 156        ; 8        ; ~ALTERA_CONF_DONE~ / RESERVED_INPUT            ; input  ; 2.5 V Schmitt Trigger ;         ; Column I/O ; N               ; no       ; Off          ;
; H9       ; 144        ; 8        ; ~ALTERA_nCONFIG~ / RESERVED_INPUT              ; input  ; 2.5 V Schmitt Trigger ;         ; Column I/O ; N               ; no       ; Off          ;
; H10      ;            ; --       ; VCC                                            ; power  ;                       ; 1.2V    ; --         ;                 ; --       ; --           ;
; H11      ; 110        ; 6        ; d1[5]                                          ; output ; 2.5 V                 ;         ; Row I/O    ; N               ; no       ; Off          ;
; H12      ; 112        ; 6        ; d5[0]                                          ; output ; 2.5 V                 ;         ; Row I/O    ; N               ; no       ; Off          ;
; H13      ;            ; 6        ; VCCIO6                                         ; power  ;                       ; 2.5V    ; --         ;                 ; --       ; --           ;
; H14      ;            ;          ; GND                                            ; gnd    ;                       ;         ; --         ;                 ; --       ; --           ;
; H15      ;            ;          ; NC                                             ;        ;                       ;         ; --         ;                 ; --       ; --           ;
; H16      ;            ;          ; NC                                             ;        ;                       ;         ; --         ;                 ; --       ; --           ;
; H17      ; 107        ; 6        ; d5[3]                                          ; output ; 2.5 V                 ;         ; Row I/O    ; N               ; no       ; Off          ;
; H18      ; 106        ; 6        ; d6[6]                                          ; output ; 2.5 V                 ;         ; Row I/O    ; N               ; no       ; Off          ;
; J1       ; 19         ; 1B       ; d5[2]                                          ; output ; 2.5 V                 ;         ; Row I/O    ; N               ; no       ; Off          ;
; J2       ; 17         ; 1B       ; d5[6]                                          ; output ; 2.5 V                 ;         ; Row I/O    ; N               ; no       ; Off          ;
; J3       ; 13         ; 1B       ; RESERVED_INPUT_WITH_WEAK_PULLUP                ;        ;                       ;         ; Row I/O    ;                 ; --       ; --           ;
; J4       ; 15         ; 1B       ; RESERVED_INPUT_WITH_WEAK_PULLUP                ;        ;                       ;         ; Row I/O    ;                 ; no       ; On           ;
; J5       ;            ; 1A, 1B   ; VCCIO1                                         ; power  ;                       ; 2.5V    ; --         ;                 ; --       ; --           ;
; J6       ; 20         ; 1B       ; RESERVED_INPUT_WITH_WEAK_PULLUP                ;        ;                       ;         ; Row I/O    ;                 ; no       ; On           ;
; J7       ; 12         ; 1B       ; ~ALTERA_TMS~ / RESERVED_INPUT_WITH_WEAK_PULLUP ; input  ; 2.5 V Schmitt Trigger ;         ; Row I/O    ; N               ; no       ; On           ;
; J8       ; 14         ; 1B       ; ~ALTERA_TCK~ / RESERVED_INPUT                  ; input  ; 2.5 V Schmitt Trigger ;         ; Row I/O    ; N               ; no       ; Off          ;
; J9       ;            ; --       ; VCC                                            ; power  ;                       ; 1.2V    ; --         ;                 ; --       ; --           ;
; J10      ;            ;          ; GND                                            ; gnd    ;                       ;         ; --         ;                 ; --       ; --           ;
; J11      ;            ;          ; NC                                             ;        ;                       ;         ; --         ;                 ; --       ; --           ;
; J12      ;            ;          ; NC                                             ;        ;                       ;         ; --         ;                 ; --       ; --           ;
; J13      ;            ; 6        ; VCCIO6                                         ; power  ;                       ; 2.5V    ; --         ;                 ; --       ; --           ;
; J14      ;            ; 6        ; VCCIO6                                         ; power  ;                       ; 2.5V    ; --         ;                 ; --       ; --           ;
; J15      ;            ;          ; NC                                             ;        ;                       ;         ; --         ;                 ; --       ; --           ;
; J16      ;            ;          ; NC                                             ;        ;                       ;         ; --         ;                 ; --       ; --           ;
; J17      ;            ;          ; GND                                            ; gnd    ;                       ;         ; --         ;                 ; --       ; --           ;
; J18      ; 105        ; 6        ; d6[4]                                          ; output ; 2.5 V                 ;         ; Row I/O    ; N               ; no       ; Off          ;
; K1       ; 23         ; 1B       ; RESERVED_INPUT_WITH_WEAK_PULLUP                ;        ;                       ;         ; Row I/O    ;                 ; no       ; On           ;
; K2       ; 21         ; 1B       ; data_in[2]                                     ; input  ; 2.5 V                 ;         ; Row I/O    ; N               ; no       ; Off          ;
; K3       ; 26         ; 1B       ; d2[6]                                          ; output ; 2.5 V                 ;         ; Row I/O    ; N               ; no       ; Off          ;
; K4       ; 24         ; 1B       ; data_in[6]                                     ; input  ; 2.5 V                 ;         ; Row I/O    ; N               ; no       ; Off          ;
; K5       ;            ; 1A, 1B   ; VCCIO1                                         ; power  ;                       ; 2.5V    ; --         ;                 ; --       ; --           ;
; K6       ;            ;          ; GND                                            ; gnd    ;                       ;         ; --         ;                 ; --       ; --           ;
; K7       ; 22         ; 1B       ; d2[4]                                          ; output ; 2.5 V                 ;         ; Row I/O    ; N               ; no       ; Off          ;
; K8       ; 32         ; 2        ; RESERVED_INPUT_WITH_WEAK_PULLUP                ;        ;                       ;         ; Row I/O    ;                 ; no       ; On           ;
; K9       ;            ;          ; GND                                            ; gnd    ;                       ;         ; --         ;                 ; --       ; --           ;
; K10      ;            ; --       ; VCC                                            ; power  ;                       ; 1.2V    ; --         ;                 ; --       ; --           ;
; K11      ; 100        ; 6        ; d1[4]                                          ; output ; 2.5 V                 ;         ; Row I/O    ; N               ; no       ; Off          ;
; K12      ; 98         ; 6        ; d4[0]                                          ; output ; 2.5 V                 ;         ; Row I/O    ; N               ; no       ; Off          ;
; K13      ;            ;          ; GND                                            ; gnd    ;                       ;         ; --         ;                 ; --       ; --           ;
; K14      ;            ; 5        ; VCCIO5                                         ; power  ;                       ; 2.5V    ; --         ;                 ; --       ; --           ;
; K15      ; 92         ; 5        ; d1[0]                                          ; output ; 2.5 V                 ;         ; Row I/O    ; N               ; no       ; Off          ;
; K16      ; 93         ; 5        ; d2[5]                                          ; output ; 2.5 V                 ;         ; Row I/O    ; N               ; no       ; Off          ;
; K17      ; 104        ; 6        ; d6[5]                                          ; output ; 2.5 V                 ;         ; Row I/O    ; N               ; no       ; Off          ;
; K18      ; 103        ; 6        ; d6[0]                                          ; output ; 2.5 V                 ;         ; Row I/O    ; N               ; no       ; Off          ;
; L1       ; 25         ; 1B       ; d3[1]                                          ; output ; 2.5 V                 ;         ; Row I/O    ; N               ; no       ; Off          ;
; L2       ; 27         ; 1B       ; data_in[3]                                     ; input  ; 2.5 V                 ;         ; Row I/O    ; N               ; no       ; Off          ;
; L3       ; 28         ; 2        ; RESERVED_INPUT_WITH_WEAK_PULLUP                ;        ;                       ;         ; Row I/O    ;                 ; no       ; On           ;
; L4       ;            ;          ; GND                                            ; gnd    ;                       ;         ; --         ;                 ; --       ; --           ;
; L5       ;            ; 2        ; VCCIO2                                         ; power  ;                       ; 2.5V    ; --         ;                 ; --       ; --           ;
; L6       ;            ; 2        ; VCCIO2                                         ; power  ;                       ; 2.5V    ; --         ;                 ; --       ; --           ;
; L7       ;            ;          ; NC                                             ;        ;                       ;         ; --         ;                 ; --       ; --           ;
; L8       ; 34         ; 2        ; RESERVED_INPUT_WITH_WEAK_PULLUP                ;        ;                       ;         ; Row I/O    ;                 ; no       ; On           ;
; L9       ;            ; --       ; VCC                                            ; power  ;                       ; 1.2V    ; --         ;                 ; --       ; --           ;
; L10      ;            ;          ; NC                                             ;        ;                       ;         ; --         ;                 ; --       ; --           ;
; L11      ; 88         ; 5        ; RESERVED_INPUT_WITH_WEAK_PULLUP                ;        ;                       ;         ; Row I/O    ;                 ; no       ; On           ;
; L12      ; 86         ; 5        ; d5[4]                                          ; output ; 2.5 V                 ;         ; Row I/O    ; N               ; no       ; Off          ;
; L13      ;            ; 5        ; VCCIO5                                         ; power  ;                       ; 2.5V    ; --         ;                 ; --       ; --           ;
; L14      ;            ; 5        ; VCCIO5                                         ; power  ;                       ; 2.5V    ; --         ;                 ; --       ; --           ;
; L15      ; 90         ; 5        ; data_in[5]                                     ; input  ; 2.5 V                 ;         ; Row I/O    ; N               ; no       ; Off          ;
; L16      ; 91         ; 5        ; d4[2]                                          ; output ; 2.5 V                 ;         ; Row I/O    ; N               ; no       ; Off          ;
; L17      ; 102        ; 6        ; d6[3]                                          ; output ; 2.5 V                 ;         ; Row I/O    ; N               ; no       ; Off          ;
; L18      ; 101        ; 6        ; data_in[4]                                     ; input  ; 2.5 V                 ;         ; Row I/O    ; N               ; no       ; Off          ;
; M1       ; 29         ; 2        ; RESERVED_INPUT_WITH_WEAK_PULLUP                ;        ;                       ;         ; Row I/O    ;                 ; no       ; On           ;
; M2       ; 31         ; 2        ; RESERVED_INPUT_WITH_WEAK_PULLUP                ;        ;                       ;         ; Row I/O    ;                 ; no       ; On           ;
; M3       ; 30         ; 2        ; RESERVED_INPUT_WITH_WEAK_PULLUP                ;        ;                       ;         ; Row I/O    ;                 ; no       ; On           ;
; M4       ; 36         ; 2        ; RESERVED_INPUT_WITH_WEAK_PULLUP                ;        ;                       ;         ; Row I/O    ;                 ; no       ; On           ;
; M5       ;            ; 2        ; VCCIO2                                         ; power  ;                       ; 2.5V    ; --         ;                 ; --       ; --           ;
; M6       ;            ; --       ; VCCA1                                          ; power  ;                       ; 2.5V    ; --         ;                 ; --       ; --           ;
; M7       ;            ;          ; NC                                             ;        ;                       ;         ; --         ;                 ; --       ; --           ;
; M8       ; 72         ; 3        ; d3[3]                                          ; output ; 2.5 V                 ;         ; Column I/O ; N               ; no       ; Off          ;
; M9       ; 73         ; 3        ; RESERVED_INPUT_WITH_WEAK_PULLUP                ;        ;                       ;         ; Column I/O ;                 ; no       ; On           ;
; M10      ;            ;          ; NC                                             ;        ;                       ;         ; --         ;                 ; --       ; --           ;
; M11      ;            ;          ; NC                                             ;        ;                       ;         ; --         ;                 ; --       ; --           ;
; M12      ;            ;          ; NC                                             ;        ;                       ;         ; --         ;                 ; --       ; --           ;
; M13      ;            ; 5        ; VCCIO5                                         ; power  ;                       ; 2.5V    ; --         ;                 ; --       ; --           ;
; M14      ;            ;          ; GND                                            ; gnd    ;                       ;         ; --         ;                 ; --       ; --           ;
; M15      ;            ;          ; NC                                             ;        ;                       ;         ; --         ;                 ; --       ; --           ;
; M16      ;            ;          ; NC                                             ;        ;                       ;         ; --         ;                 ; --       ; --           ;
; M17      ; 99         ; 6        ; d1[1]                                          ; output ; 2.5 V                 ;         ; Row I/O    ; N               ; no       ; Off          ;
; M18      ; 97         ; 5        ; d4[6]                                          ; output ; 2.5 V                 ;         ; Row I/O    ; N               ; no       ; Off          ;
; N1       ; 33         ; 2        ; RESERVED_INPUT_WITH_WEAK_PULLUP                ;        ;                       ;         ; Row I/O    ;                 ; no       ; On           ;
; N2       ;            ;          ; GND                                            ; gnd    ;                       ;         ; --         ;                 ; --       ; --           ;
; N3       ; 38         ; 2        ; RESERVED_INPUT_WITH_WEAK_PULLUP                ;        ;                       ;         ; Row I/O    ;                 ; no       ; On           ;
; N4       ; 40         ; 2        ; d6[7]                                          ; output ; 2.5 V                 ;         ; Row I/O    ; N               ; no       ; Off          ;
; N5       ;            ;          ; GND                                            ; gnd    ;                       ;         ; --         ;                 ; --       ; --           ;
; N6       ;            ;          ; VCCD_PLL1                                      ; power  ;                       ; 1.2V    ; --         ;                 ; --       ; --           ;
; N7       ; 60         ; 3        ; execute                                        ; output ; 2.5 V                 ;         ; Column I/O ; N               ; no       ; Off          ;
; N8       ; 62         ; 3        ; d3[6]                                          ; output ; 2.5 V                 ;         ; Column I/O ; N               ; no       ; Off          ;
; N9       ;            ; 3        ; VCCIO3                                         ; power  ;                       ; 2.5V    ; --         ;                 ; --       ; --           ;
; N10      ;            ;          ; GND                                            ; gnd    ;                       ;         ; --         ;                 ; --       ; --           ;
; N11      ;            ;          ; NC                                             ;        ;                       ;         ; --         ;                 ; --       ; --           ;
; N12      ;            ;          ; GND                                            ; gnd    ;                       ;         ; --         ;                 ; --       ; --           ;
; N13      ;            ;          ; NC                                             ;        ;                       ;         ; --         ;                 ; --       ; --           ;
; N14      ; 78         ; 5        ; RESERVED_INPUT_WITH_WEAK_PULLUP                ;        ;                       ;         ; Row I/O    ;                 ; no       ; On           ;
; N15      ;            ;          ; NC                                             ;        ;                       ;         ; --         ;                 ; --       ; --           ;
; N16      ;            ;          ; NC                                             ;        ;                       ;         ; --         ;                 ; --       ; --           ;
; N17      ;            ;          ; GND                                            ; gnd    ;                       ;         ; --         ;                 ; --       ; --           ;
; N18      ; 95         ; 5        ; d4[1]                                          ; output ; 2.5 V                 ;         ; Row I/O    ; N               ; no       ; Off          ;
; P1       ; 35         ; 2        ; RESERVED_INPUT_WITH_WEAK_PULLUP                ;        ;                       ;         ; Row I/O    ;                 ; no       ; On           ;
; P2       ;            ;          ; NC                                             ;        ;                       ;         ; --         ;                 ; --       ; --           ;
; P3       ;            ;          ; NC                                             ;        ;                       ;         ; --         ;                 ; --       ; --           ;
; P4       ; 42         ; 2        ; RESERVED_INPUT_WITH_WEAK_PULLUP                ;        ;                       ;         ; Row I/O    ;                 ; no       ; On           ;
; P5       ; 50         ; 3        ; RESERVED_INPUT_WITH_WEAK_PULLUP                ;        ;                       ;         ; Column I/O ;                 ; no       ; On           ;
; P6       ; 48         ; 3        ; RESERVED_INPUT_WITH_WEAK_PULLUP                ;        ;                       ;         ; Column I/O ;                 ; no       ; On           ;
; P7       ;            ; 3        ; VCCIO3                                         ; power  ;                       ; 2.5V    ; --         ;                 ; --       ; --           ;
; P8       ;            ; 3        ; VCCIO3                                         ; power  ;                       ; 2.5V    ; --         ;                 ; --       ; --           ;
; P9       ;            ; 3        ; VCCIO3                                         ; power  ;                       ; 2.5V    ; --         ;                 ; --       ; --           ;
; P10      ;            ;          ; NC                                             ;        ;                       ;         ; --         ;                 ; --       ; --           ;
; P11      ;            ;          ; NC                                             ;        ;                       ;         ; --         ;                 ; --       ; --           ;
; P12      ;            ;          ; NC                                             ;        ;                       ;         ; --         ;                 ; --       ; --           ;
; P13      ;            ; --       ; VCCA4                                          ; power  ;                       ; 2.5V    ; --         ;                 ; --       ; --           ;
; P14      ; 80         ; 5        ; RESERVED_INPUT_WITH_WEAK_PULLUP                ;        ;                       ;         ; Row I/O    ;                 ; no       ; On           ;
; P15      ; 84         ; 5        ; clk                                            ; input  ; 2.5 V                 ;         ; Row I/O    ; N               ; no       ; Off          ;
; P16      ; 83         ; 5        ; d1[3]                                          ; output ; 2.5 V                 ;         ; Row I/O    ; N               ; no       ; Off          ;
; P17      ; 85         ; 5        ; RESERVED_INPUT_WITH_WEAK_PULLUP                ;        ;                       ;         ; Row I/O    ;                 ; --       ; --           ;
; P18      ; 96         ; 5        ; d4[4]                                          ; output ; 2.5 V                 ;         ; Row I/O    ; N               ; no       ; Off          ;
; R1       ; 37         ; 2        ; RESERVED_INPUT_WITH_WEAK_PULLUP                ;        ;                       ;         ; Row I/O    ;                 ; --       ; --           ;
; R2       ; 39         ; 2        ; RESERVED_INPUT_WITH_WEAK_PULLUP                ;        ;                       ;         ; Row I/O    ;                 ; no       ; On           ;
; R3       ;            ;          ; NC                                             ;        ;                       ;         ; --         ;                 ; --       ; --           ;
; R4       ; 44         ; 3        ; RESERVED_INPUT_WITH_WEAK_PULLUP                ;        ;                       ;         ; Column I/O ;                 ; no       ; On           ;
; R5       ; 52         ; 3        ; RESERVED_INPUT_WITH_WEAK_PULLUP                ;        ;                       ;         ; Column I/O ;                 ; no       ; On           ;
; R6       ; 54         ; 3        ; RESERVED_INPUT_WITH_WEAK_PULLUP                ;        ;                       ;         ; Column I/O ;                 ; no       ; On           ;
; R7       ;            ;          ; GND                                            ; gnd    ;                       ;         ; --         ;                 ; --       ; --           ;
; R8       ; 64         ; 3        ; RESERVED_INPUT_WITH_WEAK_PULLUP                ;        ;                       ;         ; Column I/O ;                 ; no       ; On           ;
; R9       ; 66         ; 3        ; data_in[1]                                     ; input  ; 2.5 V                 ;         ; Column I/O ; N               ; no       ; Off          ;
; R10      ;            ;          ; NC                                             ;        ;                       ;         ; --         ;                 ; --       ; --           ;
; R11      ;            ;          ; NC                                             ;        ;                       ;         ; --         ;                 ; --       ; --           ;
; R12      ;            ;          ; NC                                             ;        ;                       ;         ; --         ;                 ; --       ; --           ;
; R13      ;            ;          ; NC                                             ;        ;                       ;         ; --         ;                 ; --       ; --           ;
; R14      ;            ;          ; NC                                             ;        ;                       ;         ; --         ;                 ; --       ; --           ;
; R15      ; 82         ; 5        ; data_in[0]                                     ; input  ; 2.5 V                 ;         ; Row I/O    ; N               ; no       ; Off          ;
; R16      ; 81         ; 5        ; RESERVED_INPUT_WITH_WEAK_PULLUP                ;        ;                       ;         ; Row I/O    ;                 ; no       ; On           ;
; R17      ; 89         ; 5        ; d4[3]                                          ; output ; 2.5 V                 ;         ; Row I/O    ; N               ; no       ; Off          ;
; R18      ; 94         ; 5        ; d4[5]                                          ; output ; 2.5 V                 ;         ; Row I/O    ; N               ; no       ; Off          ;
; T1       ;            ;          ; NC                                             ;        ;                       ;         ; --         ;                 ; --       ; --           ;
; T2       ;            ;          ; NC                                             ;        ;                       ;         ; --         ;                 ; --       ; --           ;
; T3       ;            ;          ; NC                                             ;        ;                       ;         ; --         ;                 ; --       ; --           ;
; T4       ; 46         ; 3        ; RESERVED_INPUT_WITH_WEAK_PULLUP                ;        ;                       ;         ; Column I/O ;                 ; no       ; On           ;
; T5       ; 56         ; 3        ; RESERVED_INPUT_WITH_WEAK_PULLUP                ;        ;                       ;         ; Column I/O ;                 ; no       ; On           ;
; T6       ; 58         ; 3        ; d3[7]                                          ; output ; 2.5 V                 ;         ; Column I/O ; N               ; no       ; Off          ;
; T7       ; 57         ; 3        ; RESERVED_INPUT_WITH_WEAK_PULLUP                ;        ;                       ;         ; Column I/O ;                 ; no       ; On           ;
; T8       ; 59         ; 3        ; RESERVED_INPUT_WITH_WEAK_PULLUP                ;        ;                       ;         ; Column I/O ;                 ; no       ; On           ;
; T9       ; 74         ; 3        ; RESERVED_INPUT_WITH_WEAK_PULLUP                ;        ;                       ;         ; Column I/O ;                 ; no       ; On           ;
; T10      ; 76         ; 3        ; d4[7]                                          ; output ; 2.5 V                 ;         ; Column I/O ; N               ; no       ; Off          ;
; T11      ;            ;          ; NC                                             ;        ;                       ;         ; --         ;                 ; --       ; --           ;
; T12      ;            ;          ; NC                                             ;        ;                       ;         ; --         ;                 ; --       ; --           ;
; T13      ;            ;          ; NC                                             ;        ;                       ;         ; --         ;                 ; --       ; --           ;
; T14      ;            ;          ; NC                                             ;        ;                       ;         ; --         ;                 ; --       ; --           ;
; T15      ;            ;          ; NC                                             ;        ;                       ;         ; --         ;                 ; --       ; --           ;
; T16      ; 79         ; 5        ; RESERVED_INPUT_WITH_WEAK_PULLUP                ;        ;                       ;         ; Row I/O    ;                 ; no       ; On           ;
; T17      ; 87         ; 5        ; d3[5]                                          ; output ; 2.5 V                 ;         ; Row I/O    ; N               ; no       ; Off          ;
; T18      ;            ;          ; NC                                             ;        ;                       ;         ; --         ;                 ; --       ; --           ;
; U1       ; 41         ; 2        ; RESERVED_INPUT_WITH_WEAK_PULLUP                ;        ;                       ;         ; Row I/O    ;                 ; no       ; On           ;
; U2       ; 43         ; 2        ; RESERVED_INPUT_WITH_WEAK_PULLUP                ;        ;                       ;         ; Row I/O    ;                 ; no       ; On           ;
; U3       ; 45         ; 3        ; RESERVED_INPUT_WITH_WEAK_PULLUP                ;        ;                       ;         ; Column I/O ;                 ; no       ; On           ;
; U4       ;            ;          ; GND                                            ; gnd    ;                       ;         ; --         ;                 ; --       ; --           ;
; U5       ; 53         ; 3        ; RESERVED_INPUT_WITH_WEAK_PULLUP                ;        ;                       ;         ; Column I/O ;                 ; no       ; On           ;
; U6       ; 61         ; 3        ; RESERVED_INPUT_WITH_WEAK_PULLUP                ;        ;                       ;         ; Column I/O ;                 ; --       ; --           ;
; U7       ; 65         ; 3        ; d5[7]                                          ; output ; 2.5 V                 ;         ; Column I/O ; N               ; no       ; Off          ;
; U8       ; 69         ; 3        ; d3[0]                                          ; output ; 2.5 V                 ;         ; Column I/O ; N               ; no       ; Off          ;
; U9       ; 70         ; 3        ; d3[4]                                          ; output ; 2.5 V                 ;         ; Column I/O ; N               ; no       ; Off          ;
; U10      ;            ;          ; GND                                            ; gnd    ;                       ;         ; --         ;                 ; --       ; --           ;
; U11      ; 77         ; 3        ; RESERVED_INPUT_WITH_WEAK_PULLUP                ;        ;                       ;         ; Column I/O ;                 ; no       ; On           ;
; U12      ;            ;          ; NC                                             ;        ;                       ;         ; --         ;                 ; --       ; --           ;
; U13      ;            ;          ; NC                                             ;        ;                       ;         ; --         ;                 ; --       ; --           ;
; U14      ;            ;          ; GND                                            ; gnd    ;                       ;         ; --         ;                 ; --       ; --           ;
; U15      ;            ;          ; NC                                             ;        ;                       ;         ; --         ;                 ; --       ; --           ;
; U16      ;            ;          ; NC                                             ;        ;                       ;         ; --         ;                 ; --       ; --           ;
; U17      ;            ;          ; NC                                             ;        ;                       ;         ; --         ;                 ; --       ; --           ;
; U18      ;            ;          ; NC                                             ;        ;                       ;         ; --         ;                 ; --       ; --           ;
; V1       ;            ;          ; GND                                            ; gnd    ;                       ;         ; --         ;                 ; --       ; --           ;
; V2       ; 47         ; 3        ; RESERVED_INPUT_WITH_WEAK_PULLUP                ;        ;                       ;         ; Column I/O ;                 ; no       ; On           ;
; V3       ; 49         ; 3        ; RESERVED_INPUT_WITH_WEAK_PULLUP                ;        ;                       ;         ; Column I/O ;                 ; no       ; On           ;
; V4       ; 51         ; 3        ; RESERVED_INPUT_WITH_WEAK_PULLUP                ;        ;                       ;         ; Column I/O ;                 ; no       ; On           ;
; V5       ; 55         ; 3        ; RESERVED_INPUT_WITH_WEAK_PULLUP                ;        ;                       ;         ; Column I/O ;                 ; no       ; On           ;
; V6       ; 63         ; 3        ; d2[1]                                          ; output ; 2.5 V                 ;         ; Column I/O ; N               ; no       ; Off          ;
; V7       ; 67         ; 3        ; d3[2]                                          ; output ; 2.5 V                 ;         ; Column I/O ; N               ; no       ; Off          ;
; V8       ; 71         ; 3        ; RESERVED_INPUT_WITH_WEAK_PULLUP                ;        ;                       ;         ; Column I/O ;                 ; no       ; On           ;
; V9       ; 68         ; 3        ; RESERVED_INPUT_WITH_WEAK_PULLUP                ;        ;                       ;         ; Column I/O ;                 ; no       ; On           ;
; V10      ;            ;          ; NC                                             ;        ;                       ;         ; --         ;                 ; --       ; --           ;
; V11      ;            ;          ; NC                                             ;        ;                       ;         ; --         ;                 ; --       ; --           ;
; V12      ; 75         ; 3        ; RESERVED_INPUT_WITH_WEAK_PULLUP                ;        ;                       ;         ; Column I/O ;                 ; no       ; On           ;
; V13      ;            ;          ; NC                                             ;        ;                       ;         ; --         ;                 ; --       ; --           ;
; V14      ;            ;          ; NC                                             ;        ;                       ;         ; --         ;                 ; --       ; --           ;
; V15      ;            ;          ; NC                                             ;        ;                       ;         ; --         ;                 ; --       ; --           ;
; V16      ;            ;          ; NC                                             ;        ;                       ;         ; --         ;                 ; --       ; --           ;
; V17      ;            ;          ; NC                                             ;        ;                       ;         ; --         ;                 ; --       ; --           ;
; V18      ;            ;          ; GND                                            ; gnd    ;                       ;         ; --         ;                 ; --       ; --           ;
+----------+------------+----------+------------------------------------------------+--------+-----------------------+---------+------------+-----------------+----------+--------------+
Note: Pin directions (input, output or bidir) are based on device operating in user mode.


+--------------------------------------------+
; I/O Assignment Warnings                    ;
+------------+-------------------------------+
; Pin Name   ; Reason                        ;
+------------+-------------------------------+
; data_in[7] ; Incomplete set of assignments ;
; d1[0]      ; Incomplete set of assignments ;
; d1[1]      ; Incomplete set of assignments ;
; d1[2]      ; Incomplete set of assignments ;
; d1[3]      ; Incomplete set of assignments ;
; d1[4]      ; Incomplete set of assignments ;
; d1[5]      ; Incomplete set of assignments ;
; d1[6]      ; Incomplete set of assignments ;
; d1[7]      ; Incomplete set of assignments ;
; d2[0]      ; Incomplete set of assignments ;
; d2[1]      ; Incomplete set of assignments ;
; d2[2]      ; Incomplete set of assignments ;
; d2[3]      ; Incomplete set of assignments ;
; d2[4]      ; Incomplete set of assignments ;
; d2[5]      ; Incomplete set of assignments ;
; d2[6]      ; Incomplete set of assignments ;
; d2[7]      ; Incomplete set of assignments ;
; d3[0]      ; Incomplete set of assignments ;
; d3[1]      ; Incomplete set of assignments ;
; d3[2]      ; Incomplete set of assignments ;
; d3[3]      ; Incomplete set of assignments ;
; d3[4]      ; Incomplete set of assignments ;
; d3[5]      ; Incomplete set of assignments ;
; d3[6]      ; Incomplete set of assignments ;
; d3[7]      ; Incomplete set of assignments ;
; d4[0]      ; Incomplete set of assignments ;
; d4[1]      ; Incomplete set of assignments ;
; d4[2]      ; Incomplete set of assignments ;
; d4[3]      ; Incomplete set of assignments ;
; d4[4]      ; Incomplete set of assignments ;
; d4[5]      ; Incomplete set of assignments ;
; d4[6]      ; Incomplete set of assignments ;
; d4[7]      ; Incomplete set of assignments ;
; d5[0]      ; Incomplete set of assignments ;
; d5[1]      ; Incomplete set of assignments ;
; d5[2]      ; Incomplete set of assignments ;
; d5[3]      ; Incomplete set of assignments ;
; d5[4]      ; Incomplete set of assignments ;
; d5[5]      ; Incomplete set of assignments ;
; d5[6]      ; Incomplete set of assignments ;
; d5[7]      ; Incomplete set of assignments ;
; d6[0]      ; Incomplete set of assignments ;
; d6[1]      ; Incomplete set of assignments ;
; d6[2]      ; Incomplete set of assignments ;
; d6[3]      ; Incomplete set of assignments ;
; d6[4]      ; Incomplete set of assignments ;
; d6[5]      ; Incomplete set of assignments ;
; d6[6]      ; Incomplete set of assignments ;
; d6[7]      ; Incomplete set of assignments ;
; execute    ; Incomplete set of assignments ;
; data_in[2] ; Incomplete set of assignments ;
; data_in[0] ; Incomplete set of assignments ;
; data_in[5] ; Incomplete set of assignments ;
; data_in[3] ; Incomplete set of assignments ;
; data_in[1] ; Incomplete set of assignments ;
; data_in[4] ; Incomplete set of assignments ;
; data_in[6] ; Incomplete set of assignments ;
; switch_in  ; Incomplete set of assignments ;
; clk        ; Incomplete set of assignments ;
; data_in[7] ; Missing location assignment   ;
; d1[0]      ; Missing location assignment   ;
; d1[1]      ; Missing location assignment   ;
; d1[2]      ; Missing location assignment   ;
; d1[3]      ; Missing location assignment   ;
; d1[4]      ; Missing location assignment   ;
; d1[5]      ; Missing location assignment   ;
; d1[6]      ; Missing location assignment   ;
; d1[7]      ; Missing location assignment   ;
; d2[0]      ; Missing location assignment   ;
; d2[1]      ; Missing location assignment   ;
; d2[2]      ; Missing location assignment   ;
; d2[3]      ; Missing location assignment   ;
; d2[4]      ; Missing location assignment   ;
; d2[5]      ; Missing location assignment   ;
; d2[6]      ; Missing location assignment   ;
; d2[7]      ; Missing location assignment   ;
; d3[0]      ; Missing location assignment   ;
; d3[1]      ; Missing location assignment   ;
; d3[2]      ; Missing location assignment   ;
; d3[3]      ; Missing location assignment   ;
; d3[4]      ; Missing location assignment   ;
; d3[5]      ; Missing location assignment   ;
; d3[6]      ; Missing location assignment   ;
; d3[7]      ; Missing location assignment   ;
; d4[0]      ; Missing location assignment   ;
; d4[1]      ; Missing location assignment   ;
; d4[2]      ; Missing location assignment   ;
; d4[3]      ; Missing location assignment   ;
; d4[4]      ; Missing location assignment   ;
; d4[5]      ; Missing location assignment   ;
; d4[6]      ; Missing location assignment   ;
; d4[7]      ; Missing location assignment   ;
; d5[0]      ; Missing location assignment   ;
; d5[1]      ; Missing location assignment   ;
; d5[2]      ; Missing location assignment   ;
; d5[3]      ; Missing location assignment   ;
; d5[4]      ; Missing location assignment   ;
; d5[5]      ; Missing location assignment   ;
; d5[6]      ; Missing location assignment   ;
; d5[7]      ; Missing location assignment   ;
; d6[0]      ; Missing location assignment   ;
; d6[1]      ; Missing location assignment   ;
; d6[2]      ; Missing location assignment   ;
; d6[3]      ; Missing location assignment   ;
; d6[4]      ; Missing location assignment   ;
; d6[5]      ; Missing location assignment   ;
; d6[6]      ; Missing location assignment   ;
; d6[7]      ; Missing location assignment   ;
; execute    ; Missing location assignment   ;
; data_in[2] ; Missing location assignment   ;
; data_in[0] ; Missing location assignment   ;
; data_in[5] ; Missing location assignment   ;
; data_in[3] ; Missing location assignment   ;
; data_in[1] ; Missing location assignment   ;
; data_in[4] ; Missing location assignment   ;
; data_in[6] ; Missing location assignment   ;
; switch_in  ; Missing location assignment   ;
; clk        ; Missing location assignment   ;
+------------+-------------------------------+


+-------------------------------------------------------------------------------------------------------------------------------------------------------------------------------------------------------------------------------------------------------------------------------------------------------------------------------------------------------------------------------------------------+
; Fitter Resource Utilization by Entity                                                                                                                                                                                                                                                                                                                                                           ;
+----------------------------------------------+-------------+---------------------------+---------------+-------------+------+------------+--------------+---------+-----------+------+--------------+--------------+-------------------+------------------+------------+------------------------------------------------------------------------------------+--------------------+--------------+
; Compilation Hierarchy Node                   ; Logic Cells ; Dedicated Logic Registers ; I/O Registers ; Memory Bits ; M9Ks ; UFM Blocks ; DSP Elements ; DSP 9x9 ; DSP 18x18 ; Pins ; Virtual Pins ; LUT-Only LCs ; Register-Only LCs ; LUT/Register LCs ; ADC blocks ; Full Hierarchy Name                                                                ; Entity Name        ; Library Name ;
+----------------------------------------------+-------------+---------------------------+---------------+-------------+------+------------+--------------+---------+-----------+------+--------------+--------------+-------------------+------------------+------------+------------------------------------------------------------------------------------+--------------------+--------------+
; |top                                         ; 324 (1)     ; 46 (0)                    ; 0 (0)         ; 0           ; 0    ; 1          ; 0            ; 0       ; 0         ; 59   ; 0            ; 278 (1)      ; 26 (0)            ; 20 (0)           ; 0          ; |top                                                                               ; top                ; work         ;
;    |displaydezena:comb_4|                    ; 25 (25)     ; 0 (0)                     ; 0 (0)         ; 0           ; 0    ; 0          ; 0            ; 0       ; 0         ; 0    ; 0            ; 24 (24)      ; 0 (0)             ; 1 (1)            ; 0          ; |top|displaydezena:comb_4                                                          ; displaydezena      ; work         ;
;    |displaydezena:comb_6|                    ; 20 (20)     ; 0 (0)                     ; 0 (0)         ; 0           ; 0    ; 0          ; 0            ; 0       ; 0         ; 0    ; 0            ; 20 (20)      ; 0 (0)             ; 0 (0)            ; 0          ; |top|displaydezena:comb_6                                                          ; displaydezena      ; work         ;
;    |displaydezena:comb_8|                    ; 24 (24)     ; 0 (0)                     ; 0 (0)         ; 0           ; 0    ; 0          ; 0            ; 0       ; 0         ; 0    ; 0            ; 24 (24)      ; 0 (0)             ; 0 (0)            ; 0          ; |top|displaydezena:comb_8                                                          ; displaydezena      ; work         ;
;    |displayunidade:comb_3|                   ; 64 (0)      ; 0 (0)                     ; 0 (0)         ; 0           ; 0    ; 0          ; 0            ; 0       ; 0         ; 0    ; 0            ; 60 (0)       ; 0 (0)             ; 4 (0)            ; 0          ; |top|displayunidade:comb_3                                                         ; displayunidade     ; work         ;
;       |hex0:hex00|                           ; 8 (8)       ; 0 (0)                     ; 0 (0)         ; 0           ; 0    ; 0          ; 0            ; 0       ; 0         ; 0    ; 0            ; 7 (7)        ; 0 (0)             ; 1 (1)            ; 0          ; |top|displayunidade:comb_3|hex0:hex00                                              ; hex0               ; work         ;
;       |hex1:hex01|                           ; 6 (6)       ; 0 (0)                     ; 0 (0)         ; 0           ; 0    ; 0          ; 0            ; 0       ; 0         ; 0    ; 0            ; 5 (5)        ; 0 (0)             ; 1 (1)            ; 0          ; |top|displayunidade:comb_3|hex1:hex01                                              ; hex1               ; work         ;
;       |hex2:hex02|                           ; 3 (3)       ; 0 (0)                     ; 0 (0)         ; 0           ; 0    ; 0          ; 0            ; 0       ; 0         ; 0    ; 0            ; 2 (2)        ; 0 (0)             ; 1 (1)            ; 0          ; |top|displayunidade:comb_3|hex2:hex02                                              ; hex2               ; work         ;
;       |hex3:hex03|                           ; 14 (14)     ; 0 (0)                     ; 0 (0)         ; 0           ; 0    ; 0          ; 0            ; 0       ; 0         ; 0    ; 0            ; 13 (13)      ; 0 (0)             ; 1 (1)            ; 0          ; |top|displayunidade:comb_3|hex3:hex03                                              ; hex3               ; work         ;
;       |hex4:hex04|                           ; 9 (9)       ; 0 (0)                     ; 0 (0)         ; 0           ; 0    ; 0          ; 0            ; 0       ; 0         ; 0    ; 0            ; 9 (9)        ; 0 (0)             ; 0 (0)            ; 0          ; |top|displayunidade:comb_3|hex4:hex04                                              ; hex4               ; work         ;
;       |hex5:hex05|                           ; 12 (12)     ; 0 (0)                     ; 0 (0)         ; 0           ; 0    ; 0          ; 0            ; 0       ; 0         ; 0    ; 0            ; 12 (12)      ; 0 (0)             ; 0 (0)            ; 0          ; |top|displayunidade:comb_3|hex5:hex05                                              ; hex5               ; work         ;
;       |hex6:hex06|                           ; 12 (12)     ; 0 (0)                     ; 0 (0)         ; 0           ; 0    ; 0          ; 0            ; 0       ; 0         ; 0    ; 0            ; 12 (12)      ; 0 (0)             ; 0 (0)            ; 0          ; |top|displayunidade:comb_3|hex6:hex06                                              ; hex6               ; work         ;
;    |displayunidade:comb_5|                   ; 66 (0)      ; 0 (0)                     ; 0 (0)         ; 0           ; 0    ; 0          ; 0            ; 0       ; 0         ; 0    ; 0            ; 60 (0)       ; 0 (0)             ; 6 (0)            ; 0          ; |top|displayunidade:comb_5                                                         ; displayunidade     ; work         ;
;       |hex0:hex00|                           ; 9 (9)       ; 0 (0)                     ; 0 (0)         ; 0           ; 0    ; 0          ; 0            ; 0       ; 0         ; 0    ; 0            ; 7 (7)        ; 0 (0)             ; 2 (2)            ; 0          ; |top|displayunidade:comb_5|hex0:hex00                                              ; hex0               ; work         ;
;       |hex1:hex01|                           ; 11 (11)     ; 0 (0)                     ; 0 (0)         ; 0           ; 0    ; 0          ; 0            ; 0       ; 0         ; 0    ; 0            ; 10 (10)      ; 0 (0)             ; 1 (1)            ; 0          ; |top|displayunidade:comb_5|hex1:hex01                                              ; hex1               ; work         ;
;       |hex2:hex02|                           ; 4 (4)       ; 0 (0)                     ; 0 (0)         ; 0           ; 0    ; 0          ; 0            ; 0       ; 0         ; 0    ; 0            ; 4 (4)        ; 0 (0)             ; 0 (0)            ; 0          ; |top|displayunidade:comb_5|hex2:hex02                                              ; hex2               ; work         ;
;       |hex3:hex03|                           ; 11 (11)     ; 0 (0)                     ; 0 (0)         ; 0           ; 0    ; 0          ; 0            ; 0       ; 0         ; 0    ; 0            ; 11 (11)      ; 0 (0)             ; 0 (0)            ; 0          ; |top|displayunidade:comb_5|hex3:hex03                                              ; hex3               ; work         ;
;       |hex4:hex04|                           ; 7 (7)       ; 0 (0)                     ; 0 (0)         ; 0           ; 0    ; 0          ; 0            ; 0       ; 0         ; 0    ; 0            ; 5 (5)        ; 0 (0)             ; 2 (2)            ; 0          ; |top|displayunidade:comb_5|hex4:hex04                                              ; hex4               ; work         ;
;       |hex5:hex05|                           ; 11 (11)     ; 0 (0)                     ; 0 (0)         ; 0           ; 0    ; 0          ; 0            ; 0       ; 0         ; 0    ; 0            ; 10 (10)      ; 0 (0)             ; 1 (1)            ; 0          ; |top|displayunidade:comb_5|hex5:hex05                                              ; hex5               ; work         ;
;       |hex6:hex06|                           ; 13 (13)     ; 0 (0)                     ; 0 (0)         ; 0           ; 0    ; 0          ; 0            ; 0       ; 0         ; 0    ; 0            ; 13 (13)      ; 0 (0)             ; 0 (0)            ; 0          ; |top|displayunidade:comb_5|hex6:hex06                                              ; hex6               ; work         ;
;    |displayunidade:comb_7|                   ; 69 (0)      ; 0 (0)                     ; 0 (0)         ; 0           ; 0    ; 0          ; 0            ; 0       ; 0         ; 0    ; 0            ; 63 (0)       ; 0 (0)             ; 6 (0)            ; 0          ; |top|displayunidade:comb_7                                                         ; displayunidade     ; work         ;
;       |hex0:hex00|                           ; 10 (10)     ; 0 (0)                     ; 0 (0)         ; 0           ; 0    ; 0          ; 0            ; 0       ; 0         ; 0    ; 0            ; 10 (10)      ; 0 (0)             ; 0 (0)            ; 0          ; |top|displayunidade:comb_7|hex0:hex00                                              ; hex0               ; work         ;
;       |hex1:hex01|                           ; 11 (11)     ; 0 (0)                     ; 0 (0)         ; 0           ; 0    ; 0          ; 0            ; 0       ; 0         ; 0    ; 0            ; 11 (11)      ; 0 (0)             ; 0 (0)            ; 0          ; |top|displayunidade:comb_7|hex1:hex01                                              ; hex1               ; work         ;
;       |hex2:hex02|                           ; 4 (4)       ; 0 (0)                     ; 0 (0)         ; 0           ; 0    ; 0          ; 0            ; 0       ; 0         ; 0    ; 0            ; 4 (4)        ; 0 (0)             ; 0 (0)            ; 0          ; |top|displayunidade:comb_7|hex2:hex02                                              ; hex2               ; work         ;
;       |hex3:hex03|                           ; 12 (12)     ; 0 (0)                     ; 0 (0)         ; 0           ; 0    ; 0          ; 0            ; 0       ; 0         ; 0    ; 0            ; 9 (9)        ; 0 (0)             ; 3 (3)            ; 0          ; |top|displayunidade:comb_7|hex3:hex03                                              ; hex3               ; work         ;
;       |hex4:hex04|                           ; 9 (9)       ; 0 (0)                     ; 0 (0)         ; 0           ; 0    ; 0          ; 0            ; 0       ; 0         ; 0    ; 0            ; 7 (7)        ; 0 (0)             ; 2 (2)            ; 0          ; |top|displayunidade:comb_7|hex4:hex04                                              ; hex4               ; work         ;
;       |hex5:hex05|                           ; 11 (11)     ; 0 (0)                     ; 0 (0)         ; 0           ; 0    ; 0          ; 0            ; 0       ; 0         ; 0    ; 0            ; 10 (10)      ; 0 (0)             ; 1 (1)            ; 0          ; |top|displayunidade:comb_7|hex5:hex05                                              ; hex5               ; work         ;
;       |hex6:hex06|                           ; 12 (12)     ; 0 (0)                     ; 0 (0)         ; 0           ; 0    ; 0          ; 0            ; 0       ; 0         ; 0    ; 0            ; 12 (12)      ; 0 (0)             ; 0 (0)            ; 0          ; |top|displayunidade:comb_7|hex6:hex06                                              ; hex6               ; work         ;
;    |shift_register:sr|                       ; 24 (0)      ; 24 (0)                    ; 0 (0)         ; 0           ; 0    ; 0          ; 0            ; 0       ; 0         ; 0    ; 0            ; 0 (0)        ; 4 (0)             ; 20 (1)           ; 0          ; |top|shift_register:sr                                                             ; shift_register     ; work         ;
;       |contador_mod4:shift_register_counter| ; 2 (0)       ; 2 (0)                     ; 0 (0)         ; 0           ; 0    ; 0          ; 0            ; 0       ; 0         ; 0    ; 0            ; 0 (0)        ; 0 (0)             ; 2 (0)            ; 0          ; |top|shift_register:sr|contador_mod4:shift_register_counter                        ; contador_mod4      ; work         ;
;          |d_flipflop:dff0|                   ; 1 (1)       ; 1 (1)                     ; 0 (0)         ; 0           ; 0    ; 0          ; 0            ; 0       ; 0         ; 0    ; 0            ; 0 (0)        ; 0 (0)             ; 1 (1)            ; 0          ; |top|shift_register:sr|contador_mod4:shift_register_counter|d_flipflop:dff0        ; d_flipflop         ; work         ;
;          |d_flipflop:dff1|                   ; 1 (1)       ; 1 (1)                     ; 0 (0)         ; 0           ; 0    ; 0          ; 0            ; 0       ; 0         ; 0    ; 0            ; 0 (0)        ; 0 (0)             ; 1 (1)            ; 0          ; |top|shift_register:sr|contador_mod4:shift_register_counter|d_flipflop:dff1        ; d_flipflop         ; work         ;
;       |d_flipflop:dff_execute|               ; 1 (1)       ; 1 (1)                     ; 0 (0)         ; 0           ; 0    ; 0          ; 0            ; 0       ; 0         ; 0    ; 0            ; 0 (0)        ; 0 (0)             ; 1 (1)            ; 0          ; |top|shift_register:sr|d_flipflop:dff_execute                                      ; d_flipflop         ; work         ;
;       |register_8bit:reg1|                   ; 7 (0)       ; 7 (0)                     ; 0 (0)         ; 0           ; 0    ; 0          ; 0            ; 0       ; 0         ; 0    ; 0            ; 0 (0)        ; 0 (0)             ; 7 (0)            ; 0          ; |top|shift_register:sr|register_8bit:reg1                                          ; register_8bit      ; work         ;
;          |d_flipflop:dff0|                   ; 1 (1)       ; 1 (1)                     ; 0 (0)         ; 0           ; 0    ; 0          ; 0            ; 0       ; 0         ; 0    ; 0            ; 0 (0)        ; 0 (0)             ; 1 (1)            ; 0          ; |top|shift_register:sr|register_8bit:reg1|d_flipflop:dff0                          ; d_flipflop         ; work         ;
;          |d_flipflop:dff1|                   ; 1 (1)       ; 1 (1)                     ; 0 (0)         ; 0           ; 0    ; 0          ; 0            ; 0       ; 0         ; 0    ; 0            ; 0 (0)        ; 0 (0)             ; 1 (1)            ; 0          ; |top|shift_register:sr|register_8bit:reg1|d_flipflop:dff1                          ; d_flipflop         ; work         ;
;          |d_flipflop:dff2|                   ; 1 (1)       ; 1 (1)                     ; 0 (0)         ; 0           ; 0    ; 0          ; 0            ; 0       ; 0         ; 0    ; 0            ; 0 (0)        ; 0 (0)             ; 1 (1)            ; 0          ; |top|shift_register:sr|register_8bit:reg1|d_flipflop:dff2                          ; d_flipflop         ; work         ;
;          |d_flipflop:dff3|                   ; 1 (1)       ; 1 (1)                     ; 0 (0)         ; 0           ; 0    ; 0          ; 0            ; 0       ; 0         ; 0    ; 0            ; 0 (0)        ; 0 (0)             ; 1 (1)            ; 0          ; |top|shift_register:sr|register_8bit:reg1|d_flipflop:dff3                          ; d_flipflop         ; work         ;
;          |d_flipflop:dff4|                   ; 1 (1)       ; 1 (1)                     ; 0 (0)         ; 0           ; 0    ; 0          ; 0            ; 0       ; 0         ; 0    ; 0            ; 0 (0)        ; 0 (0)             ; 1 (1)            ; 0          ; |top|shift_register:sr|register_8bit:reg1|d_flipflop:dff4                          ; d_flipflop         ; work         ;
;          |d_flipflop:dff5|                   ; 1 (1)       ; 1 (1)                     ; 0 (0)         ; 0           ; 0    ; 0          ; 0            ; 0       ; 0         ; 0    ; 0            ; 0 (0)        ; 0 (0)             ; 1 (1)            ; 0          ; |top|shift_register:sr|register_8bit:reg1|d_flipflop:dff5                          ; d_flipflop         ; work         ;
;          |d_flipflop:dff6|                   ; 1 (1)       ; 1 (1)                     ; 0 (0)         ; 0           ; 0    ; 0          ; 0            ; 0       ; 0         ; 0    ; 0            ; 0 (0)        ; 0 (0)             ; 1 (1)            ; 0          ; |top|shift_register:sr|register_8bit:reg1|d_flipflop:dff6                          ; d_flipflop         ; work         ;
;       |register_8bit:reg2|                   ; 7 (0)       ; 7 (0)                     ; 0 (0)         ; 0           ; 0    ; 0          ; 0            ; 0       ; 0         ; 0    ; 0            ; 0 (0)        ; 1 (0)             ; 6 (0)            ; 0          ; |top|shift_register:sr|register_8bit:reg2                                          ; register_8bit      ; work         ;
;          |d_flipflop:dff0|                   ; 1 (1)       ; 1 (1)                     ; 0 (0)         ; 0           ; 0    ; 0          ; 0            ; 0       ; 0         ; 0    ; 0            ; 0 (0)        ; 0 (0)             ; 1 (1)            ; 0          ; |top|shift_register:sr|register_8bit:reg2|d_flipflop:dff0                          ; d_flipflop         ; work         ;
;          |d_flipflop:dff1|                   ; 1 (1)       ; 1 (1)                     ; 0 (0)         ; 0           ; 0    ; 0          ; 0            ; 0       ; 0         ; 0    ; 0            ; 0 (0)        ; 0 (0)             ; 1 (1)            ; 0          ; |top|shift_register:sr|register_8bit:reg2|d_flipflop:dff1                          ; d_flipflop         ; work         ;
;          |d_flipflop:dff2|                   ; 1 (1)       ; 1 (1)                     ; 0 (0)         ; 0           ; 0    ; 0          ; 0            ; 0       ; 0         ; 0    ; 0            ; 0 (0)        ; 0 (0)             ; 1 (1)            ; 0          ; |top|shift_register:sr|register_8bit:reg2|d_flipflop:dff2                          ; d_flipflop         ; work         ;
;          |d_flipflop:dff3|                   ; 1 (1)       ; 1 (1)                     ; 0 (0)         ; 0           ; 0    ; 0          ; 0            ; 0       ; 0         ; 0    ; 0            ; 0 (0)        ; 1 (1)             ; 0 (0)            ; 0          ; |top|shift_register:sr|register_8bit:reg2|d_flipflop:dff3                          ; d_flipflop         ; work         ;
;          |d_flipflop:dff4|                   ; 1 (1)       ; 1 (1)                     ; 0 (0)         ; 0           ; 0    ; 0          ; 0            ; 0       ; 0         ; 0    ; 0            ; 0 (0)        ; 0 (0)             ; 1 (1)            ; 0          ; |top|shift_register:sr|register_8bit:reg2|d_flipflop:dff4                          ; d_flipflop         ; work         ;
;          |d_flipflop:dff5|                   ; 1 (1)       ; 1 (1)                     ; 0 (0)         ; 0           ; 0    ; 0          ; 0            ; 0       ; 0         ; 0    ; 0            ; 0 (0)        ; 0 (0)             ; 1 (1)            ; 0          ; |top|shift_register:sr|register_8bit:reg2|d_flipflop:dff5                          ; d_flipflop         ; work         ;
;          |d_flipflop:dff6|                   ; 1 (1)       ; 1 (1)                     ; 0 (0)         ; 0           ; 0    ; 0          ; 0            ; 0       ; 0         ; 0    ; 0            ; 0 (0)        ; 0 (0)             ; 1 (1)            ; 0          ; |top|shift_register:sr|register_8bit:reg2|d_flipflop:dff6                          ; d_flipflop         ; work         ;
;       |register_8bit:reg3|                   ; 7 (0)       ; 7 (0)                     ; 0 (0)         ; 0           ; 0    ; 0          ; 0            ; 0       ; 0         ; 0    ; 0            ; 0 (0)        ; 3 (0)             ; 4 (0)            ; 0          ; |top|shift_register:sr|register_8bit:reg3                                          ; register_8bit      ; work         ;
;          |d_flipflop:dff0|                   ; 1 (1)       ; 1 (1)                     ; 0 (0)         ; 0           ; 0    ; 0          ; 0            ; 0       ; 0         ; 0    ; 0            ; 0 (0)        ; 1 (1)             ; 0 (0)            ; 0          ; |top|shift_register:sr|register_8bit:reg3|d_flipflop:dff0                          ; d_flipflop         ; work         ;
;          |d_flipflop:dff1|                   ; 1 (1)       ; 1 (1)                     ; 0 (0)         ; 0           ; 0    ; 0          ; 0            ; 0       ; 0         ; 0    ; 0            ; 0 (0)        ; 0 (0)             ; 1 (1)            ; 0          ; |top|shift_register:sr|register_8bit:reg3|d_flipflop:dff1                          ; d_flipflop         ; work         ;
;          |d_flipflop:dff2|                   ; 1 (1)       ; 1 (1)                     ; 0 (0)         ; 0           ; 0    ; 0          ; 0            ; 0       ; 0         ; 0    ; 0            ; 0 (0)        ; 0 (0)             ; 1 (1)            ; 0          ; |top|shift_register:sr|register_8bit:reg3|d_flipflop:dff2                          ; d_flipflop         ; work         ;
;          |d_flipflop:dff3|                   ; 1 (1)       ; 1 (1)                     ; 0 (0)         ; 0           ; 0    ; 0          ; 0            ; 0       ; 0         ; 0    ; 0            ; 0 (0)        ; 0 (0)             ; 1 (1)            ; 0          ; |top|shift_register:sr|register_8bit:reg3|d_flipflop:dff3                          ; d_flipflop         ; work         ;
;          |d_flipflop:dff4|                   ; 1 (1)       ; 1 (1)                     ; 0 (0)         ; 0           ; 0    ; 0          ; 0            ; 0       ; 0         ; 0    ; 0            ; 0 (0)        ; 1 (1)             ; 0 (0)            ; 0          ; |top|shift_register:sr|register_8bit:reg3|d_flipflop:dff4                          ; d_flipflop         ; work         ;
;          |d_flipflop:dff5|                   ; 1 (1)       ; 1 (1)                     ; 0 (0)         ; 0           ; 0    ; 0          ; 0            ; 0       ; 0         ; 0    ; 0            ; 0 (0)        ; 1 (1)             ; 0 (0)            ; 0          ; |top|shift_register:sr|register_8bit:reg3|d_flipflop:dff5                          ; d_flipflop         ; work         ;
;          |d_flipflop:dff6|                   ; 1 (1)       ; 1 (1)                     ; 0 (0)         ; 0           ; 0    ; 0          ; 0            ; 0       ; 0         ; 0    ; 0            ; 0 (0)        ; 0 (0)             ; 1 (1)            ; 0          ; |top|shift_register:sr|register_8bit:reg3|d_flipflop:dff6                          ; d_flipflop         ; work         ;
;    |switch_debouncer:deb|                    ; 48 (0)      ; 22 (0)                    ; 0 (0)         ; 0           ; 0    ; 0          ; 0            ; 0       ; 0         ; 0    ; 0            ; 26 (0)       ; 22 (0)            ; 0 (0)            ; 0          ; |top|switch_debouncer:deb                                                          ; switch_debouncer   ; work         ;
;       |d_flipflop:stable|                    ; 1 (1)       ; 1 (1)                     ; 0 (0)         ; 0           ; 0    ; 0          ; 0            ; 0       ; 0         ; 0    ; 0            ; 0 (0)        ; 1 (1)             ; 0 (0)            ; 0          ; |top|switch_debouncer:deb|d_flipflop:stable                                        ; d_flipflop         ; work         ;
;       |d_flipflop:sync1|                     ; 1 (1)       ; 1 (1)                     ; 0 (0)         ; 0           ; 0    ; 0          ; 0            ; 0       ; 0         ; 0    ; 0            ; 0 (0)        ; 1 (1)             ; 0 (0)            ; 0          ; |top|switch_debouncer:deb|d_flipflop:sync1                                         ; d_flipflop         ; work         ;
;       |divisor_frequencia:div_inst|          ; 46 (0)      ; 20 (0)                    ; 0 (0)         ; 0           ; 0    ; 0          ; 0            ; 0       ; 0         ; 0    ; 0            ; 26 (0)       ; 20 (0)            ; 0 (0)            ; 0          ; |top|switch_debouncer:deb|divisor_frequencia:div_inst                              ; divisor_frequencia ; work         ;
;          |d_flipflop:div7|                   ; 2 (2)       ; 1 (1)                     ; 0 (0)         ; 0           ; 0    ; 0          ; 0            ; 0       ; 0         ; 0    ; 0            ; 1 (1)        ; 1 (1)             ; 0 (0)            ; 0          ; |top|switch_debouncer:deb|divisor_frequencia:div_inst|d_flipflop:div7              ; d_flipflop         ; work         ;
;          |d_flipflop:div8|                   ; 2 (2)       ; 1 (1)                     ; 0 (0)         ; 0           ; 0    ; 0          ; 0            ; 0       ; 0         ; 0    ; 0            ; 1 (1)        ; 1 (1)             ; 0 (0)            ; 0          ; |top|switch_debouncer:deb|divisor_frequencia:div_inst|d_flipflop:div8              ; d_flipflop         ; work         ;
;          |dividir_5:div1|                    ; 7 (1)       ; 3 (0)                     ; 0 (0)         ; 0           ; 0    ; 0          ; 0            ; 0       ; 0         ; 0    ; 0            ; 4 (1)        ; 3 (0)             ; 0 (0)            ; 0          ; |top|switch_debouncer:deb|divisor_frequencia:div_inst|dividir_5:div1               ; dividir_5          ; work         ;
;             |d_flipflop:b0|                  ; 2 (2)       ; 1 (1)                     ; 0 (0)         ; 0           ; 0    ; 0          ; 0            ; 0       ; 0         ; 0    ; 0            ; 1 (1)        ; 1 (1)             ; 0 (0)            ; 0          ; |top|switch_debouncer:deb|divisor_frequencia:div_inst|dividir_5:div1|d_flipflop:b0 ; d_flipflop         ; work         ;
;             |d_flipflop:b1|                  ; 2 (2)       ; 1 (1)                     ; 0 (0)         ; 0           ; 0    ; 0          ; 0            ; 0       ; 0         ; 0    ; 0            ; 1 (1)        ; 1 (1)             ; 0 (0)            ; 0          ; |top|switch_debouncer:deb|divisor_frequencia:div_inst|dividir_5:div1|d_flipflop:b1 ; d_flipflop         ; work         ;
;             |d_flipflop:b2|                  ; 2 (2)       ; 1 (1)                     ; 0 (0)         ; 0           ; 0    ; 0          ; 0            ; 0       ; 0         ; 0    ; 0            ; 1 (1)        ; 1 (1)             ; 0 (0)            ; 0          ; |top|switch_debouncer:deb|divisor_frequencia:div_inst|dividir_5:div1|d_flipflop:b2 ; d_flipflop         ; work         ;
;          |dividir_5:div2|                    ; 7 (1)       ; 3 (0)                     ; 0 (0)         ; 0           ; 0    ; 0          ; 0            ; 0       ; 0         ; 0    ; 0            ; 4 (1)        ; 3 (0)             ; 0 (0)            ; 0          ; |top|switch_debouncer:deb|divisor_frequencia:div_inst|dividir_5:div2               ; dividir_5          ; work         ;
;             |d_flipflop:b0|                  ; 2 (2)       ; 1 (1)                     ; 0 (0)         ; 0           ; 0    ; 0          ; 0            ; 0       ; 0         ; 0    ; 0            ; 1 (1)        ; 1 (1)             ; 0 (0)            ; 0          ; |top|switch_debouncer:deb|divisor_frequencia:div_inst|dividir_5:div2|d_flipflop:b0 ; d_flipflop         ; work         ;
;             |d_flipflop:b1|                  ; 2 (2)       ; 1 (1)                     ; 0 (0)         ; 0           ; 0    ; 0          ; 0            ; 0       ; 0         ; 0    ; 0            ; 1 (1)        ; 1 (1)             ; 0 (0)            ; 0          ; |top|switch_debouncer:deb|divisor_frequencia:div_inst|dividir_5:div2|d_flipflop:b1 ; d_flipflop         ; work         ;
;             |d_flipflop:b2|                  ; 2 (2)       ; 1 (1)                     ; 0 (0)         ; 0           ; 0    ; 0          ; 0            ; 0       ; 0         ; 0    ; 0            ; 1 (1)        ; 1 (1)             ; 0 (0)            ; 0          ; |top|switch_debouncer:deb|divisor_frequencia:div_inst|dividir_5:div2|d_flipflop:b2 ; d_flipflop         ; work         ;
;          |dividir_5:div3|                    ; 7 (1)       ; 3 (0)                     ; 0 (0)         ; 0           ; 0    ; 0          ; 0            ; 0       ; 0         ; 0    ; 0            ; 4 (1)        ; 3 (0)             ; 0 (0)            ; 0          ; |top|switch_debouncer:deb|divisor_frequencia:div_inst|dividir_5:div3               ; dividir_5          ; work         ;
;             |d_flipflop:b0|                  ; 2 (2)       ; 1 (1)                     ; 0 (0)         ; 0           ; 0    ; 0          ; 0            ; 0       ; 0         ; 0    ; 0            ; 1 (1)        ; 1 (1)             ; 0 (0)            ; 0          ; |top|switch_debouncer:deb|divisor_frequencia:div_inst|dividir_5:div3|d_flipflop:b0 ; d_flipflop         ; work         ;
;             |d_flipflop:b1|                  ; 2 (2)       ; 1 (1)                     ; 0 (0)         ; 0           ; 0    ; 0          ; 0            ; 0       ; 0         ; 0    ; 0            ; 1 (1)        ; 1 (1)             ; 0 (0)            ; 0          ; |top|switch_debouncer:deb|divisor_frequencia:div_inst|dividir_5:div3|d_flipflop:b1 ; d_flipflop         ; work         ;
;             |d_flipflop:b2|                  ; 2 (2)       ; 1 (1)                     ; 0 (0)         ; 0           ; 0    ; 0          ; 0            ; 0       ; 0         ; 0    ; 0            ; 1 (1)        ; 1 (1)             ; 0 (0)            ; 0          ; |top|switch_debouncer:deb|divisor_frequencia:div_inst|dividir_5:div3|d_flipflop:b2 ; d_flipflop         ; work         ;
;          |dividir_5:div4|                    ; 7 (1)       ; 3 (0)                     ; 0 (0)         ; 0           ; 0    ; 0          ; 0            ; 0       ; 0         ; 0    ; 0            ; 4 (1)        ; 3 (0)             ; 0 (0)            ; 0          ; |top|switch_debouncer:deb|divisor_frequencia:div_inst|dividir_5:div4               ; dividir_5          ; work         ;
;             |d_flipflop:b0|                  ; 2 (2)       ; 1 (1)                     ; 0 (0)         ; 0           ; 0    ; 0          ; 0            ; 0       ; 0         ; 0    ; 0            ; 1 (1)        ; 1 (1)             ; 0 (0)            ; 0          ; |top|switch_debouncer:deb|divisor_frequencia:div_inst|dividir_5:div4|d_flipflop:b0 ; d_flipflop         ; work         ;
;             |d_flipflop:b1|                  ; 2 (2)       ; 1 (1)                     ; 0 (0)         ; 0           ; 0    ; 0          ; 0            ; 0       ; 0         ; 0    ; 0            ; 1 (1)        ; 1 (1)             ; 0 (0)            ; 0          ; |top|switch_debouncer:deb|divisor_frequencia:div_inst|dividir_5:div4|d_flipflop:b1 ; d_flipflop         ; work         ;
;             |d_flipflop:b2|                  ; 2 (2)       ; 1 (1)                     ; 0 (0)         ; 0           ; 0    ; 0          ; 0            ; 0       ; 0         ; 0    ; 0            ; 1 (1)        ; 1 (1)             ; 0 (0)            ; 0          ; |top|switch_debouncer:deb|divisor_frequencia:div_inst|dividir_5:div4|d_flipflop:b2 ; d_flipflop         ; work         ;
;          |dividir_5:div5|                    ; 7 (1)       ; 3 (0)                     ; 0 (0)         ; 0           ; 0    ; 0          ; 0            ; 0       ; 0         ; 0    ; 0            ; 4 (1)        ; 3 (0)             ; 0 (0)            ; 0          ; |top|switch_debouncer:deb|divisor_frequencia:div_inst|dividir_5:div5               ; dividir_5          ; work         ;
;             |d_flipflop:b0|                  ; 2 (2)       ; 1 (1)                     ; 0 (0)         ; 0           ; 0    ; 0          ; 0            ; 0       ; 0         ; 0    ; 0            ; 1 (1)        ; 1 (1)             ; 0 (0)            ; 0          ; |top|switch_debouncer:deb|divisor_frequencia:div_inst|dividir_5:div5|d_flipflop:b0 ; d_flipflop         ; work         ;
;             |d_flipflop:b1|                  ; 2 (2)       ; 1 (1)                     ; 0 (0)         ; 0           ; 0    ; 0          ; 0            ; 0       ; 0         ; 0    ; 0            ; 1 (1)        ; 1 (1)             ; 0 (0)            ; 0          ; |top|switch_debouncer:deb|divisor_frequencia:div_inst|dividir_5:div5|d_flipflop:b1 ; d_flipflop         ; work         ;
;             |d_flipflop:b2|                  ; 2 (2)       ; 1 (1)                     ; 0 (0)         ; 0           ; 0    ; 0          ; 0            ; 0       ; 0         ; 0    ; 0            ; 1 (1)        ; 1 (1)             ; 0 (0)            ; 0          ; |top|switch_debouncer:deb|divisor_frequencia:div_inst|dividir_5:div5|d_flipflop:b2 ; d_flipflop         ; work         ;
;          |dividir_5:div6|                    ; 7 (1)       ; 3 (0)                     ; 0 (0)         ; 0           ; 0    ; 0          ; 0            ; 0       ; 0         ; 0    ; 0            ; 4 (1)        ; 3 (0)             ; 0 (0)            ; 0          ; |top|switch_debouncer:deb|divisor_frequencia:div_inst|dividir_5:div6               ; dividir_5          ; work         ;
;             |d_flipflop:b0|                  ; 2 (2)       ; 1 (1)                     ; 0 (0)         ; 0           ; 0    ; 0          ; 0            ; 0       ; 0         ; 0    ; 0            ; 1 (1)        ; 1 (1)             ; 0 (0)            ; 0          ; |top|switch_debouncer:deb|divisor_frequencia:div_inst|dividir_5:div6|d_flipflop:b0 ; d_flipflop         ; work         ;
;             |d_flipflop:b1|                  ; 2 (2)       ; 1 (1)                     ; 0 (0)         ; 0           ; 0    ; 0          ; 0            ; 0       ; 0         ; 0    ; 0            ; 1 (1)        ; 1 (1)             ; 0 (0)            ; 0          ; |top|switch_debouncer:deb|divisor_frequencia:div_inst|dividir_5:div6|d_flipflop:b1 ; d_flipflop         ; work         ;
;             |d_flipflop:b2|                  ; 2 (2)       ; 1 (1)                     ; 0 (0)         ; 0           ; 0    ; 0          ; 0            ; 0       ; 0         ; 0    ; 0            ; 1 (1)        ; 1 (1)             ; 0 (0)            ; 0          ; |top|switch_debouncer:deb|divisor_frequencia:div_inst|dividir_5:div6|d_flipflop:b2 ; d_flipflop         ; work         ;
+----------------------------------------------+-------------+---------------------------+---------------+-------------+------+------------+--------------+---------+-----------+------+--------------+--------------+-------------------+------------------+------------+------------------------------------------------------------------------------------+--------------------+--------------+
Note: For table entries with two numbers listed, the numbers in parentheses indicate the number of resources of the given type used by the specific entity alone. The numbers listed outside of parentheses indicate the total resources of the given type used by the specific entity and all of its sub-entities in the hierarchy.


+--------------------------------------------------------------------------------------------+
; Delay Chain Summary                                                                        ;
+------------+----------+---------------+---------------+-----------------------+-----+------+
; Name       ; Pin Type ; Pad to Core 0 ; Pad to Core 1 ; Pad to Input Register ; TCO ; TCOE ;
+------------+----------+---------------+---------------+-----------------------+-----+------+
; data_in[7] ; Input    ; --            ; --            ; --                    ; --  ; --   ;
; d1[0]      ; Output   ; --            ; --            ; --                    ; --  ; --   ;
; d1[1]      ; Output   ; --            ; --            ; --                    ; --  ; --   ;
; d1[2]      ; Output   ; --            ; --            ; --                    ; --  ; --   ;
; d1[3]      ; Output   ; --            ; --            ; --                    ; --  ; --   ;
; d1[4]      ; Output   ; --            ; --            ; --                    ; --  ; --   ;
; d1[5]      ; Output   ; --            ; --            ; --                    ; --  ; --   ;
; d1[6]      ; Output   ; --            ; --            ; --                    ; --  ; --   ;
; d1[7]      ; Output   ; --            ; --            ; --                    ; --  ; --   ;
; d2[0]      ; Output   ; --            ; --            ; --                    ; --  ; --   ;
; d2[1]      ; Output   ; --            ; --            ; --                    ; --  ; --   ;
; d2[2]      ; Output   ; --            ; --            ; --                    ; --  ; --   ;
; d2[3]      ; Output   ; --            ; --            ; --                    ; --  ; --   ;
; d2[4]      ; Output   ; --            ; --            ; --                    ; --  ; --   ;
; d2[5]      ; Output   ; --            ; --            ; --                    ; --  ; --   ;
; d2[6]      ; Output   ; --            ; --            ; --                    ; --  ; --   ;
; d2[7]      ; Output   ; --            ; --            ; --                    ; --  ; --   ;
; d3[0]      ; Output   ; --            ; --            ; --                    ; --  ; --   ;
; d3[1]      ; Output   ; --            ; --            ; --                    ; --  ; --   ;
; d3[2]      ; Output   ; --            ; --            ; --                    ; --  ; --   ;
; d3[3]      ; Output   ; --            ; --            ; --                    ; --  ; --   ;
; d3[4]      ; Output   ; --            ; --            ; --                    ; --  ; --   ;
; d3[5]      ; Output   ; --            ; --            ; --                    ; --  ; --   ;
; d3[6]      ; Output   ; --            ; --            ; --                    ; --  ; --   ;
; d3[7]      ; Output   ; --            ; --            ; --                    ; --  ; --   ;
; d4[0]      ; Output   ; --            ; --            ; --                    ; --  ; --   ;
; d4[1]      ; Output   ; --            ; --            ; --                    ; --  ; --   ;
; d4[2]      ; Output   ; --            ; --            ; --                    ; --  ; --   ;
; d4[3]      ; Output   ; --            ; --            ; --                    ; --  ; --   ;
; d4[4]      ; Output   ; --            ; --            ; --                    ; --  ; --   ;
; d4[5]      ; Output   ; --            ; --            ; --                    ; --  ; --   ;
; d4[6]      ; Output   ; --            ; --            ; --                    ; --  ; --   ;
; d4[7]      ; Output   ; --            ; --            ; --                    ; --  ; --   ;
; d5[0]      ; Output   ; --            ; --            ; --                    ; --  ; --   ;
; d5[1]      ; Output   ; --            ; --            ; --                    ; --  ; --   ;
; d5[2]      ; Output   ; --            ; --            ; --                    ; --  ; --   ;
; d5[3]      ; Output   ; --            ; --            ; --                    ; --  ; --   ;
; d5[4]      ; Output   ; --            ; --            ; --                    ; --  ; --   ;
; d5[5]      ; Output   ; --            ; --            ; --                    ; --  ; --   ;
; d5[6]      ; Output   ; --            ; --            ; --                    ; --  ; --   ;
; d5[7]      ; Output   ; --            ; --            ; --                    ; --  ; --   ;
; d6[0]      ; Output   ; --            ; --            ; --                    ; --  ; --   ;
; d6[1]      ; Output   ; --            ; --            ; --                    ; --  ; --   ;
; d6[2]      ; Output   ; --            ; --            ; --                    ; --  ; --   ;
; d6[3]      ; Output   ; --            ; --            ; --                    ; --  ; --   ;
; d6[4]      ; Output   ; --            ; --            ; --                    ; --  ; --   ;
; d6[5]      ; Output   ; --            ; --            ; --                    ; --  ; --   ;
; d6[6]      ; Output   ; --            ; --            ; --                    ; --  ; --   ;
; d6[7]      ; Output   ; --            ; --            ; --                    ; --  ; --   ;
; execute    ; Output   ; --            ; --            ; --                    ; --  ; --   ;
; data_in[2] ; Input    ; (6) 815 ps    ; --            ; --                    ; --  ; --   ;
; data_in[0] ; Input    ; --            ; (6) 815 ps    ; --                    ; --  ; --   ;
; data_in[5] ; Input    ; --            ; (6) 815 ps    ; --                    ; --  ; --   ;
; data_in[3] ; Input    ; --            ; (6) 815 ps    ; --                    ; --  ; --   ;
; data_in[1] ; Input    ; --            ; (6) 810 ps    ; --                    ; --  ; --   ;
; data_in[4] ; Input    ; --            ; (6) 815 ps    ; --                    ; --  ; --   ;
; data_in[6] ; Input    ; (6) 815 ps    ; --            ; --                    ; --  ; --   ;
; switch_in  ; Input    ; (6) 815 ps    ; --            ; --                    ; --  ; --   ;
; clk        ; Input    ; (0) 0 ps      ; --            ; --                    ; --  ; --   ;
+------------+----------+---------------+---------------+-----------------------+-----+------+


+----------------------------------------------------------------------------------------------------------------------------------+
; Pad To Core Delay Chain Fanout                                                                                                   ;
+----------------------------------------------------------------------------------------------------+-------------------+---------+
; Source Pin / Fanout                                                                                ; Pad To Core Index ; Setting ;
+----------------------------------------------------------------------------------------------------+-------------------+---------+
; data_in[7]                                                                                         ;                   ;         ;
; data_in[2]                                                                                         ;                   ;         ;
;      - shift_register:sr|register_8bit:reg1|d_flipflop:dff2|flipflop_inst                          ; 0                 ; 6       ;
; data_in[0]                                                                                         ;                   ;         ;
;      - shift_register:sr|register_8bit:reg1|d_flipflop:dff0|flipflop_inst                          ; 1                 ; 6       ;
; data_in[5]                                                                                         ;                   ;         ;
;      - shift_register:sr|register_8bit:reg1|d_flipflop:dff5|flipflop_inst                          ; 1                 ; 6       ;
; data_in[3]                                                                                         ;                   ;         ;
;      - shift_register:sr|register_8bit:reg1|d_flipflop:dff3|flipflop_inst                          ; 1                 ; 6       ;
; data_in[1]                                                                                         ;                   ;         ;
;      - shift_register:sr|register_8bit:reg1|d_flipflop:dff1|flipflop_inst                          ; 1                 ; 6       ;
; data_in[4]                                                                                         ;                   ;         ;
;      - shift_register:sr|register_8bit:reg1|d_flipflop:dff4|flipflop_inst                          ; 1                 ; 6       ;
; data_in[6]                                                                                         ;                   ;         ;
;      - shift_register:sr|register_8bit:reg1|d_flipflop:dff6|flipflop_inst                          ; 0                 ; 6       ;
; switch_in                                                                                          ;                   ;         ;
;      - switch_debouncer:deb|d_flipflop:sync1|flipflop_inst~feeder                                  ; 0                 ; 6       ;
; clk                                                                                                ;                   ;         ;
;      - switch_debouncer:deb|divisor_frequencia:div_inst|dividir_5:div1|d_flipflop:b0|flipflop_inst ; 0                 ; 0       ;
+----------------------------------------------------------------------------------------------------+-------------------+---------+


+-------------------------------------------------------------------------------------------------------------------------------------------------------------------------------------------------------------------------+
; Control Signals                                                                                                                                                                                                         ;
+---------------------------------------------------------------------------------------------+-------------------+---------+--------------+--------+----------------------+------------------+---------------------------+
; Name                                                                                        ; Location          ; Fan-Out ; Usage        ; Global ; Global Resource Used ; Global Line Name ; Enable Signal Source Name ;
+---------------------------------------------------------------------------------------------+-------------------+---------+--------------+--------+----------------------+------------------+---------------------------+
; clk                                                                                         ; PIN_P15           ; 1       ; Clock        ; no     ; --                   ; --               ; --                        ;
; switch_debouncer:deb|d_flipflop:stable|flipflop_inst                                        ; FF_X17_Y7_N15     ; 24      ; Clock        ; yes    ; Global Clock         ; GCLK8            ; --                        ;
; switch_debouncer:deb|divisor_frequencia:div_inst|d_flipflop:div7|flipflop_inst              ; FF_X17_Y5_N11     ; 2       ; Clock        ; no     ; --                   ; --               ; --                        ;
; switch_debouncer:deb|divisor_frequencia:div_inst|d_flipflop:div8|flipflop_inst              ; FF_X17_Y5_N17     ; 2       ; Clock        ; yes    ; Global Clock         ; GCLK5            ; --                        ;
; switch_debouncer:deb|divisor_frequencia:div_inst|dividir_5:div1|And0                        ; LCCOMB_X17_Y2_N28 ; 3       ; Async. clear ; no     ; --                   ; --               ; --                        ;
; switch_debouncer:deb|divisor_frequencia:div_inst|dividir_5:div1|d_flipflop:b0|flipflop_inst ; FF_X17_Y2_N27     ; 3       ; Clock        ; no     ; --                   ; --               ; --                        ;
; switch_debouncer:deb|divisor_frequencia:div_inst|dividir_5:div1|d_flipflop:b1|flipflop_inst ; FF_X16_Y2_N17     ; 2       ; Clock        ; no     ; --                   ; --               ; --                        ;
; switch_debouncer:deb|divisor_frequencia:div_inst|dividir_5:div1|d_flipflop:b2|flipflop_inst ; FF_X17_Y2_N21     ; 3       ; Clock        ; no     ; --                   ; --               ; --                        ;
; switch_debouncer:deb|divisor_frequencia:div_inst|dividir_5:div2|And0                        ; LCCOMB_X17_Y4_N4  ; 3       ; Async. clear ; no     ; --                   ; --               ; --                        ;
; switch_debouncer:deb|divisor_frequencia:div_inst|dividir_5:div2|d_flipflop:b0|flipflop_inst ; FF_X17_Y4_N29     ; 3       ; Clock        ; no     ; --                   ; --               ; --                        ;
; switch_debouncer:deb|divisor_frequencia:div_inst|dividir_5:div2|d_flipflop:b1|flipflop_inst ; FF_X17_Y4_N11     ; 2       ; Clock        ; no     ; --                   ; --               ; --                        ;
; switch_debouncer:deb|divisor_frequencia:div_inst|dividir_5:div2|d_flipflop:b2|flipflop_inst ; FF_X16_Y4_N25     ; 3       ; Clock        ; no     ; --                   ; --               ; --                        ;
; switch_debouncer:deb|divisor_frequencia:div_inst|dividir_5:div3|And0                        ; LCCOMB_X15_Y4_N8  ; 3       ; Async. clear ; no     ; --                   ; --               ; --                        ;
; switch_debouncer:deb|divisor_frequencia:div_inst|dividir_5:div3|d_flipflop:b0|flipflop_inst ; FF_X16_Y4_N17     ; 3       ; Clock        ; no     ; --                   ; --               ; --                        ;
; switch_debouncer:deb|divisor_frequencia:div_inst|dividir_5:div3|d_flipflop:b1|flipflop_inst ; FF_X15_Y4_N5      ; 2       ; Clock        ; no     ; --                   ; --               ; --                        ;
; switch_debouncer:deb|divisor_frequencia:div_inst|dividir_5:div3|d_flipflop:b2|flipflop_inst ; FF_X15_Y4_N25     ; 3       ; Clock        ; no     ; --                   ; --               ; --                        ;
; switch_debouncer:deb|divisor_frequencia:div_inst|dividir_5:div4|And0                        ; LCCOMB_X9_Y4_N28  ; 3       ; Async. clear ; no     ; --                   ; --               ; --                        ;
; switch_debouncer:deb|divisor_frequencia:div_inst|dividir_5:div4|d_flipflop:b0|flipflop_inst ; FF_X10_Y4_N19     ; 3       ; Clock        ; no     ; --                   ; --               ; --                        ;
; switch_debouncer:deb|divisor_frequencia:div_inst|dividir_5:div4|d_flipflop:b1|flipflop_inst ; FF_X9_Y4_N31      ; 2       ; Clock        ; no     ; --                   ; --               ; --                        ;
; switch_debouncer:deb|divisor_frequencia:div_inst|dividir_5:div4|d_flipflop:b2|flipflop_inst ; FF_X9_Y4_N9       ; 3       ; Clock        ; no     ; --                   ; --               ; --                        ;
; switch_debouncer:deb|divisor_frequencia:div_inst|dividir_5:div5|And0                        ; LCCOMB_X11_Y4_N6  ; 3       ; Async. clear ; no     ; --                   ; --               ; --                        ;
; switch_debouncer:deb|divisor_frequencia:div_inst|dividir_5:div5|d_flipflop:b0|flipflop_inst ; FF_X11_Y4_N13     ; 3       ; Clock        ; no     ; --                   ; --               ; --                        ;
; switch_debouncer:deb|divisor_frequencia:div_inst|dividir_5:div5|d_flipflop:b1|flipflop_inst ; FF_X10_Y4_N13     ; 2       ; Clock        ; no     ; --                   ; --               ; --                        ;
; switch_debouncer:deb|divisor_frequencia:div_inst|dividir_5:div5|d_flipflop:b2|flipflop_inst ; FF_X11_Y4_N1      ; 3       ; Clock        ; no     ; --                   ; --               ; --                        ;
; switch_debouncer:deb|divisor_frequencia:div_inst|dividir_5:div6|And0                        ; LCCOMB_X12_Y5_N24 ; 3       ; Async. clear ; no     ; --                   ; --               ; --                        ;
; switch_debouncer:deb|divisor_frequencia:div_inst|dividir_5:div6|d_flipflop:b0|flipflop_inst ; FF_X11_Y5_N7      ; 3       ; Clock        ; no     ; --                   ; --               ; --                        ;
; switch_debouncer:deb|divisor_frequencia:div_inst|dividir_5:div6|d_flipflop:b1|flipflop_inst ; FF_X12_Y5_N29     ; 2       ; Clock        ; no     ; --                   ; --               ; --                        ;
; switch_debouncer:deb|divisor_frequencia:div_inst|dividir_5:div6|d_flipflop:b2|flipflop_inst ; FF_X12_Y5_N17     ; 3       ; Clock        ; no     ; --                   ; --               ; --                        ;
+---------------------------------------------------------------------------------------------+-------------------+---------+--------------+--------+----------------------+------------------+---------------------------+


+-----------------------------------------------------------------------------------------------------------------------------------------------------------------------------------------------------------------------+
; Global & Other Fast Signals                                                                                                                                                                                           ;
+--------------------------------------------------------------------------------+---------------+---------+--------------------------------------+----------------------+------------------+---------------------------+
; Name                                                                           ; Location      ; Fan-Out ; Fan-Out Using Intentional Clock Skew ; Global Resource Used ; Global Line Name ; Enable Signal Source Name ;
+--------------------------------------------------------------------------------+---------------+---------+--------------------------------------+----------------------+------------------+---------------------------+
; switch_debouncer:deb|d_flipflop:stable|flipflop_inst                           ; FF_X17_Y7_N15 ; 24      ; 0                                    ; Global Clock         ; GCLK8            ; --                        ;
; switch_debouncer:deb|divisor_frequencia:div_inst|d_flipflop:div8|flipflop_inst ; FF_X17_Y5_N17 ; 2       ; 0                                    ; Global Clock         ; GCLK5            ; --                        ;
+--------------------------------------------------------------------------------+---------------+---------+--------------------------------------+----------------------+------------------+---------------------------+


+----------------------------------------------+
; Routing Usage Summary                        ;
+-----------------------+----------------------+
; Routing Resource Type ; Usage                ;
+-----------------------+----------------------+
; Block interconnects   ; 322 / 9,335 ( 3 % )  ;
; C16 interconnects     ; 1 / 576 ( < 1 % )    ;
; C4 interconnects      ; 112 / 8,640 ( 1 % )  ;
; Direct links          ; 55 / 9,335 ( < 1 % ) ;
; Global clocks         ; 2 / 10 ( 20 % )      ;
; Local interconnects   ; 214 / 2,304 ( 9 % )  ;
; R24 interconnects     ; 2 / 672 ( < 1 % )    ;
; R4 interconnects      ; 174 / 11,968 ( 1 % ) ;
+-----------------------+----------------------+


+----------------------------------------------------------------------------+
; LAB Logic Elements                                                         ;
+---------------------------------------------+------------------------------+
; Number of Logic Elements  (Average = 10.13) ; Number of LABs  (Total = 32) ;
+---------------------------------------------+------------------------------+
; 1                                           ; 1                            ;
; 2                                           ; 3                            ;
; 3                                           ; 1                            ;
; 4                                           ; 3                            ;
; 5                                           ; 6                            ;
; 6                                           ; 0                            ;
; 7                                           ; 0                            ;
; 8                                           ; 0                            ;
; 9                                           ; 0                            ;
; 10                                          ; 1                            ;
; 11                                          ; 0                            ;
; 12                                          ; 0                            ;
; 13                                          ; 1                            ;
; 14                                          ; 2                            ;
; 15                                          ; 3                            ;
; 16                                          ; 11                           ;
+---------------------------------------------+------------------------------+


+-------------------------------------------------------------------+
; LAB-wide Signals                                                  ;
+------------------------------------+------------------------------+
; LAB-wide Signals  (Average = 0.59) ; Number of LABs  (Total = 32) ;
+------------------------------------+------------------------------+
; 1 Async. clear                     ; 2                            ;
; 1 Clock                            ; 12                           ;
; 2 Async. clears                    ; 2                            ;
; 2 Clocks                           ; 3                            ;
+------------------------------------+------------------------------+


+-----------------------------------------------------------------------------+
; LAB Signals Sourced                                                         ;
+----------------------------------------------+------------------------------+
; Number of Signals Sourced  (Average = 11.56) ; Number of LABs  (Total = 32) ;
+----------------------------------------------+------------------------------+
; 0                                            ; 0                            ;
; 1                                            ; 1                            ;
; 2                                            ; 0                            ;
; 3                                            ; 2                            ;
; 4                                            ; 1                            ;
; 5                                            ; 0                            ;
; 6                                            ; 4                            ;
; 7                                            ; 6                            ;
; 8                                            ; 0                            ;
; 9                                            ; 0                            ;
; 10                                           ; 1                            ;
; 11                                           ; 0                            ;
; 12                                           ; 0                            ;
; 13                                           ; 1                            ;
; 14                                           ; 2                            ;
; 15                                           ; 3                            ;
; 16                                           ; 8                            ;
; 17                                           ; 0                            ;
; 18                                           ; 0                            ;
; 19                                           ; 1                            ;
; 20                                           ; 0                            ;
; 21                                           ; 0                            ;
; 22                                           ; 1                            ;
; 23                                           ; 0                            ;
; 24                                           ; 0                            ;
; 25                                           ; 0                            ;
; 26                                           ; 0                            ;
; 27                                           ; 0                            ;
; 28                                           ; 1                            ;
+----------------------------------------------+------------------------------+


+--------------------------------------------------------------------------------+
; LAB Signals Sourced Out                                                        ;
+-------------------------------------------------+------------------------------+
; Number of Signals Sourced Out  (Average = 3.59) ; Number of LABs  (Total = 32) ;
+-------------------------------------------------+------------------------------+
; 0                                               ; 0                            ;
; 1                                               ; 6                            ;
; 2                                               ; 11                           ;
; 3                                               ; 6                            ;
; 4                                               ; 3                            ;
; 5                                               ; 3                            ;
; 6                                               ; 0                            ;
; 7                                               ; 1                            ;
; 8                                               ; 0                            ;
; 9                                               ; 0                            ;
; 10                                              ; 0                            ;
; 11                                              ; 0                            ;
; 12                                              ; 0                            ;
; 13                                              ; 0                            ;
; 14                                              ; 1                            ;
; 15                                              ; 0                            ;
; 16                                              ; 0                            ;
; 17                                              ; 0                            ;
; 18                                              ; 0                            ;
; 19                                              ; 0                            ;
; 20                                              ; 0                            ;
; 21                                              ; 1                            ;
+-------------------------------------------------+------------------------------+


+----------------------------------------------------------------------------+
; LAB Distinct Inputs                                                        ;
+---------------------------------------------+------------------------------+
; Number of Distinct Inputs  (Average = 5.88) ; Number of LABs  (Total = 32) ;
+---------------------------------------------+------------------------------+
; 0                                           ; 0                            ;
; 1                                           ; 5                            ;
; 2                                           ; 6                            ;
; 3                                           ; 1                            ;
; 4                                           ; 1                            ;
; 5                                           ; 0                            ;
; 6                                           ; 3                            ;
; 7                                           ; 4                            ;
; 8                                           ; 4                            ;
; 9                                           ; 4                            ;
; 10                                          ; 0                            ;
; 11                                          ; 0                            ;
; 12                                          ; 1                            ;
; 13                                          ; 0                            ;
; 14                                          ; 0                            ;
; 15                                          ; 0                            ;
; 16                                          ; 0                            ;
; 17                                          ; 0                            ;
; 18                                          ; 0                            ;
; 19                                          ; 2                            ;
+---------------------------------------------+------------------------------+


+------------------------------------------+
; I/O Rules Summary                        ;
+----------------------------------+-------+
; I/O Rules Statistic              ; Total ;
+----------------------------------+-------+
; Total I/O Rules                  ; 30    ;
; Number of I/O Rules Passed       ; 9     ;
; Number of I/O Rules Failed       ; 0     ;
; Number of I/O Rules Unchecked    ; 0     ;
; Number of I/O Rules Inapplicable ; 21    ;
+----------------------------------+-------+


+-----------------------------------------------------------------------------------------------------------------------------------------------------------------------------------------------------------------------------------------------------------------------------------------------------+
; I/O Rules Details                                                                                                                                                                                                                                                                                   ;
+--------------+-----------+-----------------------------------+------------------------------------------------------------------------------------------------------+----------+--------------------------------------------------------------------------+---------------------+-------------------+
; Status       ; ID        ; Category                          ; Rule Description                                                                                     ; Severity ; Information                                                              ; Area                ; Extra Information ;
+--------------+-----------+-----------------------------------+------------------------------------------------------------------------------------------------------+----------+--------------------------------------------------------------------------+---------------------+-------------------+
; Inapplicable ; IO_000001 ; Capacity Checks                   ; Number of pins in an I/O bank should not exceed the number of locations available.                   ; Critical ; No Location assignments found.                                           ; I/O                 ;                   ;
; Inapplicable ; IO_000002 ; Capacity Checks                   ; Number of clocks in an I/O bank should not exceed the number of clocks available.                    ; Critical ; No Global Signal assignments found.                                      ; I/O                 ;                   ;
; Inapplicable ; IO_000003 ; Capacity Checks                   ; Number of pins in a Vrefgroup should not exceed the number of locations available.                   ; Critical ; No Location assignments found.                                           ; I/O                 ;                   ;
; Inapplicable ; IO_000004 ; Voltage Compatibility Checks      ; The I/O bank should support the requested VCCIO.                                                     ; Critical ; No IOBANK_VCCIO assignments found.                                       ; I/O                 ;                   ;
; Inapplicable ; IO_000005 ; Voltage Compatibility Checks      ; The I/O bank should not have competing VREF values.                                                  ; Critical ; No VREF I/O Standard assignments found.                                  ; I/O                 ;                   ;
; Pass         ; IO_000006 ; Voltage Compatibility Checks      ; The I/O bank should not have competing VCCIO values.                                                 ; Critical ; 0 such failures found.                                                   ; I/O                 ;                   ;
; Inapplicable ; IO_000007 ; Valid Location Checks             ; Checks for unavailable locations.                                                                    ; Critical ; No Location assignments found.                                           ; I/O                 ;                   ;
; Inapplicable ; IO_000008 ; Valid Location Checks             ; Checks for reserved locations.                                                                       ; Critical ; No reserved LogicLock region found.                                      ; I/O                 ;                   ;
; Pass         ; IO_000009 ; I/O Properties Checks for One I/O ; The location should support the requested I/O standard.                                              ; Critical ; 0 such failures found.                                                   ; I/O                 ;                   ;
; Pass         ; IO_000010 ; I/O Properties Checks for One I/O ; The location should support the requested I/O direction.                                             ; Critical ; 0 such failures found.                                                   ; I/O                 ;                   ;
; Inapplicable ; IO_000011 ; I/O Properties Checks for One I/O ; The location should support the requested Current Strength.                                          ; Critical ; No Current Strength assignments found.                                   ; I/O                 ;                   ;
; Pass         ; IO_000012 ; I/O Properties Checks for One I/O ; The location should support the requested On Chip Termination value.                                 ; Critical ; 0 such failures found.                                                   ; I/O                 ;                   ;
; Inapplicable ; IO_000013 ; I/O Properties Checks for One I/O ; The location should support the requested Bus Hold value.                                            ; Critical ; No Enable Bus-Hold Circuitry assignments found.                          ; I/O                 ;                   ;
; Inapplicable ; IO_000014 ; I/O Properties Checks for One I/O ; The location should support the requested Weak Pull Up value.                                        ; Critical ; No Weak Pull-Up Resistor assignments found.                              ; I/O                 ;                   ;
; Pass         ; IO_000015 ; I/O Properties Checks for One I/O ; The location should support the requested PCI Clamp Diode.                                           ; Critical ; 0 such failures found.                                                   ; I/O                 ;                   ;
; Inapplicable ; IO_000018 ; I/O Properties Checks for One I/O ; The I/O standard should support the requested Current Strength.                                      ; Critical ; No Current Strength assignments found.                                   ; I/O                 ;                   ;
; Pass         ; IO_000019 ; I/O Properties Checks for One I/O ; The I/O standard should support the requested On Chip Termination value.                             ; Critical ; 0 such failures found.                                                   ; I/O                 ;                   ;
; Pass         ; IO_000020 ; I/O Properties Checks for One I/O ; The I/O standard should support the requested PCI Clamp Diode.                                       ; Critical ; 0 such failures found.                                                   ; I/O                 ;                   ;
; Inapplicable ; IO_000021 ; I/O Properties Checks for One I/O ; The I/O standard should support the requested Weak Pull Up value.                                    ; Critical ; No Weak Pull-Up Resistor assignments found.                              ; I/O                 ;                   ;
; Inapplicable ; IO_000022 ; I/O Properties Checks for One I/O ; The I/O standard should support the requested Bus Hold value.                                        ; Critical ; No Enable Bus-Hold Circuitry assignments found.                          ; I/O                 ;                   ;
; Inapplicable ; IO_000023 ; I/O Properties Checks for One I/O ; The I/O standard should support the Open Drain value.                                                ; Critical ; No open drain assignments found.                                         ; I/O                 ;                   ;
; Pass         ; IO_000024 ; I/O Properties Checks for One I/O ; The I/O direction should support the On Chip Termination value.                                      ; Critical ; 0 such failures found.                                                   ; I/O                 ;                   ;
; Inapplicable ; IO_000026 ; I/O Properties Checks for One I/O ; On Chip Termination and Current Strength should not be used at the same time.                        ; Critical ; No Current Strength assignments found.                                   ; I/O                 ;                   ;
; Inapplicable ; IO_000027 ; I/O Properties Checks for One I/O ; Weak Pull Up and Bus Hold should not be used at the same time.                                       ; Critical ; No Enable Bus-Hold Circuitry or Weak Pull-Up Resistor assignments found. ; I/O                 ;                   ;
; Inapplicable ; IO_000045 ; I/O Properties Checks for One I/O ; The I/O standard should support the requested Slew Rate value.                                       ; Critical ; No Slew Rate assignments found.                                          ; I/O                 ;                   ;
; Inapplicable ; IO_000046 ; I/O Properties Checks for One I/O ; The location should support the requested Slew Rate value.                                           ; Critical ; No Slew Rate assignments found.                                          ; I/O                 ;                   ;
; Inapplicable ; IO_000047 ; I/O Properties Checks for One I/O ; On Chip Termination and Slew Rate should not be used at the same time.                               ; Critical ; No Slew Rate assignments found.                                          ; I/O                 ;                   ;
; Pass         ; IO_000033 ; Electromigration Checks           ; Current density for consecutive I/Os should not exceed 160mA for row I/Os and 160mA for column I/Os. ; Critical ; 0 such failures found.                                                   ; I/O                 ;                   ;
; Inapplicable ; IO_000034 ; SI Related Distance Checks        ; Single-ended outputs should be 5 LAB row(s) away from a differential I/O.                            ; High     ; No Differential I/O Standard assignments found.                          ; I/O                 ;                   ;
; Inapplicable ; IO_000042 ; SI Related SSO Limit Checks       ; No more than 20 outputs are allowed in a VREF group when VREF is being read from.                    ; High     ; No VREF I/O Standard assignments found.                                  ; I/O                 ;                   ;
; ----         ; ----      ; Disclaimer                        ; OCT rules are checked but not reported.                                                              ; None     ; ----                                                                     ; On Chip Termination ;                   ;
+--------------+-----------+-----------------------------------+------------------------------------------------------------------------------------------------------+----------+--------------------------------------------------------------------------+---------------------+-------------------+


+--------------------------------------------------------------------------------------------------------------------------------------------------------------------------------------------------------------------------------------------------------------------------------------------------------------------------------------------------------------------------------------------------------------------------------------------------------------------------+
; I/O Rules Matrix                                                                                                                                                                                                                                                                                                                                                                                                                                                         ;
+--------------------+--------------+--------------+--------------+--------------+--------------+-----------+--------------+--------------+-----------+-----------+--------------+--------------+--------------+--------------+--------------+--------------+--------------+--------------+--------------+--------------+--------------+--------------+--------------+--------------+--------------+--------------+--------------+-----------+--------------+--------------+
; Pin/Rules          ; IO_000001    ; IO_000002    ; IO_000003    ; IO_000004    ; IO_000005    ; IO_000006 ; IO_000007    ; IO_000008    ; IO_000009 ; IO_000010 ; IO_000011    ; IO_000012    ; IO_000013    ; IO_000014    ; IO_000015    ; IO_000018    ; IO_000019    ; IO_000020    ; IO_000021    ; IO_000022    ; IO_000023    ; IO_000024    ; IO_000026    ; IO_000027    ; IO_000045    ; IO_000046    ; IO_000047    ; IO_000033 ; IO_000034    ; IO_000042    ;
+--------------------+--------------+--------------+--------------+--------------+--------------+-----------+--------------+--------------+-----------+-----------+--------------+--------------+--------------+--------------+--------------+--------------+--------------+--------------+--------------+--------------+--------------+--------------+--------------+--------------+--------------+--------------+--------------+-----------+--------------+--------------+
; Total Pass         ; 0            ; 0            ; 0            ; 0            ; 0            ; 59        ; 0            ; 0            ; 59        ; 59        ; 0            ; 49           ; 0            ; 0            ; 10           ; 0            ; 49           ; 10           ; 0            ; 0            ; 0            ; 49           ; 0            ; 0            ; 0            ; 0            ; 0            ; 59        ; 0            ; 0            ;
; Total Unchecked    ; 0            ; 0            ; 0            ; 0            ; 0            ; 0         ; 0            ; 0            ; 0         ; 0         ; 0            ; 0            ; 0            ; 0            ; 0            ; 0            ; 0            ; 0            ; 0            ; 0            ; 0            ; 0            ; 0            ; 0            ; 0            ; 0            ; 0            ; 0         ; 0            ; 0            ;
; Total Inapplicable ; 59           ; 59           ; 59           ; 59           ; 59           ; 0         ; 59           ; 59           ; 0         ; 0         ; 59           ; 10           ; 59           ; 59           ; 49           ; 59           ; 10           ; 49           ; 59           ; 59           ; 59           ; 10           ; 59           ; 59           ; 59           ; 59           ; 59           ; 0         ; 59           ; 59           ;
; Total Fail         ; 0            ; 0            ; 0            ; 0            ; 0            ; 0         ; 0            ; 0            ; 0         ; 0         ; 0            ; 0            ; 0            ; 0            ; 0            ; 0            ; 0            ; 0            ; 0            ; 0            ; 0            ; 0            ; 0            ; 0            ; 0            ; 0            ; 0            ; 0         ; 0            ; 0            ;
; data_in[7]         ; Inapplicable ; Inapplicable ; Inapplicable ; Inapplicable ; Inapplicable ; Pass      ; Inapplicable ; Inapplicable ; Pass      ; Pass      ; Inapplicable ; Inapplicable ; Inapplicable ; Inapplicable ; Pass         ; Inapplicable ; Inapplicable ; Pass         ; Inapplicable ; Inapplicable ; Inapplicable ; Inapplicable ; Inapplicable ; Inapplicable ; Inapplicable ; Inapplicable ; Inapplicable ; Pass      ; Inapplicable ; Inapplicable ;
; d1[0]              ; Inapplicable ; Inapplicable ; Inapplicable ; Inapplicable ; Inapplicable ; Pass      ; Inapplicable ; Inapplicable ; Pass      ; Pass      ; Inapplicable ; Pass         ; Inapplicable ; Inapplicable ; Inapplicable ; Inapplicable ; Pass         ; Inapplicable ; Inapplicable ; Inapplicable ; Inapplicable ; Pass         ; Inapplicable ; Inapplicable ; Inapplicable ; Inapplicable ; Inapplicable ; Pass      ; Inapplicable ; Inapplicable ;
; d1[1]              ; Inapplicable ; Inapplicable ; Inapplicable ; Inapplicable ; Inapplicable ; Pass      ; Inapplicable ; Inapplicable ; Pass      ; Pass      ; Inapplicable ; Pass         ; Inapplicable ; Inapplicable ; Inapplicable ; Inapplicable ; Pass         ; Inapplicable ; Inapplicable ; Inapplicable ; Inapplicable ; Pass         ; Inapplicable ; Inapplicable ; Inapplicable ; Inapplicable ; Inapplicable ; Pass      ; Inapplicable ; Inapplicable ;
; d1[2]              ; Inapplicable ; Inapplicable ; Inapplicable ; Inapplicable ; Inapplicable ; Pass      ; Inapplicable ; Inapplicable ; Pass      ; Pass      ; Inapplicable ; Pass         ; Inapplicable ; Inapplicable ; Inapplicable ; Inapplicable ; Pass         ; Inapplicable ; Inapplicable ; Inapplicable ; Inapplicable ; Pass         ; Inapplicable ; Inapplicable ; Inapplicable ; Inapplicable ; Inapplicable ; Pass      ; Inapplicable ; Inapplicable ;
; d1[3]              ; Inapplicable ; Inapplicable ; Inapplicable ; Inapplicable ; Inapplicable ; Pass      ; Inapplicable ; Inapplicable ; Pass      ; Pass      ; Inapplicable ; Pass         ; Inapplicable ; Inapplicable ; Inapplicable ; Inapplicable ; Pass         ; Inapplicable ; Inapplicable ; Inapplicable ; Inapplicable ; Pass         ; Inapplicable ; Inapplicable ; Inapplicable ; Inapplicable ; Inapplicable ; Pass      ; Inapplicable ; Inapplicable ;
; d1[4]              ; Inapplicable ; Inapplicable ; Inapplicable ; Inapplicable ; Inapplicable ; Pass      ; Inapplicable ; Inapplicable ; Pass      ; Pass      ; Inapplicable ; Pass         ; Inapplicable ; Inapplicable ; Inapplicable ; Inapplicable ; Pass         ; Inapplicable ; Inapplicable ; Inapplicable ; Inapplicable ; Pass         ; Inapplicable ; Inapplicable ; Inapplicable ; Inapplicable ; Inapplicable ; Pass      ; Inapplicable ; Inapplicable ;
; d1[5]              ; Inapplicable ; Inapplicable ; Inapplicable ; Inapplicable ; Inapplicable ; Pass      ; Inapplicable ; Inapplicable ; Pass      ; Pass      ; Inapplicable ; Pass         ; Inapplicable ; Inapplicable ; Inapplicable ; Inapplicable ; Pass         ; Inapplicable ; Inapplicable ; Inapplicable ; Inapplicable ; Pass         ; Inapplicable ; Inapplicable ; Inapplicable ; Inapplicable ; Inapplicable ; Pass      ; Inapplicable ; Inapplicable ;
; d1[6]              ; Inapplicable ; Inapplicable ; Inapplicable ; Inapplicable ; Inapplicable ; Pass      ; Inapplicable ; Inapplicable ; Pass      ; Pass      ; Inapplicable ; Pass         ; Inapplicable ; Inapplicable ; Inapplicable ; Inapplicable ; Pass         ; Inapplicable ; Inapplicable ; Inapplicable ; Inapplicable ; Pass         ; Inapplicable ; Inapplicable ; Inapplicable ; Inapplicable ; Inapplicable ; Pass      ; Inapplicable ; Inapplicable ;
; d1[7]              ; Inapplicable ; Inapplicable ; Inapplicable ; Inapplicable ; Inapplicable ; Pass      ; Inapplicable ; Inapplicable ; Pass      ; Pass      ; Inapplicable ; Pass         ; Inapplicable ; Inapplicable ; Inapplicable ; Inapplicable ; Pass         ; Inapplicable ; Inapplicable ; Inapplicable ; Inapplicable ; Pass         ; Inapplicable ; Inapplicable ; Inapplicable ; Inapplicable ; Inapplicable ; Pass      ; Inapplicable ; Inapplicable ;
; d2[0]              ; Inapplicable ; Inapplicable ; Inapplicable ; Inapplicable ; Inapplicable ; Pass      ; Inapplicable ; Inapplicable ; Pass      ; Pass      ; Inapplicable ; Pass         ; Inapplicable ; Inapplicable ; Inapplicable ; Inapplicable ; Pass         ; Inapplicable ; Inapplicable ; Inapplicable ; Inapplicable ; Pass         ; Inapplicable ; Inapplicable ; Inapplicable ; Inapplicable ; Inapplicable ; Pass      ; Inapplicable ; Inapplicable ;
; d2[1]              ; Inapplicable ; Inapplicable ; Inapplicable ; Inapplicable ; Inapplicable ; Pass      ; Inapplicable ; Inapplicable ; Pass      ; Pass      ; Inapplicable ; Pass         ; Inapplicable ; Inapplicable ; Inapplicable ; Inapplicable ; Pass         ; Inapplicable ; Inapplicable ; Inapplicable ; Inapplicable ; Pass         ; Inapplicable ; Inapplicable ; Inapplicable ; Inapplicable ; Inapplicable ; Pass      ; Inapplicable ; Inapplicable ;
; d2[2]              ; Inapplicable ; Inapplicable ; Inapplicable ; Inapplicable ; Inapplicable ; Pass      ; Inapplicable ; Inapplicable ; Pass      ; Pass      ; Inapplicable ; Pass         ; Inapplicable ; Inapplicable ; Inapplicable ; Inapplicable ; Pass         ; Inapplicable ; Inapplicable ; Inapplicable ; Inapplicable ; Pass         ; Inapplicable ; Inapplicable ; Inapplicable ; Inapplicable ; Inapplicable ; Pass      ; Inapplicable ; Inapplicable ;
; d2[3]              ; Inapplicable ; Inapplicable ; Inapplicable ; Inapplicable ; Inapplicable ; Pass      ; Inapplicable ; Inapplicable ; Pass      ; Pass      ; Inapplicable ; Pass         ; Inapplicable ; Inapplicable ; Inapplicable ; Inapplicable ; Pass         ; Inapplicable ; Inapplicable ; Inapplicable ; Inapplicable ; Pass         ; Inapplicable ; Inapplicable ; Inapplicable ; Inapplicable ; Inapplicable ; Pass      ; Inapplicable ; Inapplicable ;
; d2[4]              ; Inapplicable ; Inapplicable ; Inapplicable ; Inapplicable ; Inapplicable ; Pass      ; Inapplicable ; Inapplicable ; Pass      ; Pass      ; Inapplicable ; Pass         ; Inapplicable ; Inapplicable ; Inapplicable ; Inapplicable ; Pass         ; Inapplicable ; Inapplicable ; Inapplicable ; Inapplicable ; Pass         ; Inapplicable ; Inapplicable ; Inapplicable ; Inapplicable ; Inapplicable ; Pass      ; Inapplicable ; Inapplicable ;
; d2[5]              ; Inapplicable ; Inapplicable ; Inapplicable ; Inapplicable ; Inapplicable ; Pass      ; Inapplicable ; Inapplicable ; Pass      ; Pass      ; Inapplicable ; Pass         ; Inapplicable ; Inapplicable ; Inapplicable ; Inapplicable ; Pass         ; Inapplicable ; Inapplicable ; Inapplicable ; Inapplicable ; Pass         ; Inapplicable ; Inapplicable ; Inapplicable ; Inapplicable ; Inapplicable ; Pass      ; Inapplicable ; Inapplicable ;
; d2[6]              ; Inapplicable ; Inapplicable ; Inapplicable ; Inapplicable ; Inapplicable ; Pass      ; Inapplicable ; Inapplicable ; Pass      ; Pass      ; Inapplicable ; Pass         ; Inapplicable ; Inapplicable ; Inapplicable ; Inapplicable ; Pass         ; Inapplicable ; Inapplicable ; Inapplicable ; Inapplicable ; Pass         ; Inapplicable ; Inapplicable ; Inapplicable ; Inapplicable ; Inapplicable ; Pass      ; Inapplicable ; Inapplicable ;
; d2[7]              ; Inapplicable ; Inapplicable ; Inapplicable ; Inapplicable ; Inapplicable ; Pass      ; Inapplicable ; Inapplicable ; Pass      ; Pass      ; Inapplicable ; Pass         ; Inapplicable ; Inapplicable ; Inapplicable ; Inapplicable ; Pass         ; Inapplicable ; Inapplicable ; Inapplicable ; Inapplicable ; Pass         ; Inapplicable ; Inapplicable ; Inapplicable ; Inapplicable ; Inapplicable ; Pass      ; Inapplicable ; Inapplicable ;
; d3[0]              ; Inapplicable ; Inapplicable ; Inapplicable ; Inapplicable ; Inapplicable ; Pass      ; Inapplicable ; Inapplicable ; Pass      ; Pass      ; Inapplicable ; Pass         ; Inapplicable ; Inapplicable ; Inapplicable ; Inapplicable ; Pass         ; Inapplicable ; Inapplicable ; Inapplicable ; Inapplicable ; Pass         ; Inapplicable ; Inapplicable ; Inapplicable ; Inapplicable ; Inapplicable ; Pass      ; Inapplicable ; Inapplicable ;
; d3[1]              ; Inapplicable ; Inapplicable ; Inapplicable ; Inapplicable ; Inapplicable ; Pass      ; Inapplicable ; Inapplicable ; Pass      ; Pass      ; Inapplicable ; Pass         ; Inapplicable ; Inapplicable ; Inapplicable ; Inapplicable ; Pass         ; Inapplicable ; Inapplicable ; Inapplicable ; Inapplicable ; Pass         ; Inapplicable ; Inapplicable ; Inapplicable ; Inapplicable ; Inapplicable ; Pass      ; Inapplicable ; Inapplicable ;
; d3[2]              ; Inapplicable ; Inapplicable ; Inapplicable ; Inapplicable ; Inapplicable ; Pass      ; Inapplicable ; Inapplicable ; Pass      ; Pass      ; Inapplicable ; Pass         ; Inapplicable ; Inapplicable ; Inapplicable ; Inapplicable ; Pass         ; Inapplicable ; Inapplicable ; Inapplicable ; Inapplicable ; Pass         ; Inapplicable ; Inapplicable ; Inapplicable ; Inapplicable ; Inapplicable ; Pass      ; Inapplicable ; Inapplicable ;
; d3[3]              ; Inapplicable ; Inapplicable ; Inapplicable ; Inapplicable ; Inapplicable ; Pass      ; Inapplicable ; Inapplicable ; Pass      ; Pass      ; Inapplicable ; Pass         ; Inapplicable ; Inapplicable ; Inapplicable ; Inapplicable ; Pass         ; Inapplicable ; Inapplicable ; Inapplicable ; Inapplicable ; Pass         ; Inapplicable ; Inapplicable ; Inapplicable ; Inapplicable ; Inapplicable ; Pass      ; Inapplicable ; Inapplicable ;
; d3[4]              ; Inapplicable ; Inapplicable ; Inapplicable ; Inapplicable ; Inapplicable ; Pass      ; Inapplicable ; Inapplicable ; Pass      ; Pass      ; Inapplicable ; Pass         ; Inapplicable ; Inapplicable ; Inapplicable ; Inapplicable ; Pass         ; Inapplicable ; Inapplicable ; Inapplicable ; Inapplicable ; Pass         ; Inapplicable ; Inapplicable ; Inapplicable ; Inapplicable ; Inapplicable ; Pass      ; Inapplicable ; Inapplicable ;
; d3[5]              ; Inapplicable ; Inapplicable ; Inapplicable ; Inapplicable ; Inapplicable ; Pass      ; Inapplicable ; Inapplicable ; Pass      ; Pass      ; Inapplicable ; Pass         ; Inapplicable ; Inapplicable ; Inapplicable ; Inapplicable ; Pass         ; Inapplicable ; Inapplicable ; Inapplicable ; Inapplicable ; Pass         ; Inapplicable ; Inapplicable ; Inapplicable ; Inapplicable ; Inapplicable ; Pass      ; Inapplicable ; Inapplicable ;
; d3[6]              ; Inapplicable ; Inapplicable ; Inapplicable ; Inapplicable ; Inapplicable ; Pass      ; Inapplicable ; Inapplicable ; Pass      ; Pass      ; Inapplicable ; Pass         ; Inapplicable ; Inapplicable ; Inapplicable ; Inapplicable ; Pass         ; Inapplicable ; Inapplicable ; Inapplicable ; Inapplicable ; Pass         ; Inapplicable ; Inapplicable ; Inapplicable ; Inapplicable ; Inapplicable ; Pass      ; Inapplicable ; Inapplicable ;
; d3[7]              ; Inapplicable ; Inapplicable ; Inapplicable ; Inapplicable ; Inapplicable ; Pass      ; Inapplicable ; Inapplicable ; Pass      ; Pass      ; Inapplicable ; Pass         ; Inapplicable ; Inapplicable ; Inapplicable ; Inapplicable ; Pass         ; Inapplicable ; Inapplicable ; Inapplicable ; Inapplicable ; Pass         ; Inapplicable ; Inapplicable ; Inapplicable ; Inapplicable ; Inapplicable ; Pass      ; Inapplicable ; Inapplicable ;
; d4[0]              ; Inapplicable ; Inapplicable ; Inapplicable ; Inapplicable ; Inapplicable ; Pass      ; Inapplicable ; Inapplicable ; Pass      ; Pass      ; Inapplicable ; Pass         ; Inapplicable ; Inapplicable ; Inapplicable ; Inapplicable ; Pass         ; Inapplicable ; Inapplicable ; Inapplicable ; Inapplicable ; Pass         ; Inapplicable ; Inapplicable ; Inapplicable ; Inapplicable ; Inapplicable ; Pass      ; Inapplicable ; Inapplicable ;
; d4[1]              ; Inapplicable ; Inapplicable ; Inapplicable ; Inapplicable ; Inapplicable ; Pass      ; Inapplicable ; Inapplicable ; Pass      ; Pass      ; Inapplicable ; Pass         ; Inapplicable ; Inapplicable ; Inapplicable ; Inapplicable ; Pass         ; Inapplicable ; Inapplicable ; Inapplicable ; Inapplicable ; Pass         ; Inapplicable ; Inapplicable ; Inapplicable ; Inapplicable ; Inapplicable ; Pass      ; Inapplicable ; Inapplicable ;
; d4[2]              ; Inapplicable ; Inapplicable ; Inapplicable ; Inapplicable ; Inapplicable ; Pass      ; Inapplicable ; Inapplicable ; Pass      ; Pass      ; Inapplicable ; Pass         ; Inapplicable ; Inapplicable ; Inapplicable ; Inapplicable ; Pass         ; Inapplicable ; Inapplicable ; Inapplicable ; Inapplicable ; Pass         ; Inapplicable ; Inapplicable ; Inapplicable ; Inapplicable ; Inapplicable ; Pass      ; Inapplicable ; Inapplicable ;
; d4[3]              ; Inapplicable ; Inapplicable ; Inapplicable ; Inapplicable ; Inapplicable ; Pass      ; Inapplicable ; Inapplicable ; Pass      ; Pass      ; Inapplicable ; Pass         ; Inapplicable ; Inapplicable ; Inapplicable ; Inapplicable ; Pass         ; Inapplicable ; Inapplicable ; Inapplicable ; Inapplicable ; Pass         ; Inapplicable ; Inapplicable ; Inapplicable ; Inapplicable ; Inapplicable ; Pass      ; Inapplicable ; Inapplicable ;
; d4[4]              ; Inapplicable ; Inapplicable ; Inapplicable ; Inapplicable ; Inapplicable ; Pass      ; Inapplicable ; Inapplicable ; Pass      ; Pass      ; Inapplicable ; Pass         ; Inapplicable ; Inapplicable ; Inapplicable ; Inapplicable ; Pass         ; Inapplicable ; Inapplicable ; Inapplicable ; Inapplicable ; Pass         ; Inapplicable ; Inapplicable ; Inapplicable ; Inapplicable ; Inapplicable ; Pass      ; Inapplicable ; Inapplicable ;
; d4[5]              ; Inapplicable ; Inapplicable ; Inapplicable ; Inapplicable ; Inapplicable ; Pass      ; Inapplicable ; Inapplicable ; Pass      ; Pass      ; Inapplicable ; Pass         ; Inapplicable ; Inapplicable ; Inapplicable ; Inapplicable ; Pass         ; Inapplicable ; Inapplicable ; Inapplicable ; Inapplicable ; Pass         ; Inapplicable ; Inapplicable ; Inapplicable ; Inapplicable ; Inapplicable ; Pass      ; Inapplicable ; Inapplicable ;
; d4[6]              ; Inapplicable ; Inapplicable ; Inapplicable ; Inapplicable ; Inapplicable ; Pass      ; Inapplicable ; Inapplicable ; Pass      ; Pass      ; Inapplicable ; Pass         ; Inapplicable ; Inapplicable ; Inapplicable ; Inapplicable ; Pass         ; Inapplicable ; Inapplicable ; Inapplicable ; Inapplicable ; Pass         ; Inapplicable ; Inapplicable ; Inapplicable ; Inapplicable ; Inapplicable ; Pass      ; Inapplicable ; Inapplicable ;
; d4[7]              ; Inapplicable ; Inapplicable ; Inapplicable ; Inapplicable ; Inapplicable ; Pass      ; Inapplicable ; Inapplicable ; Pass      ; Pass      ; Inapplicable ; Pass         ; Inapplicable ; Inapplicable ; Inapplicable ; Inapplicable ; Pass         ; Inapplicable ; Inapplicable ; Inapplicable ; Inapplicable ; Pass         ; Inapplicable ; Inapplicable ; Inapplicable ; Inapplicable ; Inapplicable ; Pass      ; Inapplicable ; Inapplicable ;
; d5[0]              ; Inapplicable ; Inapplicable ; Inapplicable ; Inapplicable ; Inapplicable ; Pass      ; Inapplicable ; Inapplicable ; Pass      ; Pass      ; Inapplicable ; Pass         ; Inapplicable ; Inapplicable ; Inapplicable ; Inapplicable ; Pass         ; Inapplicable ; Inapplicable ; Inapplicable ; Inapplicable ; Pass         ; Inapplicable ; Inapplicable ; Inapplicable ; Inapplicable ; Inapplicable ; Pass      ; Inapplicable ; Inapplicable ;
; d5[1]              ; Inapplicable ; Inapplicable ; Inapplicable ; Inapplicable ; Inapplicable ; Pass      ; Inapplicable ; Inapplicable ; Pass      ; Pass      ; Inapplicable ; Pass         ; Inapplicable ; Inapplicable ; Inapplicable ; Inapplicable ; Pass         ; Inapplicable ; Inapplicable ; Inapplicable ; Inapplicable ; Pass         ; Inapplicable ; Inapplicable ; Inapplicable ; Inapplicable ; Inapplicable ; Pass      ; Inapplicable ; Inapplicable ;
; d5[2]              ; Inapplicable ; Inapplicable ; Inapplicable ; Inapplicable ; Inapplicable ; Pass      ; Inapplicable ; Inapplicable ; Pass      ; Pass      ; Inapplicable ; Pass         ; Inapplicable ; Inapplicable ; Inapplicable ; Inapplicable ; Pass         ; Inapplicable ; Inapplicable ; Inapplicable ; Inapplicable ; Pass         ; Inapplicable ; Inapplicable ; Inapplicable ; Inapplicable ; Inapplicable ; Pass      ; Inapplicable ; Inapplicable ;
; d5[3]              ; Inapplicable ; Inapplicable ; Inapplicable ; Inapplicable ; Inapplicable ; Pass      ; Inapplicable ; Inapplicable ; Pass      ; Pass      ; Inapplicable ; Pass         ; Inapplicable ; Inapplicable ; Inapplicable ; Inapplicable ; Pass         ; Inapplicable ; Inapplicable ; Inapplicable ; Inapplicable ; Pass         ; Inapplicable ; Inapplicable ; Inapplicable ; Inapplicable ; Inapplicable ; Pass      ; Inapplicable ; Inapplicable ;
; d5[4]              ; Inapplicable ; Inapplicable ; Inapplicable ; Inapplicable ; Inapplicable ; Pass      ; Inapplicable ; Inapplicable ; Pass      ; Pass      ; Inapplicable ; Pass         ; Inapplicable ; Inapplicable ; Inapplicable ; Inapplicable ; Pass         ; Inapplicable ; Inapplicable ; Inapplicable ; Inapplicable ; Pass         ; Inapplicable ; Inapplicable ; Inapplicable ; Inapplicable ; Inapplicable ; Pass      ; Inapplicable ; Inapplicable ;
; d5[5]              ; Inapplicable ; Inapplicable ; Inapplicable ; Inapplicable ; Inapplicable ; Pass      ; Inapplicable ; Inapplicable ; Pass      ; Pass      ; Inapplicable ; Pass         ; Inapplicable ; Inapplicable ; Inapplicable ; Inapplicable ; Pass         ; Inapplicable ; Inapplicable ; Inapplicable ; Inapplicable ; Pass         ; Inapplicable ; Inapplicable ; Inapplicable ; Inapplicable ; Inapplicable ; Pass      ; Inapplicable ; Inapplicable ;
; d5[6]              ; Inapplicable ; Inapplicable ; Inapplicable ; Inapplicable ; Inapplicable ; Pass      ; Inapplicable ; Inapplicable ; Pass      ; Pass      ; Inapplicable ; Pass         ; Inapplicable ; Inapplicable ; Inapplicable ; Inapplicable ; Pass         ; Inapplicable ; Inapplicable ; Inapplicable ; Inapplicable ; Pass         ; Inapplicable ; Inapplicable ; Inapplicable ; Inapplicable ; Inapplicable ; Pass      ; Inapplicable ; Inapplicable ;
; d5[7]              ; Inapplicable ; Inapplicable ; Inapplicable ; Inapplicable ; Inapplicable ; Pass      ; Inapplicable ; Inapplicable ; Pass      ; Pass      ; Inapplicable ; Pass         ; Inapplicable ; Inapplicable ; Inapplicable ; Inapplicable ; Pass         ; Inapplicable ; Inapplicable ; Inapplicable ; Inapplicable ; Pass         ; Inapplicable ; Inapplicable ; Inapplicable ; Inapplicable ; Inapplicable ; Pass      ; Inapplicable ; Inapplicable ;
; d6[0]              ; Inapplicable ; Inapplicable ; Inapplicable ; Inapplicable ; Inapplicable ; Pass      ; Inapplicable ; Inapplicable ; Pass      ; Pass      ; Inapplicable ; Pass         ; Inapplicable ; Inapplicable ; Inapplicable ; Inapplicable ; Pass         ; Inapplicable ; Inapplicable ; Inapplicable ; Inapplicable ; Pass         ; Inapplicable ; Inapplicable ; Inapplicable ; Inapplicable ; Inapplicable ; Pass      ; Inapplicable ; Inapplicable ;
; d6[1]              ; Inapplicable ; Inapplicable ; Inapplicable ; Inapplicable ; Inapplicable ; Pass      ; Inapplicable ; Inapplicable ; Pass      ; Pass      ; Inapplicable ; Pass         ; Inapplicable ; Inapplicable ; Inapplicable ; Inapplicable ; Pass         ; Inapplicable ; Inapplicable ; Inapplicable ; Inapplicable ; Pass         ; Inapplicable ; Inapplicable ; Inapplicable ; Inapplicable ; Inapplicable ; Pass      ; Inapplicable ; Inapplicable ;
; d6[2]              ; Inapplicable ; Inapplicable ; Inapplicable ; Inapplicable ; Inapplicable ; Pass      ; Inapplicable ; Inapplicable ; Pass      ; Pass      ; Inapplicable ; Pass         ; Inapplicable ; Inapplicable ; Inapplicable ; Inapplicable ; Pass         ; Inapplicable ; Inapplicable ; Inapplicable ; Inapplicable ; Pass         ; Inapplicable ; Inapplicable ; Inapplicable ; Inapplicable ; Inapplicable ; Pass      ; Inapplicable ; Inapplicable ;
; d6[3]              ; Inapplicable ; Inapplicable ; Inapplicable ; Inapplicable ; Inapplicable ; Pass      ; Inapplicable ; Inapplicable ; Pass      ; Pass      ; Inapplicable ; Pass         ; Inapplicable ; Inapplicable ; Inapplicable ; Inapplicable ; Pass         ; Inapplicable ; Inapplicable ; Inapplicable ; Inapplicable ; Pass         ; Inapplicable ; Inapplicable ; Inapplicable ; Inapplicable ; Inapplicable ; Pass      ; Inapplicable ; Inapplicable ;
; d6[4]              ; Inapplicable ; Inapplicable ; Inapplicable ; Inapplicable ; Inapplicable ; Pass      ; Inapplicable ; Inapplicable ; Pass      ; Pass      ; Inapplicable ; Pass         ; Inapplicable ; Inapplicable ; Inapplicable ; Inapplicable ; Pass         ; Inapplicable ; Inapplicable ; Inapplicable ; Inapplicable ; Pass         ; Inapplicable ; Inapplicable ; Inapplicable ; Inapplicable ; Inapplicable ; Pass      ; Inapplicable ; Inapplicable ;
; d6[5]              ; Inapplicable ; Inapplicable ; Inapplicable ; Inapplicable ; Inapplicable ; Pass      ; Inapplicable ; Inapplicable ; Pass      ; Pass      ; Inapplicable ; Pass         ; Inapplicable ; Inapplicable ; Inapplicable ; Inapplicable ; Pass         ; Inapplicable ; Inapplicable ; Inapplicable ; Inapplicable ; Pass         ; Inapplicable ; Inapplicable ; Inapplicable ; Inapplicable ; Inapplicable ; Pass      ; Inapplicable ; Inapplicable ;
; d6[6]              ; Inapplicable ; Inapplicable ; Inapplicable ; Inapplicable ; Inapplicable ; Pass      ; Inapplicable ; Inapplicable ; Pass      ; Pass      ; Inapplicable ; Pass         ; Inapplicable ; Inapplicable ; Inapplicable ; Inapplicable ; Pass         ; Inapplicable ; Inapplicable ; Inapplicable ; Inapplicable ; Pass         ; Inapplicable ; Inapplicable ; Inapplicable ; Inapplicable ; Inapplicable ; Pass      ; Inapplicable ; Inapplicable ;
; d6[7]              ; Inapplicable ; Inapplicable ; Inapplicable ; Inapplicable ; Inapplicable ; Pass      ; Inapplicable ; Inapplicable ; Pass      ; Pass      ; Inapplicable ; Pass         ; Inapplicable ; Inapplicable ; Inapplicable ; Inapplicable ; Pass         ; Inapplicable ; Inapplicable ; Inapplicable ; Inapplicable ; Pass         ; Inapplicable ; Inapplicable ; Inapplicable ; Inapplicable ; Inapplicable ; Pass      ; Inapplicable ; Inapplicable ;
; execute            ; Inapplicable ; Inapplicable ; Inapplicable ; Inapplicable ; Inapplicable ; Pass      ; Inapplicable ; Inapplicable ; Pass      ; Pass      ; Inapplicable ; Pass         ; Inapplicable ; Inapplicable ; Inapplicable ; Inapplicable ; Pass         ; Inapplicable ; Inapplicable ; Inapplicable ; Inapplicable ; Pass         ; Inapplicable ; Inapplicable ; Inapplicable ; Inapplicable ; Inapplicable ; Pass      ; Inapplicable ; Inapplicable ;
; data_in[2]         ; Inapplicable ; Inapplicable ; Inapplicable ; Inapplicable ; Inapplicable ; Pass      ; Inapplicable ; Inapplicable ; Pass      ; Pass      ; Inapplicable ; Inapplicable ; Inapplicable ; Inapplicable ; Pass         ; Inapplicable ; Inapplicable ; Pass         ; Inapplicable ; Inapplicable ; Inapplicable ; Inapplicable ; Inapplicable ; Inapplicable ; Inapplicable ; Inapplicable ; Inapplicable ; Pass      ; Inapplicable ; Inapplicable ;
; data_in[0]         ; Inapplicable ; Inapplicable ; Inapplicable ; Inapplicable ; Inapplicable ; Pass      ; Inapplicable ; Inapplicable ; Pass      ; Pass      ; Inapplicable ; Inapplicable ; Inapplicable ; Inapplicable ; Pass         ; Inapplicable ; Inapplicable ; Pass         ; Inapplicable ; Inapplicable ; Inapplicable ; Inapplicable ; Inapplicable ; Inapplicable ; Inapplicable ; Inapplicable ; Inapplicable ; Pass      ; Inapplicable ; Inapplicable ;
; data_in[5]         ; Inapplicable ; Inapplicable ; Inapplicable ; Inapplicable ; Inapplicable ; Pass      ; Inapplicable ; Inapplicable ; Pass      ; Pass      ; Inapplicable ; Inapplicable ; Inapplicable ; Inapplicable ; Pass         ; Inapplicable ; Inapplicable ; Pass         ; Inapplicable ; Inapplicable ; Inapplicable ; Inapplicable ; Inapplicable ; Inapplicable ; Inapplicable ; Inapplicable ; Inapplicable ; Pass      ; Inapplicable ; Inapplicable ;
; data_in[3]         ; Inapplicable ; Inapplicable ; Inapplicable ; Inapplicable ; Inapplicable ; Pass      ; Inapplicable ; Inapplicable ; Pass      ; Pass      ; Inapplicable ; Inapplicable ; Inapplicable ; Inapplicable ; Pass         ; Inapplicable ; Inapplicable ; Pass         ; Inapplicable ; Inapplicable ; Inapplicable ; Inapplicable ; Inapplicable ; Inapplicable ; Inapplicable ; Inapplicable ; Inapplicable ; Pass      ; Inapplicable ; Inapplicable ;
; data_in[1]         ; Inapplicable ; Inapplicable ; Inapplicable ; Inapplicable ; Inapplicable ; Pass      ; Inapplicable ; Inapplicable ; Pass      ; Pass      ; Inapplicable ; Inapplicable ; Inapplicable ; Inapplicable ; Pass         ; Inapplicable ; Inapplicable ; Pass         ; Inapplicable ; Inapplicable ; Inapplicable ; Inapplicable ; Inapplicable ; Inapplicable ; Inapplicable ; Inapplicable ; Inapplicable ; Pass      ; Inapplicable ; Inapplicable ;
; data_in[4]         ; Inapplicable ; Inapplicable ; Inapplicable ; Inapplicable ; Inapplicable ; Pass      ; Inapplicable ; Inapplicable ; Pass      ; Pass      ; Inapplicable ; Inapplicable ; Inapplicable ; Inapplicable ; Pass         ; Inapplicable ; Inapplicable ; Pass         ; Inapplicable ; Inapplicable ; Inapplicable ; Inapplicable ; Inapplicable ; Inapplicable ; Inapplicable ; Inapplicable ; Inapplicable ; Pass      ; Inapplicable ; Inapplicable ;
; data_in[6]         ; Inapplicable ; Inapplicable ; Inapplicable ; Inapplicable ; Inapplicable ; Pass      ; Inapplicable ; Inapplicable ; Pass      ; Pass      ; Inapplicable ; Inapplicable ; Inapplicable ; Inapplicable ; Pass         ; Inapplicable ; Inapplicable ; Pass         ; Inapplicable ; Inapplicable ; Inapplicable ; Inapplicable ; Inapplicable ; Inapplicable ; Inapplicable ; Inapplicable ; Inapplicable ; Pass      ; Inapplicable ; Inapplicable ;
; switch_in          ; Inapplicable ; Inapplicable ; Inapplicable ; Inapplicable ; Inapplicable ; Pass      ; Inapplicable ; Inapplicable ; Pass      ; Pass      ; Inapplicable ; Inapplicable ; Inapplicable ; Inapplicable ; Pass         ; Inapplicable ; Inapplicable ; Pass         ; Inapplicable ; Inapplicable ; Inapplicable ; Inapplicable ; Inapplicable ; Inapplicable ; Inapplicable ; Inapplicable ; Inapplicable ; Pass      ; Inapplicable ; Inapplicable ;
; clk                ; Inapplicable ; Inapplicable ; Inapplicable ; Inapplicable ; Inapplicable ; Pass      ; Inapplicable ; Inapplicable ; Pass      ; Pass      ; Inapplicable ; Inapplicable ; Inapplicable ; Inapplicable ; Pass         ; Inapplicable ; Inapplicable ; Pass         ; Inapplicable ; Inapplicable ; Inapplicable ; Inapplicable ; Inapplicable ; Inapplicable ; Inapplicable ; Inapplicable ; Inapplicable ; Pass      ; Inapplicable ; Inapplicable ;
+--------------------+--------------+--------------+--------------+--------------+--------------+-----------+--------------+--------------+-----------+-----------+--------------+--------------+--------------+--------------+--------------+--------------+--------------+--------------+--------------+--------------+--------------+--------------+--------------+--------------+--------------+--------------+--------------+-----------+--------------+--------------+


+-------------------------------------------------------------------------------------------+
; Fitter Device Options                                                                     ;
+------------------------------------------------------------------+------------------------+
; Option                                                           ; Setting                ;
+------------------------------------------------------------------+------------------------+
; Enable user-supplied start-up clock (CLKUSR)                     ; Off                    ;
; Enable device-wide reset (DEV_CLRn)                              ; Off                    ;
; Enable device-wide output enable (DEV_OE)                        ; Off                    ;
; Enable INIT_DONE output                                          ; Off                    ;
; Configuration scheme                                             ; Internal Configuration ;
; Enable Error Detection CRC_ERROR pin                             ; Off                    ;
; Enable open drain on CRC_ERROR pin                               ; Off                    ;
; Enable nCONFIG, nSTATUS, and CONF_DONE pins                      ; On                     ;
; Enable JTAG pin sharing                                          ; Off                    ;
; Enable nCE pin                                                   ; Off                    ;
; Enable CONFIG_SEL pin                                            ; On                     ;
; Enable input tri-state on active configuration pins in user mode ; Off                    ;
; Configuration Voltage Level                                      ; Auto                   ;
; Force Configuration Voltage Level                                ; Off                    ;
; Data[0]                                                          ; Unreserved             ;
; Data[1]/ASDO                                                     ; Unreserved             ;
; FLASH_nCE/nCSO                                                   ; Unreserved             ;
; DCLK                                                             ; Unreserved             ;
+------------------------------------------------------------------+------------------------+


+------------------------------------+
; Operating Settings and Conditions  ;
+---------------------------+--------+
; Setting                   ; Value  ;
+---------------------------+--------+
; Nominal Core Voltage      ; 1.20 V ;
; Low Junction Temperature  ; -40 °C ;
; High Junction Temperature ; 125 °C ;
+---------------------------+--------+


+-------------------------------------------------------------------------------------------------------------------------------------------------------------------------------------------------------------------------------------------------------------------------------------------------------------------+
; Estimated Delay Added for Hold Timing Summary                                                                                                                                                                                                                                                                     ;
+-------------------------------------------------------------------------------------------------+---------------------------------------------------------------------------------------------------------------------------------------------------------------------------------------------+-------------------+
; Source Clock(s)                                                                                 ; Destination Clock(s)                                                                                                                                                                        ; Delay Added in ns ;
+-------------------------------------------------------------------------------------------------+---------------------------------------------------------------------------------------------------------------------------------------------------------------------------------------------+-------------------+
; clk                                                                                             ; clk                                                                                                                                                                                         ; 2.3               ;
; switch_debouncer:deb|divisor_frequencia:div_inst|dividir_5:div1|d_flipflop:b2|flipflop_inst     ; switch_debouncer:deb|divisor_frequencia:div_inst|dividir_5:div1|d_flipflop:b2|flipflop_inst                                                                                                 ; 1.3               ;
; switch_debouncer:deb|divisor_frequencia:div_inst|dividir_5:div5|d_flipflop:b0|flipflop_inst     ; switch_debouncer:deb|divisor_frequencia:div_inst|dividir_5:div5|d_flipflop:b0|flipflop_inst                                                                                                 ; 1.3               ;
; switch_debouncer:deb|divisor_frequencia:div_inst|dividir_5:div4|d_flipflop:b2|flipflop_inst     ; switch_debouncer:deb|divisor_frequencia:div_inst|dividir_5:div4|d_flipflop:b2|flipflop_inst                                                                                                 ; 1.2               ;
; switch_debouncer:deb|divisor_frequencia:div_inst|dividir_5:div3|d_flipflop:b2|flipflop_inst     ; switch_debouncer:deb|divisor_frequencia:div_inst|dividir_5:div3|d_flipflop:b2|flipflop_inst                                                                                                 ; 1.2               ;
; switch_debouncer:deb|divisor_frequencia:div_inst|dividir_5:div6|d_flipflop:b2|flipflop_inst     ; switch_debouncer:deb|divisor_frequencia:div_inst|dividir_5:div6|d_flipflop:b2|flipflop_inst                                                                                                 ; 1.2               ;
; switch_debouncer:deb|divisor_frequencia:div_inst|dividir_5:div5|d_flipflop:b1|flipflop_inst     ; switch_debouncer:deb|divisor_frequencia:div_inst|dividir_5:div5|d_flipflop:b1|flipflop_inst                                                                                                 ; 1.1               ;
; switch_debouncer:deb|divisor_frequencia:div_inst|dividir_5:div1|d_flipflop:b0|flipflop_inst     ; switch_debouncer:deb|divisor_frequencia:div_inst|dividir_5:div1|d_flipflop:b0|flipflop_inst                                                                                                 ; 1.1               ;
; switch_debouncer:deb|divisor_frequencia:div_inst|dividir_5:div5|d_flipflop:b2|flipflop_inst     ; switch_debouncer:deb|divisor_frequencia:div_inst|dividir_5:div5|d_flipflop:b2|flipflop_inst                                                                                                 ; 1.1               ;
; switch_debouncer:deb|divisor_frequencia:div_inst|dividir_5:div4|d_flipflop:b0|flipflop_inst     ; switch_debouncer:deb|divisor_frequencia:div_inst|dividir_5:div4|d_flipflop:b0|flipflop_inst                                                                                                 ; 1.1               ;
; switch_debouncer:deb|divisor_frequencia:div_inst|dividir_5:div3|d_flipflop:b0|flipflop_inst     ; switch_debouncer:deb|divisor_frequencia:div_inst|dividir_5:div3|d_flipflop:b0|flipflop_inst                                                                                                 ; 1.1               ;
; switch_debouncer:deb|divisor_frequencia:div_inst|dividir_5:div2|d_flipflop:b1|flipflop_inst     ; switch_debouncer:deb|divisor_frequencia:div_inst|dividir_5:div2|d_flipflop:b1|flipflop_inst                                                                                                 ; 1.1               ;
; clk                                                                                             ; switch_debouncer:deb|divisor_frequencia:div_inst|dividir_5:div1|d_flipflop:b1|flipflop_inst,clk,switch_debouncer:deb|divisor_frequencia:div_inst|dividir_5:div1|d_flipflop:b0|flipflop_inst ; 1.1               ;
; switch_debouncer:deb|divisor_frequencia:div_inst|dividir_5:div1|d_flipflop:b1|flipflop_inst,clk ; switch_debouncer:deb|divisor_frequencia:div_inst|dividir_5:div1|d_flipflop:b1|flipflop_inst                                                                                                 ; 1.1               ;
; switch_debouncer:deb|divisor_frequencia:div_inst|dividir_5:div1|d_flipflop:b1|flipflop_inst     ; switch_debouncer:deb|divisor_frequencia:div_inst|dividir_5:div1|d_flipflop:b1|flipflop_inst,clk,switch_debouncer:deb|divisor_frequencia:div_inst|dividir_5:div1|d_flipflop:b0|flipflop_inst ; 1.1               ;
+-------------------------------------------------------------------------------------------------+---------------------------------------------------------------------------------------------------------------------------------------------------------------------------------------------+-------------------+
Note: For more information on problematic transfers, consider running the Fitter again with the Optimize hold timing option (Settings Menu) turned off.
This will disable optimization of problematic paths and expose them for further analysis using the Timing Analyzer.


+---------------------------------------------------------------------------------------------------------------------------------------------------------------------------------------------------------------+
; Estimated Delay Added for Hold Timing Details                                                                                                                                                                 ;
+---------------------------------------------------------------------------------------------+---------------------------------------------------------------------------------------------+-------------------+
; Source Register                                                                             ; Destination Register                                                                        ; Delay Added in ns ;
+---------------------------------------------------------------------------------------------+---------------------------------------------------------------------------------------------+-------------------+
; switch_debouncer:deb|divisor_frequencia:div_inst|dividir_5:div1|d_flipflop:b0|flipflop_inst ; switch_debouncer:deb|divisor_frequencia:div_inst|dividir_5:div1|d_flipflop:b0|flipflop_inst ; 2.343             ;
; switch_debouncer:deb|divisor_frequencia:div_inst|dividir_5:div1|d_flipflop:b2|flipflop_inst ; switch_debouncer:deb|divisor_frequencia:div_inst|dividir_5:div1|d_flipflop:b2|flipflop_inst ; 2.140             ;
; switch_debouncer:deb|divisor_frequencia:div_inst|dividir_5:div2|d_flipflop:b0|flipflop_inst ; switch_debouncer:deb|divisor_frequencia:div_inst|dividir_5:div2|d_flipflop:b0|flipflop_inst ; 1.273             ;
; switch_debouncer:deb|divisor_frequencia:div_inst|dividir_5:div5|d_flipflop:b1|flipflop_inst ; switch_debouncer:deb|divisor_frequencia:div_inst|dividir_5:div5|d_flipflop:b1|flipflop_inst ; 1.259             ;
; switch_debouncer:deb|divisor_frequencia:div_inst|dividir_5:div5|d_flipflop:b0|flipflop_inst ; switch_debouncer:deb|divisor_frequencia:div_inst|dividir_5:div5|d_flipflop:b0|flipflop_inst ; 1.241             ;
; switch_debouncer:deb|divisor_frequencia:div_inst|dividir_5:div4|d_flipflop:b0|flipflop_inst ; switch_debouncer:deb|divisor_frequencia:div_inst|dividir_5:div4|d_flipflop:b0|flipflop_inst ; 1.232             ;
; switch_debouncer:deb|divisor_frequencia:div_inst|d_flipflop:div7|flipflop_inst              ; switch_debouncer:deb|divisor_frequencia:div_inst|d_flipflop:div7|flipflop_inst              ; 1.185             ;
; switch_debouncer:deb|divisor_frequencia:div_inst|dividir_5:div5|d_flipflop:b2|flipflop_inst ; switch_debouncer:deb|divisor_frequencia:div_inst|dividir_5:div5|d_flipflop:b2|flipflop_inst ; 1.127             ;
; switch_debouncer:deb|divisor_frequencia:div_inst|dividir_5:div1|d_flipflop:b1|flipflop_inst ; switch_debouncer:deb|divisor_frequencia:div_inst|dividir_5:div1|d_flipflop:b1|flipflop_inst ; 1.119             ;
; switch_debouncer:deb|divisor_frequencia:div_inst|dividir_5:div6|d_flipflop:b0|flipflop_inst ; switch_debouncer:deb|divisor_frequencia:div_inst|dividir_5:div6|d_flipflop:b0|flipflop_inst ; 1.113             ;
; switch_debouncer:deb|divisor_frequencia:div_inst|dividir_5:div4|d_flipflop:b1|flipflop_inst ; switch_debouncer:deb|divisor_frequencia:div_inst|dividir_5:div4|d_flipflop:b1|flipflop_inst ; 1.077             ;
; switch_debouncer:deb|divisor_frequencia:div_inst|dividir_5:div3|d_flipflop:b1|flipflop_inst ; switch_debouncer:deb|divisor_frequencia:div_inst|dividir_5:div3|d_flipflop:b1|flipflop_inst ; 1.077             ;
; switch_debouncer:deb|divisor_frequencia:div_inst|dividir_5:div2|d_flipflop:b2|flipflop_inst ; switch_debouncer:deb|divisor_frequencia:div_inst|dividir_5:div2|d_flipflop:b2|flipflop_inst ; 1.077             ;
; switch_debouncer:deb|divisor_frequencia:div_inst|dividir_5:div6|d_flipflop:b1|flipflop_inst ; switch_debouncer:deb|divisor_frequencia:div_inst|dividir_5:div6|d_flipflop:b1|flipflop_inst ; 0.945             ;
; switch_debouncer:deb|divisor_frequencia:div_inst|dividir_5:div3|d_flipflop:b0|flipflop_inst ; switch_debouncer:deb|divisor_frequencia:div_inst|dividir_5:div3|d_flipflop:b0|flipflop_inst ; 0.849             ;
; switch_debouncer:deb|divisor_frequencia:div_inst|d_flipflop:div8|flipflop_inst              ; switch_debouncer:deb|divisor_frequencia:div_inst|d_flipflop:div8|flipflop_inst              ; 0.841             ;
; switch_debouncer:deb|divisor_frequencia:div_inst|dividir_5:div4|d_flipflop:b2|flipflop_inst ; switch_debouncer:deb|divisor_frequencia:div_inst|dividir_5:div4|d_flipflop:b0|flipflop_inst ; 0.834             ;
; switch_debouncer:deb|divisor_frequencia:div_inst|dividir_5:div2|d_flipflop:b1|flipflop_inst ; switch_debouncer:deb|divisor_frequencia:div_inst|dividir_5:div2|d_flipflop:b1|flipflop_inst ; 0.813             ;
; switch_debouncer:deb|divisor_frequencia:div_inst|dividir_5:div3|d_flipflop:b2|flipflop_inst ; switch_debouncer:deb|divisor_frequencia:div_inst|dividir_5:div3|d_flipflop:b2|flipflop_inst ; 0.813             ;
; switch_debouncer:deb|divisor_frequencia:div_inst|dividir_5:div6|d_flipflop:b2|flipflop_inst ; switch_debouncer:deb|divisor_frequencia:div_inst|dividir_5:div6|d_flipflop:b2|flipflop_inst ; 0.813             ;
+---------------------------------------------------------------------------------------------+---------------------------------------------------------------------------------------------+-------------------+
Note: This table only shows the top 20 path(s) that have the largest delay added for hold.


+-----------------+
; Fitter Messages ;
+-----------------+
Warning (18236): Number of processors has not been specified which may cause overloading on shared machines.  Set the global assignment NUM_PARALLEL_PROCESSORS in your QSF to an appropriate value for best performance.
Info (20030): Parallel compilation is enabled and will use 4 of the 4 processors detected
Info (119006): Selected device 10M02DCU324A6G for design "ULA"
Info (21077): Low junction temperature is -40 degrees C
Info (21077): High junction temperature is 125 degrees C
Info (171003): Fitter is performing an Auto Fit compilation, which may decrease Fitter effort to reduce compilation time
Warning (292013): Feature LogicLock is only available with a valid subscription license. You can purchase a software subscription to gain full access to this feature.
Info (176444): Device migration not selected. If you intend to use device migration later, you may need to change the pin assignments as they may be incompatible with other devices
Info (169124): Fitter converted 8 user pins into dedicated programming pins
    Info (169125): Pin ~ALTERA_TMS~ is reserved at location J7
    Info (169125): Pin ~ALTERA_TCK~ is reserved at location J8
    Info (169125): Pin ~ALTERA_TDI~ is reserved at location H3
    Info (169125): Pin ~ALTERA_TDO~ is reserved at location H4
    Info (169125): Pin ~ALTERA_CONFIG_SEL~ is reserved at location G9
    Info (169125): Pin ~ALTERA_nCONFIG~ is reserved at location H9
    Info (169125): Pin ~ALTERA_nSTATUS~ is reserved at location G8
    Info (169125): Pin ~ALTERA_CONF_DONE~ is reserved at location H8
Info (169141): DATA[0] dual-purpose pin not reserved
Info (12825): Data[1]/ASDO dual-purpose pin not reserved
Info (12825): nCSO dual-purpose pin not reserved
Info (12825): DCLK dual-purpose pin not reserved
Warning (15714): Some pins have incomplete I/O assignments. Refer to the I/O Assignment Warnings report for details
Critical Warning (169085): No exact pin location assignment(s) for 59 pins of 59 total pins. For the list of pins please refer to the I/O Assignment Warnings table in the fitter report.
Critical Warning (332012): Synopsys Design Constraints File file not found: 'ULA.sdc'. A Synopsys Design Constraints File is required by the Timing Analyzer to get proper timing constraints. Without it, the Compiler will not properly optimize the design.
Info (332144): No user constrained base clocks found in the design
Info (332143): No user constrained clock uncertainty found in the design. Calling "derive_clock_uncertainty"
Info (332123): Deriving Clock Uncertainty. Please refer to report_sdc in the Timing Analyzer to see clock uncertainties.
Info (332130): Timing requirements not specified -- quality metrics such as performance may be sacrificed to reduce compilation time.
Info (176353): Automatically promoted node switch_debouncer:deb|d_flipflop:stable|flipflop_inst  File: D:/rep_ula/ULA - PBL 2/d_flipflop.v Line: 14
    Info (176355): Automatically promoted destinations to use location or clock signal Global Clock
Info (176353): Automatically promoted node switch_debouncer:deb|divisor_frequencia:div_inst|d_flipflop:div8|flipflop_inst  File: D:/rep_ula/ULA - PBL 2/d_flipflop.v Line: 14
    Info (176355): Automatically promoted destinations to use location or clock signal Global Clock
    Info (176356): Following destination nodes may be non-global or may not use global or regional clocks
        Info (176357): Destination node switch_debouncer:deb|divisor_frequencia:div_inst|d_flipflop:div8|flipflop_inst~0 File: D:/rep_ula/ULA - PBL 2/d_flipflop.v Line: 14
Info (176233): Starting register packing
Info (176235): Finished register packing
    Extra Info (176219): No registers were packed into other blocks
Info (176214): Statistics of I/O pins that need to be placed that use the same VCCIO and VREF, before I/O pin placement
    Info (176211): Number of I/O pins in group: 59 (unused VREF, 2.5V VCCIO, 10 input, 49 output, 0 bidirectional)
        Info (176212): I/O standards used: 2.5 V.
Info (176215): I/O bank details before I/O pin placement
    Info (176214): Statistics of I/O banks
        Info (176213): I/O bank number 1A does not use VREF pins and has undetermined VCCIO pins. 0 total pin(s) used --  8 pins available
        Info (176213): I/O bank number 1B does not use VREF pins and has undetermined VCCIO pins. 4 total pin(s) used --  16 pins available
        Info (176213): I/O bank number 2 does not use VREF pins and has undetermined VCCIO pins. 0 total pin(s) used --  16 pins available
        Info (176213): I/O bank number 3 does not use VREF pins and has undetermined VCCIO pins. 0 total pin(s) used --  34 pins available
        Info (176213): I/O bank number 5 does not use VREF pins and has undetermined VCCIO pins. 0 total pin(s) used --  20 pins available
        Info (176213): I/O bank number 6 does not use VREF pins and has undetermined VCCIO pins. 0 total pin(s) used --  32 pins available
        Info (176213): I/O bank number 8 does not use VREF pins and has undetermined VCCIO pins. 4 total pin(s) used --  26 pins available
Info (171121): Fitter preparation operations ending: elapsed time is 00:00:02
Info (14896): Fitter has disabled Advanced Physical Optimization because it is not supported for the current family.
Info (170189): Fitter placement preparation operations beginning
Info (170190): Fitter placement preparation operations ending: elapsed time is 00:00:00
Info (170191): Fitter placement operations beginning
Info (170137): Fitter placement was successful
Info (170192): Fitter placement operations ending: elapsed time is 00:00:04
Info (170193): Fitter routing operations beginning
Info (170195): Router estimated average interconnect usage is 1% of the available device resources
    Info (170196): Router estimated peak interconnect usage is 3% of the available device resources in the region that extends from location X9_Y0 to location X18_Y8
Info (170199): The Fitter performed an Auto Fit compilation.  Optimizations were skipped to reduce compilation time.
    Info (170201): Optimizations that may affect the design's routability were skipped
Info (170194): Fitter routing operations ending: elapsed time is 00:00:01
Info (11888): Total time spent on timing analysis during the Fitter is 0.85 seconds.
Info (334003): Started post-fitting delay annotation
Info (334004): Delay annotation completed successfully
Info (334003): Started post-fitting delay annotation
Info (334004): Delay annotation completed successfully
Info (11218): Fitter post-fit operations ending: elapsed time is 00:00:02
Info (144001): Generated suppressed messages file D:/rep_ula/ULA - PBL 2/output_files/ULA.fit.smsg
Info: Quartus Prime Fitter was successful. 0 errors, 5 warnings
    Info: Peak virtual memory: 5565 megabytes
    Info: Processing ended: Sun Oct 12 23:07:17 2025
    Info: Elapsed time: 00:00:11
    Info: Total CPU time (on all processors): 00:00:15


+----------------------------+
; Fitter Suppressed Messages ;
+----------------------------+
The suppressed messages can be found in D:/rep_ula/ULA - PBL 2/output_files/ULA.fit.smsg.


