Analysis & Synthesis report for ULA
Mon Oct 13 18:04:30 2025
Quartus Prime Version 20.1.1 Build 720 11/11/2020 SJ Lite Edition


---------------------
; Table of Contents ;
---------------------
  1. Legal Notice
  2. Analysis & Synthesis Summary
  3. Analysis & Synthesis Settings
  4. Parallel Compilation
  5. Analysis & Synthesis Source Files Read
  6. Analysis & Synthesis Resource Usage Summary
  7. Analysis & Synthesis Resource Utilization by Entity
  8. General Register Statistics
  9. Port Connectivity Checks: "display7seg:comb_11|display_octal:comb_6"
 10. Port Connectivity Checks: "display7seg:comb_11|displaydezena:comb_4"
 11. Port Connectivity Checks: "display7seg:comb_11|displayunidade:comb_3"
 12. Port Connectivity Checks: "register_8bit:comb_10"
 13. Port Connectivity Checks: "mux:mux_8bit|mux8bit:mux15"
 14. Port Connectivity Checks: "mux:mux_8bit|mux8bit:mux14"
 15. Port Connectivity Checks: "mux:mux_8bit|mux8bit:mux13"
 16. Port Connectivity Checks: "mux:mux_8bit|mux8bit:mux12"
 17. Port Connectivity Checks: "mux:mux_8bit|mux8bit:mux11"
 18. Port Connectivity Checks: "mux:mux_8bit|mux8bit:mux10"
 19. Port Connectivity Checks: "mux:mux_8bit|mux8bit:mux09"
 20. Port Connectivity Checks: "mux:mux_8bit|mux8bit:mux08"
 21. Port Connectivity Checks: "mux:mux_8bit|mux8bit:mux07"
 22. Port Connectivity Checks: "mux:mux_8bit|mux8bit:mux06"
 23. Port Connectivity Checks: "mux:mux_8bit|mux8bit:mux05"
 24. Port Connectivity Checks: "mux:mux_8bit|mux8bit:mux04"
 25. Port Connectivity Checks: "mux:mux_8bit|mux8bit:mux03"
 26. Port Connectivity Checks: "mux:mux_8bit|mux8bit:mux02"
 27. Port Connectivity Checks: "mux:mux_8bit|mux8bit:mux01"
 28. Port Connectivity Checks: "mux:mux_8bit|mux8bit:mux00"
 29. Port Connectivity Checks: "FlagZero:comb_8"
 30. Port Connectivity Checks: "muxFlag:comb_7"
 31. Port Connectivity Checks: "FlagErro:comb_5"
 32. Port Connectivity Checks: "divisor8bit:divisor0|mux_divisor:mux7"
 33. Port Connectivity Checks: "divisor8bit:divisor0|sub8bit:sub7"
 34. Port Connectivity Checks: "divisor8bit:divisor0|mux_divisor:mux6"
 35. Port Connectivity Checks: "divisor8bit:divisor0|sub8bit:sub6"
 36. Port Connectivity Checks: "divisor8bit:divisor0|mux_divisor:mux5"
 37. Port Connectivity Checks: "divisor8bit:divisor0|sub8bit:sub5"
 38. Port Connectivity Checks: "divisor8bit:divisor0|mux_divisor:mux4"
 39. Port Connectivity Checks: "divisor8bit:divisor0|sub8bit:sub4"
 40. Port Connectivity Checks: "divisor8bit:divisor0|mux_divisor:mux3"
 41. Port Connectivity Checks: "divisor8bit:divisor0|sub8bit:sub3"
 42. Port Connectivity Checks: "divisor8bit:divisor0|mux_divisor:mux2"
 43. Port Connectivity Checks: "divisor8bit:divisor0|sub8bit:sub2"
 44. Port Connectivity Checks: "divisor8bit:divisor0|mux_divisor:mux1"
 45. Port Connectivity Checks: "divisor8bit:divisor0|sub8bit:sub1"
 46. Port Connectivity Checks: "divisor8bit:divisor0|mux_divisor:mux0"
 47. Port Connectivity Checks: "divisor8bit:divisor0|sub8bit:sub0"
 48. Port Connectivity Checks: "sub8bit:subtrator"
 49. Port Connectivity Checks: "sum8bit:somador|sum:somador1"
 50. Port Connectivity Checks: "sum8bit:somador"
 51. Port Connectivity Checks: "top:comb_3|shift_register:sr|d_flipflop:dff_execute"
 52. Port Connectivity Checks: "top:comb_3|shift_register:sr|contador_mod4:shift_register_counter|d_flipflop:dff1"
 53. Port Connectivity Checks: "top:comb_3|shift_register:sr|contador_mod4:shift_register_counter|d_flipflop:dff0"
 54. Port Connectivity Checks: "top:comb_3|shift_register:sr|register_8bit:reg3"
 55. Port Connectivity Checks: "top:comb_3|shift_register:sr|register_8bit:reg2"
 56. Port Connectivity Checks: "top:comb_3|shift_register:sr|register_8bit:reg1"
 57. Port Connectivity Checks: "top:comb_3|switch_debouncer:deb|divisor_frequencia:div_inst|d_flipflop:div10"
 58. Port Connectivity Checks: "top:comb_3|switch_debouncer:deb|divisor_frequencia:div_inst|d_flipflop:div9"
 59. Port Connectivity Checks: "top:comb_3|switch_debouncer:deb|divisor_frequencia:div_inst|d_flipflop:div8"
 60. Port Connectivity Checks: "top:comb_3|switch_debouncer:deb|divisor_frequencia:div_inst|d_flipflop:div7"
 61. Port Connectivity Checks: "top:comb_3|switch_debouncer:deb|divisor_frequencia:div_inst"
 62. Port Connectivity Checks: "top:comb_3|switch_debouncer:deb"
 63. Port Connectivity Checks: "top:comb_3"
 64. Post-Synthesis Netlist Statistics for Top Partition
 65. Elapsed Time Per Partition
 66. Analysis & Synthesis Messages
 67. Analysis & Synthesis Suppressed Messages



----------------
; Legal Notice ;
----------------
Copyright (C) 2020  Intel Corporation. All rights reserved.
Your use of Intel Corporation's design tools, logic functions 
and other software and tools, and any partner logic 
functions, and any output files from any of the foregoing 
(including device programming or simulation files), and any 
associated documentation or information are expressly subject 
to the terms and conditions of the Intel Program License 
Subscription Agreement, the Intel Quartus Prime License Agreement,
the Intel FPGA IP License Agreement, or other applicable license
agreement, including, without limitation, that your use is for
the sole purpose of programming logic devices manufactured by
Intel and sold by Intel or its authorized distributors.  Please
refer to the applicable agreement for further details, at
https://fpgasoftware.intel.com/eula.



+----------------------------------------------------------------------------------+
; Analysis & Synthesis Summary                                                     ;
+------------------------------------+---------------------------------------------+
; Analysis & Synthesis Status        ; Successful - Mon Oct 13 18:04:30 2025       ;
; Quartus Prime Version              ; 20.1.1 Build 720 11/11/2020 SJ Lite Edition ;
; Revision Name                      ; ULA                                         ;
; Top-level Entity Name              ; main                                        ;
; Family                             ; MAX 10                                      ;
; Total logic elements               ; 407                                         ;
;     Total combinational functions  ; 381                                         ;
;     Dedicated logic registers      ; 43                                          ;
; Total registers                    ; 43                                          ;
; Total pins                         ; 58                                          ;
; Total virtual pins                 ; 0                                           ;
; Total memory bits                  ; 0                                           ;
; Embedded Multiplier 9-bit elements ; 0                                           ;
; Total PLLs                         ; 0                                           ;
; UFM blocks                         ; 0                                           ;
; ADC blocks                         ; 0                                           ;
+------------------------------------+---------------------------------------------+


+------------------------------------------------------------------------------------------------------------+
; Analysis & Synthesis Settings                                                                              ;
+------------------------------------------------------------------+--------------------+--------------------+
; Option                                                           ; Setting            ; Default Value      ;
+------------------------------------------------------------------+--------------------+--------------------+
; Device                                                           ; 10M50DAF484C7G     ;                    ;
; Top-level entity name                                            ; main               ; ULA                ;
; Family name                                                      ; MAX 10             ; Cyclone V          ;
; Use smart compilation                                            ; Off                ; Off                ;
; Enable parallel Assembler and Timing Analyzer during compilation ; On                 ; On                 ;
; Enable compact report table                                      ; Off                ; Off                ;
; Restructure Multiplexers                                         ; Auto               ; Auto               ;
; Create Debugging Nodes for IP Cores                              ; Off                ; Off                ;
; Preserve fewer node names                                        ; On                 ; On                 ;
; Intel FPGA IP Evaluation Mode                                    ; Enable             ; Enable             ;
; Verilog Version                                                  ; Verilog_2001       ; Verilog_2001       ;
; VHDL Version                                                     ; VHDL_1993          ; VHDL_1993          ;
; State Machine Processing                                         ; Auto               ; Auto               ;
; Safe State Machine                                               ; Off                ; Off                ;
; Extract Verilog State Machines                                   ; On                 ; On                 ;
; Extract VHDL State Machines                                      ; On                 ; On                 ;
; Ignore Verilog initial constructs                                ; Off                ; Off                ;
; Iteration limit for constant Verilog loops                       ; 5000               ; 5000               ;
; Iteration limit for non-constant Verilog loops                   ; 250                ; 250                ;
; Add Pass-Through Logic to Inferred RAMs                          ; On                 ; On                 ;
; Infer RAMs from Raw Logic                                        ; On                 ; On                 ;
; Parallel Synthesis                                               ; On                 ; On                 ;
; DSP Block Balancing                                              ; Auto               ; Auto               ;
; NOT Gate Push-Back                                               ; On                 ; On                 ;
; Power-Up Don't Care                                              ; On                 ; On                 ;
; Remove Redundant Logic Cells                                     ; Off                ; Off                ;
; Remove Duplicate Registers                                       ; On                 ; On                 ;
; Ignore CARRY Buffers                                             ; Off                ; Off                ;
; Ignore CASCADE Buffers                                           ; Off                ; Off                ;
; Ignore GLOBAL Buffers                                            ; Off                ; Off                ;
; Ignore ROW GLOBAL Buffers                                        ; Off                ; Off                ;
; Ignore LCELL Buffers                                             ; Off                ; Off                ;
; Ignore SOFT Buffers                                              ; On                 ; On                 ;
; Limit AHDL Integers to 32 Bits                                   ; Off                ; Off                ;
; Optimization Technique                                           ; Balanced           ; Balanced           ;
; Carry Chain Length                                               ; 70                 ; 70                 ;
; Auto Carry Chains                                                ; On                 ; On                 ;
; Auto Open-Drain Pins                                             ; On                 ; On                 ;
; Perform WYSIWYG Primitive Resynthesis                            ; Off                ; Off                ;
; Auto ROM Replacement                                             ; On                 ; On                 ;
; Auto RAM Replacement                                             ; On                 ; On                 ;
; Auto DSP Block Replacement                                       ; On                 ; On                 ;
; Auto Shift Register Replacement                                  ; Auto               ; Auto               ;
; Allow Shift Register Merging across Hierarchies                  ; Auto               ; Auto               ;
; Auto Clock Enable Replacement                                    ; On                 ; On                 ;
; Strict RAM Replacement                                           ; Off                ; Off                ;
; Allow Synchronous Control Signals                                ; On                 ; On                 ;
; Force Use of Synchronous Clear Signals                           ; Off                ; Off                ;
; Auto RAM Block Balancing                                         ; On                 ; On                 ;
; Auto RAM to Logic Cell Conversion                                ; Off                ; Off                ;
; Auto Resource Sharing                                            ; Off                ; Off                ;
; Allow Any RAM Size For Recognition                               ; Off                ; Off                ;
; Allow Any ROM Size For Recognition                               ; Off                ; Off                ;
; Allow Any Shift Register Size For Recognition                    ; Off                ; Off                ;
; Use LogicLock Constraints during Resource Balancing              ; On                 ; On                 ;
; Ignore translate_off and synthesis_off directives                ; Off                ; Off                ;
; Timing-Driven Synthesis                                          ; On                 ; On                 ;
; Report Parameter Settings                                        ; On                 ; On                 ;
; Report Source Assignments                                        ; On                 ; On                 ;
; Report Connectivity Checks                                       ; On                 ; On                 ;
; Ignore Maximum Fan-Out Assignments                               ; Off                ; Off                ;
; Synchronization Register Chain Length                            ; 2                  ; 2                  ;
; Power Optimization During Synthesis                              ; Normal compilation ; Normal compilation ;
; HDL message level                                                ; Level2             ; Level2             ;
; Suppress Register Optimization Related Messages                  ; Off                ; Off                ;
; Number of Removed Registers Reported in Synthesis Report         ; 5000               ; 5000               ;
; Number of Swept Nodes Reported in Synthesis Report               ; 5000               ; 5000               ;
; Number of Inverted Registers Reported in Synthesis Report        ; 100                ; 100                ;
; Clock MUX Protection                                             ; On                 ; On                 ;
; Auto Gated Clock Conversion                                      ; Off                ; Off                ;
; Block Design Naming                                              ; Auto               ; Auto               ;
; SDC constraint protection                                        ; Off                ; Off                ;
; Synthesis Effort                                                 ; Auto               ; Auto               ;
; Shift Register Replacement - Allow Asynchronous Clear Signal     ; On                 ; On                 ;
; Pre-Mapping Resynthesis Optimization                             ; Off                ; Off                ;
; Analysis & Synthesis Message Level                               ; Medium             ; Medium             ;
; Disable Register Merging Across Hierarchies                      ; Auto               ; Auto               ;
; Resource Aware Inference For Block RAM                           ; On                 ; On                 ;
+------------------------------------------------------------------+--------------------+--------------------+


+------------------------------------------+
; Parallel Compilation                     ;
+----------------------------+-------------+
; Processors                 ; Number      ;
+----------------------------+-------------+
; Number detected on machine ; 8           ;
; Maximum allowed            ; 4           ;
;                            ;             ;
; Average used               ; 1.00        ;
; Maximum used               ; 4           ;
;                            ;             ;
; Usage by Processor         ; % Time Used ;
;     Processor 1            ; 100.0%      ;
;     Processor 2            ;   0.0%      ;
;     Processors 3-4         ;   0.0%      ;
+----------------------------+-------------+


+-------------------------------------------------------------------------------------------------------------------------------------+
; Analysis & Synthesis Source Files Read                                                                                              ;
+----------------------------------+-----------------+------------------------+---------------------------------------------+---------+
; File Name with User-Entered Path ; Used in Netlist ; File Type              ; File Name with Absolute Path                ; Library ;
+----------------------------------+-----------------+------------------------+---------------------------------------------+---------+
; mux.v                            ; yes             ; User Verilog HDL File  ; D:/rep_ula/ULA - PBL 2/mux.v                ;         ;
; d_flipflop.v                     ; yes             ; User Verilog HDL File  ; D:/rep_ula/ULA - PBL 2/d_flipflop.v         ;         ;
; shift_register.v                 ; yes             ; User Verilog HDL File  ; D:/rep_ula/ULA - PBL 2/shift_register.v     ;         ;
; register_8bit.v                  ; yes             ; User Verilog HDL File  ; D:/rep_ula/ULA - PBL 2/register_8bit.v      ;         ;
; contador_mod4.v                  ; yes             ; User Verilog HDL File  ; D:/rep_ula/ULA - PBL 2/contador_mod4.v      ;         ;
; switch_debouncer.v               ; yes             ; User Verilog HDL File  ; D:/rep_ula/ULA - PBL 2/switch_debouncer.v   ;         ;
; display_hexa.v                   ; yes             ; User Verilog HDL File  ; D:/rep_ula/ULA - PBL 2/display_hexa.v       ;         ;
; top.v                            ; yes             ; User Verilog HDL File  ; D:/rep_ula/ULA - PBL 2/top.v                ;         ;
; sum8bit.v                        ; yes             ; User Verilog HDL File  ; D:/rep_ula/ULA - PBL 2/sum8bit.v            ;         ;
; sub8bit.v                        ; yes             ; User Verilog HDL File  ; D:/rep_ula/ULA - PBL 2/sub8bit.v            ;         ;
; circuito_or.v                    ; yes             ; User Verilog HDL File  ; D:/rep_ula/ULA - PBL 2/circuito_or.v        ;         ;
; circuito_xor.v                   ; yes             ; User Verilog HDL File  ; D:/rep_ula/ULA - PBL 2/circuito_xor.v       ;         ;
; circuito_not.v                   ; yes             ; User Verilog HDL File  ; D:/rep_ula/ULA - PBL 2/circuito_not.v       ;         ;
; circuito_and.v                   ; yes             ; User Verilog HDL File  ; D:/rep_ula/ULA - PBL 2/circuito_and.v       ;         ;
; divisor8bit.v                    ; yes             ; User Verilog HDL File  ; D:/rep_ula/ULA - PBL 2/divisor8bit.v        ;         ;
; display7seg.v                    ; yes             ; User Verilog HDL File  ; D:/rep_ula/ULA - PBL 2/display7seg.v        ;         ;
; divisor_frequencia.v             ; yes             ; User Verilog HDL File  ; D:/rep_ula/ULA - PBL 2/divisor_frequencia.v ;         ;
; main.v                           ; yes             ; User Verilog HDL File  ; D:/rep_ula/ULA - PBL 2/main.v               ;         ;
; flags.v                          ; yes             ; User Verilog HDL File  ; D:/rep_ula/ULA - PBL 2/flags.v              ;         ;
; display_octal.v                  ; yes             ; User Verilog HDL File  ; D:/rep_ula/ULA - PBL 2/display_octal.v      ;         ;
; display_decimal.v                ; yes             ; User Verilog HDL File  ; D:/rep_ula/ULA - PBL 2/display_decimal.v    ;         ;
+----------------------------------+-----------------+------------------------+---------------------------------------------+---------+


+-------------------------------------------------------------------------------+
; Analysis & Synthesis Resource Usage Summary                                   ;
+---------------------------------------------+---------------------------------+
; Resource                                    ; Usage                           ;
+---------------------------------------------+---------------------------------+
; Estimated Total logic elements              ; 407                             ;
;                                             ;                                 ;
; Total combinational functions               ; 381                             ;
; Logic element usage by number of LUT inputs ;                                 ;
;     -- 4 input functions                    ; 262                             ;
;     -- 3 input functions                    ; 87                              ;
;     -- <=2 input functions                  ; 32                              ;
;                                             ;                                 ;
; Logic elements by mode                      ;                                 ;
;     -- normal mode                          ; 381                             ;
;     -- arithmetic mode                      ; 0                               ;
;                                             ;                                 ;
; Total registers                             ; 43                              ;
;     -- Dedicated logic registers            ; 43                              ;
;     -- I/O registers                        ; 0                               ;
;                                             ;                                 ;
; I/O pins                                    ; 58                              ;
;                                             ;                                 ;
; Embedded Multiplier 9-bit elements          ; 0                               ;
;                                             ;                                 ;
; Maximum fan-out node                        ; mux:mux_8bit|mux8bit:mux05|or00 ;
; Maximum fan-out                             ; 59                              ;
; Total fan-out                               ; 1531                            ;
; Average fan-out                             ; 2.84                            ;
+---------------------------------------------+---------------------------------+


+----------------------------------------------------------------------------------------------------------------------------------------------------------------------------------------------------------------------------------------------------------------------------------------------------------------------------------+
; Analysis & Synthesis Resource Utilization by Entity                                                                                                                                                                                                                                                                              ;
+----------------------------------------+---------------------+---------------------------+-------------+------------+--------------+---------+-----------+------+--------------+------------+------------------------------------------------------------------------------------------------+--------------------+--------------+
; Compilation Hierarchy Node             ; Combinational ALUTs ; Dedicated Logic Registers ; Memory Bits ; UFM Blocks ; DSP Elements ; DSP 9x9 ; DSP 18x18 ; Pins ; Virtual Pins ; ADC blocks ; Full Hierarchy Name                                                                            ; Entity Name        ; Library Name ;
+----------------------------------------+---------------------+---------------------------+-------------+------------+--------------+---------+-----------+------+--------------+------------+------------------------------------------------------------------------------------------------+--------------------+--------------+
; |main                                  ; 381 (0)             ; 43 (0)                    ; 0           ; 0          ; 0            ; 0       ; 0         ; 58   ; 0            ; 0          ; |main                                                                                          ; main               ; work         ;
;    |FlagZero:comb_8|                   ; 2 (2)               ; 0 (0)                     ; 0           ; 0          ; 0            ; 0       ; 0         ; 0    ; 0            ; 0          ; |main|FlagZero:comb_8                                                                          ; FlagZero           ; work         ;
;    |display7seg:comb_11|               ; 198 (193)           ; 0 (0)                     ; 0           ; 0          ; 0            ; 0       ; 0         ; 0    ; 0            ; 0          ; |main|display7seg:comb_11                                                                      ; display7seg        ; work         ;
;       |displaydezena:comb_4|           ; 1 (1)               ; 0 (0)                     ; 0           ; 0          ; 0            ; 0       ; 0         ; 0    ; 0            ; 0          ; |main|display7seg:comb_11|displaydezena:comb_4                                                 ; displaydezena      ; work         ;
;       |displayunidade:comb_3|          ; 4 (0)               ; 0 (0)                     ; 0           ; 0          ; 0            ; 0       ; 0         ; 0    ; 0            ; 0          ; |main|display7seg:comb_11|displayunidade:comb_3                                                ; displayunidade     ; work         ;
;          |hex3:hex03|                  ; 1 (1)               ; 0 (0)                     ; 0           ; 0          ; 0            ; 0       ; 0         ; 0    ; 0            ; 0          ; |main|display7seg:comb_11|displayunidade:comb_3|hex3:hex03                                     ; hex3               ; work         ;
;          |hex5:hex05|                  ; 2 (2)               ; 0 (0)                     ; 0           ; 0          ; 0            ; 0       ; 0         ; 0    ; 0            ; 0          ; |main|display7seg:comb_11|displayunidade:comb_3|hex5:hex05                                     ; hex5               ; work         ;
;          |hex6:hex06|                  ; 1 (1)               ; 0 (0)                     ; 0           ; 0          ; 0            ; 0       ; 0         ; 0    ; 0            ; 0          ; |main|display7seg:comb_11|displayunidade:comb_3|hex6:hex06                                     ; hex6               ; work         ;
;    |divisor8bit:divisor0|              ; 93 (0)              ; 0 (0)                     ; 0           ; 0          ; 0            ; 0       ; 0         ; 0    ; 0            ; 0          ; |main|divisor8bit:divisor0                                                                     ; divisor8bit        ; work         ;
;       |mux_divisor:mux0|               ; 1 (0)               ; 0 (0)                     ; 0           ; 0          ; 0            ; 0       ; 0         ; 0    ; 0            ; 0          ; |main|divisor8bit:divisor0|mux_divisor:mux0                                                    ; mux_divisor        ; work         ;
;          |mux2x1:mux01|                ; 1 (1)               ; 0 (0)                     ; 0           ; 0          ; 0            ; 0       ; 0         ; 0    ; 0            ; 0          ; |main|divisor8bit:divisor0|mux_divisor:mux0|mux2x1:mux01                                       ; mux2x1             ; work         ;
;       |mux_divisor:mux1|               ; 2 (0)               ; 0 (0)                     ; 0           ; 0          ; 0            ; 0       ; 0         ; 0    ; 0            ; 0          ; |main|divisor8bit:divisor0|mux_divisor:mux1                                                    ; mux_divisor        ; work         ;
;          |mux2x1:mux01|                ; 1 (1)               ; 0 (0)                     ; 0           ; 0          ; 0            ; 0       ; 0         ; 0    ; 0            ; 0          ; |main|divisor8bit:divisor0|mux_divisor:mux1|mux2x1:mux01                                       ; mux2x1             ; work         ;
;          |mux2x1:mux02|                ; 1 (1)               ; 0 (0)                     ; 0           ; 0          ; 0            ; 0       ; 0         ; 0    ; 0            ; 0          ; |main|divisor8bit:divisor0|mux_divisor:mux1|mux2x1:mux02                                       ; mux2x1             ; work         ;
;       |mux_divisor:mux2|               ; 7 (0)               ; 0 (0)                     ; 0           ; 0          ; 0            ; 0       ; 0         ; 0    ; 0            ; 0          ; |main|divisor8bit:divisor0|mux_divisor:mux2                                                    ; mux_divisor        ; work         ;
;          |mux2x1:mux01|                ; 2 (2)               ; 0 (0)                     ; 0           ; 0          ; 0            ; 0       ; 0         ; 0    ; 0            ; 0          ; |main|divisor8bit:divisor0|mux_divisor:mux2|mux2x1:mux01                                       ; mux2x1             ; work         ;
;          |mux2x1:mux02|                ; 1 (1)               ; 0 (0)                     ; 0           ; 0          ; 0            ; 0       ; 0         ; 0    ; 0            ; 0          ; |main|divisor8bit:divisor0|mux_divisor:mux2|mux2x1:mux02                                       ; mux2x1             ; work         ;
;          |mux2x1:mux03|                ; 1 (1)               ; 0 (0)                     ; 0           ; 0          ; 0            ; 0       ; 0         ; 0    ; 0            ; 0          ; |main|divisor8bit:divisor0|mux_divisor:mux2|mux2x1:mux03                                       ; mux2x1             ; work         ;
;          |mux2x1:mux04|                ; 1 (1)               ; 0 (0)                     ; 0           ; 0          ; 0            ; 0       ; 0         ; 0    ; 0            ; 0          ; |main|divisor8bit:divisor0|mux_divisor:mux2|mux2x1:mux04                                       ; mux2x1             ; work         ;
;          |mux2x1:mux05|                ; 1 (1)               ; 0 (0)                     ; 0           ; 0          ; 0            ; 0       ; 0         ; 0    ; 0            ; 0          ; |main|divisor8bit:divisor0|mux_divisor:mux2|mux2x1:mux05                                       ; mux2x1             ; work         ;
;          |mux2x1:mux06|                ; 1 (1)               ; 0 (0)                     ; 0           ; 0          ; 0            ; 0       ; 0         ; 0    ; 0            ; 0          ; |main|divisor8bit:divisor0|mux_divisor:mux2|mux2x1:mux06                                       ; mux2x1             ; work         ;
;       |mux_divisor:mux3|               ; 6 (0)               ; 0 (0)                     ; 0           ; 0          ; 0            ; 0       ; 0         ; 0    ; 0            ; 0          ; |main|divisor8bit:divisor0|mux_divisor:mux3                                                    ; mux_divisor        ; work         ;
;          |mux2x1:mux01|                ; 1 (1)               ; 0 (0)                     ; 0           ; 0          ; 0            ; 0       ; 0         ; 0    ; 0            ; 0          ; |main|divisor8bit:divisor0|mux_divisor:mux3|mux2x1:mux01                                       ; mux2x1             ; work         ;
;          |mux2x1:mux02|                ; 1 (1)               ; 0 (0)                     ; 0           ; 0          ; 0            ; 0       ; 0         ; 0    ; 0            ; 0          ; |main|divisor8bit:divisor0|mux_divisor:mux3|mux2x1:mux02                                       ; mux2x1             ; work         ;
;          |mux2x1:mux03|                ; 1 (1)               ; 0 (0)                     ; 0           ; 0          ; 0            ; 0       ; 0         ; 0    ; 0            ; 0          ; |main|divisor8bit:divisor0|mux_divisor:mux3|mux2x1:mux03                                       ; mux2x1             ; work         ;
;          |mux2x1:mux04|                ; 1 (1)               ; 0 (0)                     ; 0           ; 0          ; 0            ; 0       ; 0         ; 0    ; 0            ; 0          ; |main|divisor8bit:divisor0|mux_divisor:mux3|mux2x1:mux04                                       ; mux2x1             ; work         ;
;          |mux2x1:mux05|                ; 1 (1)               ; 0 (0)                     ; 0           ; 0          ; 0            ; 0       ; 0         ; 0    ; 0            ; 0          ; |main|divisor8bit:divisor0|mux_divisor:mux3|mux2x1:mux05                                       ; mux2x1             ; work         ;
;          |mux2x1:mux06|                ; 1 (1)               ; 0 (0)                     ; 0           ; 0          ; 0            ; 0       ; 0         ; 0    ; 0            ; 0          ; |main|divisor8bit:divisor0|mux_divisor:mux3|mux2x1:mux06                                       ; mux2x1             ; work         ;
;       |mux_divisor:mux4|               ; 6 (0)               ; 0 (0)                     ; 0           ; 0          ; 0            ; 0       ; 0         ; 0    ; 0            ; 0          ; |main|divisor8bit:divisor0|mux_divisor:mux4                                                    ; mux_divisor        ; work         ;
;          |mux2x1:mux01|                ; 1 (1)               ; 0 (0)                     ; 0           ; 0          ; 0            ; 0       ; 0         ; 0    ; 0            ; 0          ; |main|divisor8bit:divisor0|mux_divisor:mux4|mux2x1:mux01                                       ; mux2x1             ; work         ;
;          |mux2x1:mux02|                ; 1 (1)               ; 0 (0)                     ; 0           ; 0          ; 0            ; 0       ; 0         ; 0    ; 0            ; 0          ; |main|divisor8bit:divisor0|mux_divisor:mux4|mux2x1:mux02                                       ; mux2x1             ; work         ;
;          |mux2x1:mux03|                ; 1 (1)               ; 0 (0)                     ; 0           ; 0          ; 0            ; 0       ; 0         ; 0    ; 0            ; 0          ; |main|divisor8bit:divisor0|mux_divisor:mux4|mux2x1:mux03                                       ; mux2x1             ; work         ;
;          |mux2x1:mux04|                ; 1 (1)               ; 0 (0)                     ; 0           ; 0          ; 0            ; 0       ; 0         ; 0    ; 0            ; 0          ; |main|divisor8bit:divisor0|mux_divisor:mux4|mux2x1:mux04                                       ; mux2x1             ; work         ;
;          |mux2x1:mux05|                ; 1 (1)               ; 0 (0)                     ; 0           ; 0          ; 0            ; 0       ; 0         ; 0    ; 0            ; 0          ; |main|divisor8bit:divisor0|mux_divisor:mux4|mux2x1:mux05                                       ; mux2x1             ; work         ;
;          |mux2x1:mux06|                ; 1 (1)               ; 0 (0)                     ; 0           ; 0          ; 0            ; 0       ; 0         ; 0    ; 0            ; 0          ; |main|divisor8bit:divisor0|mux_divisor:mux4|mux2x1:mux06                                       ; mux2x1             ; work         ;
;       |mux_divisor:mux5|               ; 7 (0)               ; 0 (0)                     ; 0           ; 0          ; 0            ; 0       ; 0         ; 0    ; 0            ; 0          ; |main|divisor8bit:divisor0|mux_divisor:mux5                                                    ; mux_divisor        ; work         ;
;          |mux2x1:mux01|                ; 2 (2)               ; 0 (0)                     ; 0           ; 0          ; 0            ; 0       ; 0         ; 0    ; 0            ; 0          ; |main|divisor8bit:divisor0|mux_divisor:mux5|mux2x1:mux01                                       ; mux2x1             ; work         ;
;          |mux2x1:mux02|                ; 1 (1)               ; 0 (0)                     ; 0           ; 0          ; 0            ; 0       ; 0         ; 0    ; 0            ; 0          ; |main|divisor8bit:divisor0|mux_divisor:mux5|mux2x1:mux02                                       ; mux2x1             ; work         ;
;          |mux2x1:mux03|                ; 1 (1)               ; 0 (0)                     ; 0           ; 0          ; 0            ; 0       ; 0         ; 0    ; 0            ; 0          ; |main|divisor8bit:divisor0|mux_divisor:mux5|mux2x1:mux03                                       ; mux2x1             ; work         ;
;          |mux2x1:mux04|                ; 1 (1)               ; 0 (0)                     ; 0           ; 0          ; 0            ; 0       ; 0         ; 0    ; 0            ; 0          ; |main|divisor8bit:divisor0|mux_divisor:mux5|mux2x1:mux04                                       ; mux2x1             ; work         ;
;          |mux2x1:mux05|                ; 1 (1)               ; 0 (0)                     ; 0           ; 0          ; 0            ; 0       ; 0         ; 0    ; 0            ; 0          ; |main|divisor8bit:divisor0|mux_divisor:mux5|mux2x1:mux05                                       ; mux2x1             ; work         ;
;          |mux2x1:mux06|                ; 1 (1)               ; 0 (0)                     ; 0           ; 0          ; 0            ; 0       ; 0         ; 0    ; 0            ; 0          ; |main|divisor8bit:divisor0|mux_divisor:mux5|mux2x1:mux06                                       ; mux2x1             ; work         ;
;       |sub8bit:sub0|                   ; 3 (0)               ; 0 (0)                     ; 0           ; 0          ; 0            ; 0       ; 0         ; 0    ; 0            ; 0          ; |main|divisor8bit:divisor0|sub8bit:sub0                                                        ; sub8bit            ; work         ;
;          |sub:sub8|                    ; 3 (3)               ; 0 (0)                     ; 0           ; 0          ; 0            ; 0       ; 0         ; 0    ; 0            ; 0          ; |main|divisor8bit:divisor0|sub8bit:sub0|sub:sub8                                               ; sub                ; work         ;
;       |sub8bit:sub1|                   ; 2 (0)               ; 0 (0)                     ; 0           ; 0          ; 0            ; 0       ; 0         ; 0    ; 0            ; 0          ; |main|divisor8bit:divisor0|sub8bit:sub1                                                        ; sub8bit            ; work         ;
;          |sub:sub1|                    ; 1 (1)               ; 0 (0)                     ; 0           ; 0          ; 0            ; 0       ; 0         ; 0    ; 0            ; 0          ; |main|divisor8bit:divisor0|sub8bit:sub1|sub:sub1                                               ; sub                ; work         ;
;          |sub:sub8|                    ; 1 (1)               ; 0 (0)                     ; 0           ; 0          ; 0            ; 0       ; 0         ; 0    ; 0            ; 0          ; |main|divisor8bit:divisor0|sub8bit:sub1|sub:sub8                                               ; sub                ; work         ;
;       |sub8bit:sub2|                   ; 8 (0)               ; 0 (0)                     ; 0           ; 0          ; 0            ; 0       ; 0         ; 0    ; 0            ; 0          ; |main|divisor8bit:divisor0|sub8bit:sub2                                                        ; sub8bit            ; work         ;
;          |sub:sub1|                    ; 1 (1)               ; 0 (0)                     ; 0           ; 0          ; 0            ; 0       ; 0         ; 0    ; 0            ; 0          ; |main|divisor8bit:divisor0|sub8bit:sub2|sub:sub1                                               ; sub                ; work         ;
;          |sub:sub2|                    ; 2 (2)               ; 0 (0)                     ; 0           ; 0          ; 0            ; 0       ; 0         ; 0    ; 0            ; 0          ; |main|divisor8bit:divisor0|sub8bit:sub2|sub:sub2                                               ; sub                ; work         ;
;          |sub:sub4|                    ; 2 (2)               ; 0 (0)                     ; 0           ; 0          ; 0            ; 0       ; 0         ; 0    ; 0            ; 0          ; |main|divisor8bit:divisor0|sub8bit:sub2|sub:sub4                                               ; sub                ; work         ;
;          |sub:sub7|                    ; 1 (1)               ; 0 (0)                     ; 0           ; 0          ; 0            ; 0       ; 0         ; 0    ; 0            ; 0          ; |main|divisor8bit:divisor0|sub8bit:sub2|sub:sub7                                               ; sub                ; work         ;
;          |sub:sub8|                    ; 2 (2)               ; 0 (0)                     ; 0           ; 0          ; 0            ; 0       ; 0         ; 0    ; 0            ; 0          ; |main|divisor8bit:divisor0|sub8bit:sub2|sub:sub8                                               ; sub                ; work         ;
;       |sub8bit:sub3|                   ; 8 (0)               ; 0 (0)                     ; 0           ; 0          ; 0            ; 0       ; 0         ; 0    ; 0            ; 0          ; |main|divisor8bit:divisor0|sub8bit:sub3                                                        ; sub8bit            ; work         ;
;          |sub:sub1|                    ; 1 (1)               ; 0 (0)                     ; 0           ; 0          ; 0            ; 0       ; 0         ; 0    ; 0            ; 0          ; |main|divisor8bit:divisor0|sub8bit:sub3|sub:sub1                                               ; sub                ; work         ;
;          |sub:sub2|                    ; 2 (2)               ; 0 (0)                     ; 0           ; 0          ; 0            ; 0       ; 0         ; 0    ; 0            ; 0          ; |main|divisor8bit:divisor0|sub8bit:sub3|sub:sub2                                               ; sub                ; work         ;
;          |sub:sub3|                    ; 1 (1)               ; 0 (0)                     ; 0           ; 0          ; 0            ; 0       ; 0         ; 0    ; 0            ; 0          ; |main|divisor8bit:divisor0|sub8bit:sub3|sub:sub3                                               ; sub                ; work         ;
;          |sub:sub4|                    ; 1 (1)               ; 0 (0)                     ; 0           ; 0          ; 0            ; 0       ; 0         ; 0    ; 0            ; 0          ; |main|divisor8bit:divisor0|sub8bit:sub3|sub:sub4                                               ; sub                ; work         ;
;          |sub:sub5|                    ; 1 (1)               ; 0 (0)                     ; 0           ; 0          ; 0            ; 0       ; 0         ; 0    ; 0            ; 0          ; |main|divisor8bit:divisor0|sub8bit:sub3|sub:sub5                                               ; sub                ; work         ;
;          |sub:sub6|                    ; 1 (1)               ; 0 (0)                     ; 0           ; 0          ; 0            ; 0       ; 0         ; 0    ; 0            ; 0          ; |main|divisor8bit:divisor0|sub8bit:sub3|sub:sub6                                               ; sub                ; work         ;
;          |sub:sub8|                    ; 1 (1)               ; 0 (0)                     ; 0           ; 0          ; 0            ; 0       ; 0         ; 0    ; 0            ; 0          ; |main|divisor8bit:divisor0|sub8bit:sub3|sub:sub8                                               ; sub                ; work         ;
;       |sub8bit:sub4|                   ; 9 (0)               ; 0 (0)                     ; 0           ; 0          ; 0            ; 0       ; 0         ; 0    ; 0            ; 0          ; |main|divisor8bit:divisor0|sub8bit:sub4                                                        ; sub8bit            ; work         ;
;          |sub:sub1|                    ; 1 (1)               ; 0 (0)                     ; 0           ; 0          ; 0            ; 0       ; 0         ; 0    ; 0            ; 0          ; |main|divisor8bit:divisor0|sub8bit:sub4|sub:sub1                                               ; sub                ; work         ;
;          |sub:sub2|                    ; 1 (1)               ; 0 (0)                     ; 0           ; 0          ; 0            ; 0       ; 0         ; 0    ; 0            ; 0          ; |main|divisor8bit:divisor0|sub8bit:sub4|sub:sub2                                               ; sub                ; work         ;
;          |sub:sub3|                    ; 1 (1)               ; 0 (0)                     ; 0           ; 0          ; 0            ; 0       ; 0         ; 0    ; 0            ; 0          ; |main|divisor8bit:divisor0|sub8bit:sub4|sub:sub3                                               ; sub                ; work         ;
;          |sub:sub4|                    ; 1 (1)               ; 0 (0)                     ; 0           ; 0          ; 0            ; 0       ; 0         ; 0    ; 0            ; 0          ; |main|divisor8bit:divisor0|sub8bit:sub4|sub:sub4                                               ; sub                ; work         ;
;          |sub:sub5|                    ; 1 (1)               ; 0 (0)                     ; 0           ; 0          ; 0            ; 0       ; 0         ; 0    ; 0            ; 0          ; |main|divisor8bit:divisor0|sub8bit:sub4|sub:sub5                                               ; sub                ; work         ;
;          |sub:sub6|                    ; 1 (1)               ; 0 (0)                     ; 0           ; 0          ; 0            ; 0       ; 0         ; 0    ; 0            ; 0          ; |main|divisor8bit:divisor0|sub8bit:sub4|sub:sub6                                               ; sub                ; work         ;
;          |sub:sub8|                    ; 3 (3)               ; 0 (0)                     ; 0           ; 0          ; 0            ; 0       ; 0         ; 0    ; 0            ; 0          ; |main|divisor8bit:divisor0|sub8bit:sub4|sub:sub8                                               ; sub                ; work         ;
;       |sub8bit:sub5|                   ; 12 (0)              ; 0 (0)                     ; 0           ; 0          ; 0            ; 0       ; 0         ; 0    ; 0            ; 0          ; |main|divisor8bit:divisor0|sub8bit:sub5                                                        ; sub8bit            ; work         ;
;          |sub:sub1|                    ; 1 (1)               ; 0 (0)                     ; 0           ; 0          ; 0            ; 0       ; 0         ; 0    ; 0            ; 0          ; |main|divisor8bit:divisor0|sub8bit:sub5|sub:sub1                                               ; sub                ; work         ;
;          |sub:sub2|                    ; 4 (4)               ; 0 (0)                     ; 0           ; 0          ; 0            ; 0       ; 0         ; 0    ; 0            ; 0          ; |main|divisor8bit:divisor0|sub8bit:sub5|sub:sub2                                               ; sub                ; work         ;
;          |sub:sub3|                    ; 1 (1)               ; 0 (0)                     ; 0           ; 0          ; 0            ; 0       ; 0         ; 0    ; 0            ; 0          ; |main|divisor8bit:divisor0|sub8bit:sub5|sub:sub3                                               ; sub                ; work         ;
;          |sub:sub4|                    ; 1 (1)               ; 0 (0)                     ; 0           ; 0          ; 0            ; 0       ; 0         ; 0    ; 0            ; 0          ; |main|divisor8bit:divisor0|sub8bit:sub5|sub:sub4                                               ; sub                ; work         ;
;          |sub:sub5|                    ; 1 (1)               ; 0 (0)                     ; 0           ; 0          ; 0            ; 0       ; 0         ; 0    ; 0            ; 0          ; |main|divisor8bit:divisor0|sub8bit:sub5|sub:sub5                                               ; sub                ; work         ;
;          |sub:sub6|                    ; 1 (1)               ; 0 (0)                     ; 0           ; 0          ; 0            ; 0       ; 0         ; 0    ; 0            ; 0          ; |main|divisor8bit:divisor0|sub8bit:sub5|sub:sub6                                               ; sub                ; work         ;
;          |sub:sub7|                    ; 1 (1)               ; 0 (0)                     ; 0           ; 0          ; 0            ; 0       ; 0         ; 0    ; 0            ; 0          ; |main|divisor8bit:divisor0|sub8bit:sub5|sub:sub7                                               ; sub                ; work         ;
;          |sub:sub8|                    ; 2 (2)               ; 0 (0)                     ; 0           ; 0          ; 0            ; 0       ; 0         ; 0    ; 0            ; 0          ; |main|divisor8bit:divisor0|sub8bit:sub5|sub:sub8                                               ; sub                ; work         ;
;       |sub8bit:sub6|                   ; 10 (0)              ; 0 (0)                     ; 0           ; 0          ; 0            ; 0       ; 0         ; 0    ; 0            ; 0          ; |main|divisor8bit:divisor0|sub8bit:sub6                                                        ; sub8bit            ; work         ;
;          |sub:sub1|                    ; 1 (1)               ; 0 (0)                     ; 0           ; 0          ; 0            ; 0       ; 0         ; 0    ; 0            ; 0          ; |main|divisor8bit:divisor0|sub8bit:sub6|sub:sub1                                               ; sub                ; work         ;
;          |sub:sub2|                    ; 2 (2)               ; 0 (0)                     ; 0           ; 0          ; 0            ; 0       ; 0         ; 0    ; 0            ; 0          ; |main|divisor8bit:divisor0|sub8bit:sub6|sub:sub2                                               ; sub                ; work         ;
;          |sub:sub3|                    ; 1 (1)               ; 0 (0)                     ; 0           ; 0          ; 0            ; 0       ; 0         ; 0    ; 0            ; 0          ; |main|divisor8bit:divisor0|sub8bit:sub6|sub:sub3                                               ; sub                ; work         ;
;          |sub:sub4|                    ; 1 (1)               ; 0 (0)                     ; 0           ; 0          ; 0            ; 0       ; 0         ; 0    ; 0            ; 0          ; |main|divisor8bit:divisor0|sub8bit:sub6|sub:sub4                                               ; sub                ; work         ;
;          |sub:sub5|                    ; 1 (1)               ; 0 (0)                     ; 0           ; 0          ; 0            ; 0       ; 0         ; 0    ; 0            ; 0          ; |main|divisor8bit:divisor0|sub8bit:sub6|sub:sub5                                               ; sub                ; work         ;
;          |sub:sub6|                    ; 1 (1)               ; 0 (0)                     ; 0           ; 0          ; 0            ; 0       ; 0         ; 0    ; 0            ; 0          ; |main|divisor8bit:divisor0|sub8bit:sub6|sub:sub6                                               ; sub                ; work         ;
;          |sub:sub7|                    ; 1 (1)               ; 0 (0)                     ; 0           ; 0          ; 0            ; 0       ; 0         ; 0    ; 0            ; 0          ; |main|divisor8bit:divisor0|sub8bit:sub6|sub:sub7                                               ; sub                ; work         ;
;          |sub:sub8|                    ; 2 (2)               ; 0 (0)                     ; 0           ; 0          ; 0            ; 0       ; 0         ; 0    ; 0            ; 0          ; |main|divisor8bit:divisor0|sub8bit:sub6|sub:sub8                                               ; sub                ; work         ;
;       |sub8bit:sub7|                   ; 12 (0)              ; 0 (0)                     ; 0           ; 0          ; 0            ; 0       ; 0         ; 0    ; 0            ; 0          ; |main|divisor8bit:divisor0|sub8bit:sub7                                                        ; sub8bit            ; work         ;
;          |sub:sub2|                    ; 1 (1)               ; 0 (0)                     ; 0           ; 0          ; 0            ; 0       ; 0         ; 0    ; 0            ; 0          ; |main|divisor8bit:divisor0|sub8bit:sub7|sub:sub2                                               ; sub                ; work         ;
;          |sub:sub3|                    ; 2 (2)               ; 0 (0)                     ; 0           ; 0          ; 0            ; 0       ; 0         ; 0    ; 0            ; 0          ; |main|divisor8bit:divisor0|sub8bit:sub7|sub:sub3                                               ; sub                ; work         ;
;          |sub:sub4|                    ; 2 (2)               ; 0 (0)                     ; 0           ; 0          ; 0            ; 0       ; 0         ; 0    ; 0            ; 0          ; |main|divisor8bit:divisor0|sub8bit:sub7|sub:sub4                                               ; sub                ; work         ;
;          |sub:sub5|                    ; 2 (2)               ; 0 (0)                     ; 0           ; 0          ; 0            ; 0       ; 0         ; 0    ; 0            ; 0          ; |main|divisor8bit:divisor0|sub8bit:sub7|sub:sub5                                               ; sub                ; work         ;
;          |sub:sub6|                    ; 2 (2)               ; 0 (0)                     ; 0           ; 0          ; 0            ; 0       ; 0         ; 0    ; 0            ; 0          ; |main|divisor8bit:divisor0|sub8bit:sub7|sub:sub6                                               ; sub                ; work         ;
;          |sub:sub7|                    ; 2 (2)               ; 0 (0)                     ; 0           ; 0          ; 0            ; 0       ; 0         ; 0    ; 0            ; 0          ; |main|divisor8bit:divisor0|sub8bit:sub7|sub:sub7                                               ; sub                ; work         ;
;          |sub:sub8|                    ; 1 (1)               ; 0 (0)                     ; 0           ; 0          ; 0            ; 0       ; 0         ; 0    ; 0            ; 0          ; |main|divisor8bit:divisor0|sub8bit:sub7|sub:sub8                                               ; sub                ; work         ;
;    |mux:mux_8bit|                      ; 47 (0)              ; 0 (0)                     ; 0           ; 0          ; 0            ; 0       ; 0         ; 0    ; 0            ; 0          ; |main|mux:mux_8bit                                                                             ; mux                ; work         ;
;       |mux8bit:mux00|                  ; 4 (4)               ; 0 (0)                     ; 0           ; 0          ; 0            ; 0       ; 0         ; 0    ; 0            ; 0          ; |main|mux:mux_8bit|mux8bit:mux00                                                               ; mux8bit            ; work         ;
;       |mux8bit:mux01|                  ; 4 (4)               ; 0 (0)                     ; 0           ; 0          ; 0            ; 0       ; 0         ; 0    ; 0            ; 0          ; |main|mux:mux_8bit|mux8bit:mux01                                                               ; mux8bit            ; work         ;
;       |mux8bit:mux02|                  ; 12 (12)             ; 0 (0)                     ; 0           ; 0          ; 0            ; 0       ; 0         ; 0    ; 0            ; 0          ; |main|mux:mux_8bit|mux8bit:mux02                                                               ; mux8bit            ; work         ;
;       |mux8bit:mux03|                  ; 6 (6)               ; 0 (0)                     ; 0           ; 0          ; 0            ; 0       ; 0         ; 0    ; 0            ; 0          ; |main|mux:mux_8bit|mux8bit:mux03                                                               ; mux8bit            ; work         ;
;       |mux8bit:mux04|                  ; 5 (5)               ; 0 (0)                     ; 0           ; 0          ; 0            ; 0       ; 0         ; 0    ; 0            ; 0          ; |main|mux:mux_8bit|mux8bit:mux04                                                               ; mux8bit            ; work         ;
;       |mux8bit:mux05|                  ; 7 (7)               ; 0 (0)                     ; 0           ; 0          ; 0            ; 0       ; 0         ; 0    ; 0            ; 0          ; |main|mux:mux_8bit|mux8bit:mux05                                                               ; mux8bit            ; work         ;
;       |mux8bit:mux06|                  ; 5 (5)               ; 0 (0)                     ; 0           ; 0          ; 0            ; 0       ; 0         ; 0    ; 0            ; 0          ; |main|mux:mux_8bit|mux8bit:mux06                                                               ; mux8bit            ; work         ;
;       |mux8bit:mux07|                  ; 4 (4)               ; 0 (0)                     ; 0           ; 0          ; 0            ; 0       ; 0         ; 0    ; 0            ; 0          ; |main|mux:mux_8bit|mux8bit:mux07                                                               ; mux8bit            ; work         ;
;    |sub8bit:subtrator|                 ; 11 (0)              ; 0 (0)                     ; 0           ; 0          ; 0            ; 0       ; 0         ; 0    ; 0            ; 0          ; |main|sub8bit:subtrator                                                                        ; sub8bit            ; work         ;
;       |sub:sub2|                       ; 3 (3)               ; 0 (0)                     ; 0           ; 0          ; 0            ; 0       ; 0         ; 0    ; 0            ; 0          ; |main|sub8bit:subtrator|sub:sub2                                                               ; sub                ; work         ;
;       |sub:sub3|                       ; 1 (1)               ; 0 (0)                     ; 0           ; 0          ; 0            ; 0       ; 0         ; 0    ; 0            ; 0          ; |main|sub8bit:subtrator|sub:sub3                                                               ; sub                ; work         ;
;       |sub:sub5|                       ; 3 (3)               ; 0 (0)                     ; 0           ; 0          ; 0            ; 0       ; 0         ; 0    ; 0            ; 0          ; |main|sub8bit:subtrator|sub:sub5                                                               ; sub                ; work         ;
;       |sub:sub7|                       ; 2 (2)               ; 0 (0)                     ; 0           ; 0          ; 0            ; 0       ; 0         ; 0    ; 0            ; 0          ; |main|sub8bit:subtrator|sub:sub7                                                               ; sub                ; work         ;
;       |sub:sub8|                       ; 2 (2)               ; 0 (0)                     ; 0           ; 0          ; 0            ; 0       ; 0         ; 0    ; 0            ; 0          ; |main|sub8bit:subtrator|sub:sub8                                                               ; sub                ; work         ;
;    |sum8bit:somador|                   ; 8 (0)               ; 0 (0)                     ; 0           ; 0          ; 0            ; 0       ; 0         ; 0    ; 0            ; 0          ; |main|sum8bit:somador                                                                          ; sum8bit            ; work         ;
;       |sum:somador2|                   ; 2 (2)               ; 0 (0)                     ; 0           ; 0          ; 0            ; 0       ; 0         ; 0    ; 0            ; 0          ; |main|sum8bit:somador|sum:somador2                                                             ; sum                ; work         ;
;       |sum:somador3|                   ; 1 (1)               ; 0 (0)                     ; 0           ; 0          ; 0            ; 0       ; 0         ; 0    ; 0            ; 0          ; |main|sum8bit:somador|sum:somador3                                                             ; sum                ; work         ;
;       |sum:somador4|                   ; 1 (1)               ; 0 (0)                     ; 0           ; 0          ; 0            ; 0       ; 0         ; 0    ; 0            ; 0          ; |main|sum8bit:somador|sum:somador4                                                             ; sum                ; work         ;
;       |sum:somador5|                   ; 1 (1)               ; 0 (0)                     ; 0           ; 0          ; 0            ; 0       ; 0         ; 0    ; 0            ; 0          ; |main|sum8bit:somador|sum:somador5                                                             ; sum                ; work         ;
;       |sum:somador6|                   ; 1 (1)               ; 0 (0)                     ; 0           ; 0          ; 0            ; 0       ; 0         ; 0    ; 0            ; 0          ; |main|sum8bit:somador|sum:somador6                                                             ; sum                ; work         ;
;       |sum:somador7|                   ; 1 (1)               ; 0 (0)                     ; 0           ; 0          ; 0            ; 0       ; 0         ; 0    ; 0            ; 0          ; |main|sum8bit:somador|sum:somador7                                                             ; sum                ; work         ;
;       |sum:somador8|                   ; 1 (1)               ; 0 (0)                     ; 0           ; 0          ; 0            ; 0       ; 0         ; 0    ; 0            ; 0          ; |main|sum8bit:somador|sum:somador8                                                             ; sum                ; work         ;
;    |top:comb_3|                        ; 22 (0)              ; 43 (0)                    ; 0           ; 0          ; 0            ; 0       ; 0         ; 0    ; 0            ; 0          ; |main|top:comb_3                                                                               ; top                ; work         ;
;       |shift_register:sr|              ; 0 (0)               ; 24 (0)                    ; 0           ; 0          ; 0            ; 0       ; 0         ; 0    ; 0            ; 0          ; |main|top:comb_3|shift_register:sr                                                             ; shift_register     ; work         ;
;          |register_8bit:reg1|          ; 0 (0)               ; 8 (0)                     ; 0           ; 0          ; 0            ; 0       ; 0         ; 0    ; 0            ; 0          ; |main|top:comb_3|shift_register:sr|register_8bit:reg1                                          ; register_8bit      ; work         ;
;             |d_flipflop:dff0|          ; 0 (0)               ; 1 (1)                     ; 0           ; 0          ; 0            ; 0       ; 0         ; 0    ; 0            ; 0          ; |main|top:comb_3|shift_register:sr|register_8bit:reg1|d_flipflop:dff0                          ; d_flipflop         ; work         ;
;             |d_flipflop:dff1|          ; 0 (0)               ; 1 (1)                     ; 0           ; 0          ; 0            ; 0       ; 0         ; 0    ; 0            ; 0          ; |main|top:comb_3|shift_register:sr|register_8bit:reg1|d_flipflop:dff1                          ; d_flipflop         ; work         ;
;             |d_flipflop:dff2|          ; 0 (0)               ; 1 (1)                     ; 0           ; 0          ; 0            ; 0       ; 0         ; 0    ; 0            ; 0          ; |main|top:comb_3|shift_register:sr|register_8bit:reg1|d_flipflop:dff2                          ; d_flipflop         ; work         ;
;             |d_flipflop:dff3|          ; 0 (0)               ; 1 (1)                     ; 0           ; 0          ; 0            ; 0       ; 0         ; 0    ; 0            ; 0          ; |main|top:comb_3|shift_register:sr|register_8bit:reg1|d_flipflop:dff3                          ; d_flipflop         ; work         ;
;             |d_flipflop:dff4|          ; 0 (0)               ; 1 (1)                     ; 0           ; 0          ; 0            ; 0       ; 0         ; 0    ; 0            ; 0          ; |main|top:comb_3|shift_register:sr|register_8bit:reg1|d_flipflop:dff4                          ; d_flipflop         ; work         ;
;             |d_flipflop:dff5|          ; 0 (0)               ; 1 (1)                     ; 0           ; 0          ; 0            ; 0       ; 0         ; 0    ; 0            ; 0          ; |main|top:comb_3|shift_register:sr|register_8bit:reg1|d_flipflop:dff5                          ; d_flipflop         ; work         ;
;             |d_flipflop:dff6|          ; 0 (0)               ; 1 (1)                     ; 0           ; 0          ; 0            ; 0       ; 0         ; 0    ; 0            ; 0          ; |main|top:comb_3|shift_register:sr|register_8bit:reg1|d_flipflop:dff6                          ; d_flipflop         ; work         ;
;             |d_flipflop:dff7|          ; 0 (0)               ; 1 (1)                     ; 0           ; 0          ; 0            ; 0       ; 0         ; 0    ; 0            ; 0          ; |main|top:comb_3|shift_register:sr|register_8bit:reg1|d_flipflop:dff7                          ; d_flipflop         ; work         ;
;          |register_8bit:reg2|          ; 0 (0)               ; 8 (0)                     ; 0           ; 0          ; 0            ; 0       ; 0         ; 0    ; 0            ; 0          ; |main|top:comb_3|shift_register:sr|register_8bit:reg2                                          ; register_8bit      ; work         ;
;             |d_flipflop:dff0|          ; 0 (0)               ; 1 (1)                     ; 0           ; 0          ; 0            ; 0       ; 0         ; 0    ; 0            ; 0          ; |main|top:comb_3|shift_register:sr|register_8bit:reg2|d_flipflop:dff0                          ; d_flipflop         ; work         ;
;             |d_flipflop:dff1|          ; 0 (0)               ; 1 (1)                     ; 0           ; 0          ; 0            ; 0       ; 0         ; 0    ; 0            ; 0          ; |main|top:comb_3|shift_register:sr|register_8bit:reg2|d_flipflop:dff1                          ; d_flipflop         ; work         ;
;             |d_flipflop:dff2|          ; 0 (0)               ; 1 (1)                     ; 0           ; 0          ; 0            ; 0       ; 0         ; 0    ; 0            ; 0          ; |main|top:comb_3|shift_register:sr|register_8bit:reg2|d_flipflop:dff2                          ; d_flipflop         ; work         ;
;             |d_flipflop:dff3|          ; 0 (0)               ; 1 (1)                     ; 0           ; 0          ; 0            ; 0       ; 0         ; 0    ; 0            ; 0          ; |main|top:comb_3|shift_register:sr|register_8bit:reg2|d_flipflop:dff3                          ; d_flipflop         ; work         ;
;             |d_flipflop:dff4|          ; 0 (0)               ; 1 (1)                     ; 0           ; 0          ; 0            ; 0       ; 0         ; 0    ; 0            ; 0          ; |main|top:comb_3|shift_register:sr|register_8bit:reg2|d_flipflop:dff4                          ; d_flipflop         ; work         ;
;             |d_flipflop:dff5|          ; 0 (0)               ; 1 (1)                     ; 0           ; 0          ; 0            ; 0       ; 0         ; 0    ; 0            ; 0          ; |main|top:comb_3|shift_register:sr|register_8bit:reg2|d_flipflop:dff5                          ; d_flipflop         ; work         ;
;             |d_flipflop:dff6|          ; 0 (0)               ; 1 (1)                     ; 0           ; 0          ; 0            ; 0       ; 0         ; 0    ; 0            ; 0          ; |main|top:comb_3|shift_register:sr|register_8bit:reg2|d_flipflop:dff6                          ; d_flipflop         ; work         ;
;             |d_flipflop:dff7|          ; 0 (0)               ; 1 (1)                     ; 0           ; 0          ; 0            ; 0       ; 0         ; 0    ; 0            ; 0          ; |main|top:comb_3|shift_register:sr|register_8bit:reg2|d_flipflop:dff7                          ; d_flipflop         ; work         ;
;          |register_8bit:reg3|          ; 0 (0)               ; 8 (0)                     ; 0           ; 0          ; 0            ; 0       ; 0         ; 0    ; 0            ; 0          ; |main|top:comb_3|shift_register:sr|register_8bit:reg3                                          ; register_8bit      ; work         ;
;             |d_flipflop:dff0|          ; 0 (0)               ; 1 (1)                     ; 0           ; 0          ; 0            ; 0       ; 0         ; 0    ; 0            ; 0          ; |main|top:comb_3|shift_register:sr|register_8bit:reg3|d_flipflop:dff0                          ; d_flipflop         ; work         ;
;             |d_flipflop:dff1|          ; 0 (0)               ; 1 (1)                     ; 0           ; 0          ; 0            ; 0       ; 0         ; 0    ; 0            ; 0          ; |main|top:comb_3|shift_register:sr|register_8bit:reg3|d_flipflop:dff1                          ; d_flipflop         ; work         ;
;             |d_flipflop:dff2|          ; 0 (0)               ; 1 (1)                     ; 0           ; 0          ; 0            ; 0       ; 0         ; 0    ; 0            ; 0          ; |main|top:comb_3|shift_register:sr|register_8bit:reg3|d_flipflop:dff2                          ; d_flipflop         ; work         ;
;             |d_flipflop:dff3|          ; 0 (0)               ; 1 (1)                     ; 0           ; 0          ; 0            ; 0       ; 0         ; 0    ; 0            ; 0          ; |main|top:comb_3|shift_register:sr|register_8bit:reg3|d_flipflop:dff3                          ; d_flipflop         ; work         ;
;             |d_flipflop:dff4|          ; 0 (0)               ; 1 (1)                     ; 0           ; 0          ; 0            ; 0       ; 0         ; 0    ; 0            ; 0          ; |main|top:comb_3|shift_register:sr|register_8bit:reg3|d_flipflop:dff4                          ; d_flipflop         ; work         ;
;             |d_flipflop:dff5|          ; 0 (0)               ; 1 (1)                     ; 0           ; 0          ; 0            ; 0       ; 0         ; 0    ; 0            ; 0          ; |main|top:comb_3|shift_register:sr|register_8bit:reg3|d_flipflop:dff5                          ; d_flipflop         ; work         ;
;             |d_flipflop:dff6|          ; 0 (0)               ; 1 (1)                     ; 0           ; 0          ; 0            ; 0       ; 0         ; 0    ; 0            ; 0          ; |main|top:comb_3|shift_register:sr|register_8bit:reg3|d_flipflop:dff6                          ; d_flipflop         ; work         ;
;             |d_flipflop:dff7|          ; 0 (0)               ; 1 (1)                     ; 0           ; 0          ; 0            ; 0       ; 0         ; 0    ; 0            ; 0          ; |main|top:comb_3|shift_register:sr|register_8bit:reg3|d_flipflop:dff7                          ; d_flipflop         ; work         ;
;       |switch_debouncer:deb|           ; 22 (0)              ; 19 (0)                    ; 0           ; 0          ; 0            ; 0       ; 0         ; 0    ; 0            ; 0          ; |main|top:comb_3|switch_debouncer:deb                                                          ; switch_debouncer   ; work         ;
;          |d_flipflop:stable|           ; 0 (0)               ; 1 (1)                     ; 0           ; 0          ; 0            ; 0       ; 0         ; 0    ; 0            ; 0          ; |main|top:comb_3|switch_debouncer:deb|d_flipflop:stable                                        ; d_flipflop         ; work         ;
;          |d_flipflop:sync1|            ; 0 (0)               ; 1 (1)                     ; 0           ; 0          ; 0            ; 0       ; 0         ; 0    ; 0            ; 0          ; |main|top:comb_3|switch_debouncer:deb|d_flipflop:sync1                                         ; d_flipflop         ; work         ;
;          |divisor_frequencia:div_inst| ; 22 (0)              ; 17 (0)                    ; 0           ; 0          ; 0            ; 0       ; 0         ; 0    ; 0            ; 0          ; |main|top:comb_3|switch_debouncer:deb|divisor_frequencia:div_inst                              ; divisor_frequencia ; work         ;
;             |d_flipflop:div7|          ; 1 (1)               ; 1 (1)                     ; 0           ; 0          ; 0            ; 0       ; 0         ; 0    ; 0            ; 0          ; |main|top:comb_3|switch_debouncer:deb|divisor_frequencia:div_inst|d_flipflop:div7              ; d_flipflop         ; work         ;
;             |d_flipflop:div8|          ; 1 (1)               ; 1 (1)                     ; 0           ; 0          ; 0            ; 0       ; 0         ; 0    ; 0            ; 0          ; |main|top:comb_3|switch_debouncer:deb|divisor_frequencia:div_inst|d_flipflop:div8              ; d_flipflop         ; work         ;
;             |dividir_5:div1|           ; 4 (1)               ; 3 (0)                     ; 0           ; 0          ; 0            ; 0       ; 0         ; 0    ; 0            ; 0          ; |main|top:comb_3|switch_debouncer:deb|divisor_frequencia:div_inst|dividir_5:div1               ; dividir_5          ; work         ;
;                |d_flipflop:b0|         ; 1 (1)               ; 1 (1)                     ; 0           ; 0          ; 0            ; 0       ; 0         ; 0    ; 0            ; 0          ; |main|top:comb_3|switch_debouncer:deb|divisor_frequencia:div_inst|dividir_5:div1|d_flipflop:b0 ; d_flipflop         ; work         ;
;                |d_flipflop:b1|         ; 1 (1)               ; 1 (1)                     ; 0           ; 0          ; 0            ; 0       ; 0         ; 0    ; 0            ; 0          ; |main|top:comb_3|switch_debouncer:deb|divisor_frequencia:div_inst|dividir_5:div1|d_flipflop:b1 ; d_flipflop         ; work         ;
;                |d_flipflop:b2|         ; 1 (1)               ; 1 (1)                     ; 0           ; 0          ; 0            ; 0       ; 0         ; 0    ; 0            ; 0          ; |main|top:comb_3|switch_debouncer:deb|divisor_frequencia:div_inst|dividir_5:div1|d_flipflop:b2 ; d_flipflop         ; work         ;
;             |dividir_5:div2|           ; 4 (1)               ; 3 (0)                     ; 0           ; 0          ; 0            ; 0       ; 0         ; 0    ; 0            ; 0          ; |main|top:comb_3|switch_debouncer:deb|divisor_frequencia:div_inst|dividir_5:div2               ; dividir_5          ; work         ;
;                |d_flipflop:b0|         ; 1 (1)               ; 1 (1)                     ; 0           ; 0          ; 0            ; 0       ; 0         ; 0    ; 0            ; 0          ; |main|top:comb_3|switch_debouncer:deb|divisor_frequencia:div_inst|dividir_5:div2|d_flipflop:b0 ; d_flipflop         ; work         ;
;                |d_flipflop:b1|         ; 1 (1)               ; 1 (1)                     ; 0           ; 0          ; 0            ; 0       ; 0         ; 0    ; 0            ; 0          ; |main|top:comb_3|switch_debouncer:deb|divisor_frequencia:div_inst|dividir_5:div2|d_flipflop:b1 ; d_flipflop         ; work         ;
;                |d_flipflop:b2|         ; 1 (1)               ; 1 (1)                     ; 0           ; 0          ; 0            ; 0       ; 0         ; 0    ; 0            ; 0          ; |main|top:comb_3|switch_debouncer:deb|divisor_frequencia:div_inst|dividir_5:div2|d_flipflop:b2 ; d_flipflop         ; work         ;
;             |dividir_5:div3|           ; 4 (1)               ; 3 (0)                     ; 0           ; 0          ; 0            ; 0       ; 0         ; 0    ; 0            ; 0          ; |main|top:comb_3|switch_debouncer:deb|divisor_frequencia:div_inst|dividir_5:div3               ; dividir_5          ; work         ;
;                |d_flipflop:b0|         ; 1 (1)               ; 1 (1)                     ; 0           ; 0          ; 0            ; 0       ; 0         ; 0    ; 0            ; 0          ; |main|top:comb_3|switch_debouncer:deb|divisor_frequencia:div_inst|dividir_5:div3|d_flipflop:b0 ; d_flipflop         ; work         ;
;                |d_flipflop:b1|         ; 1 (1)               ; 1 (1)                     ; 0           ; 0          ; 0            ; 0       ; 0         ; 0    ; 0            ; 0          ; |main|top:comb_3|switch_debouncer:deb|divisor_frequencia:div_inst|dividir_5:div3|d_flipflop:b1 ; d_flipflop         ; work         ;
;                |d_flipflop:b2|         ; 1 (1)               ; 1 (1)                     ; 0           ; 0          ; 0            ; 0       ; 0         ; 0    ; 0            ; 0          ; |main|top:comb_3|switch_debouncer:deb|divisor_frequencia:div_inst|dividir_5:div3|d_flipflop:b2 ; d_flipflop         ; work         ;
;             |dividir_5:div4|           ; 4 (1)               ; 3 (0)                     ; 0           ; 0          ; 0            ; 0       ; 0         ; 0    ; 0            ; 0          ; |main|top:comb_3|switch_debouncer:deb|divisor_frequencia:div_inst|dividir_5:div4               ; dividir_5          ; work         ;
;                |d_flipflop:b0|         ; 1 (1)               ; 1 (1)                     ; 0           ; 0          ; 0            ; 0       ; 0         ; 0    ; 0            ; 0          ; |main|top:comb_3|switch_debouncer:deb|divisor_frequencia:div_inst|dividir_5:div4|d_flipflop:b0 ; d_flipflop         ; work         ;
;                |d_flipflop:b1|         ; 1 (1)               ; 1 (1)                     ; 0           ; 0          ; 0            ; 0       ; 0         ; 0    ; 0            ; 0          ; |main|top:comb_3|switch_debouncer:deb|divisor_frequencia:div_inst|dividir_5:div4|d_flipflop:b1 ; d_flipflop         ; work         ;
;                |d_flipflop:b2|         ; 1 (1)               ; 1 (1)                     ; 0           ; 0          ; 0            ; 0       ; 0         ; 0    ; 0            ; 0          ; |main|top:comb_3|switch_debouncer:deb|divisor_frequencia:div_inst|dividir_5:div4|d_flipflop:b2 ; d_flipflop         ; work         ;
;             |dividir_5:div5|           ; 4 (1)               ; 3 (0)                     ; 0           ; 0          ; 0            ; 0       ; 0         ; 0    ; 0            ; 0          ; |main|top:comb_3|switch_debouncer:deb|divisor_frequencia:div_inst|dividir_5:div5               ; dividir_5          ; work         ;
;                |d_flipflop:b0|         ; 1 (1)               ; 1 (1)                     ; 0           ; 0          ; 0            ; 0       ; 0         ; 0    ; 0            ; 0          ; |main|top:comb_3|switch_debouncer:deb|divisor_frequencia:div_inst|dividir_5:div5|d_flipflop:b0 ; d_flipflop         ; work         ;
;                |d_flipflop:b1|         ; 1 (1)               ; 1 (1)                     ; 0           ; 0          ; 0            ; 0       ; 0         ; 0    ; 0            ; 0          ; |main|top:comb_3|switch_debouncer:deb|divisor_frequencia:div_inst|dividir_5:div5|d_flipflop:b1 ; d_flipflop         ; work         ;
;                |d_flipflop:b2|         ; 1 (1)               ; 1 (1)                     ; 0           ; 0          ; 0            ; 0       ; 0         ; 0    ; 0            ; 0          ; |main|top:comb_3|switch_debouncer:deb|divisor_frequencia:div_inst|dividir_5:div5|d_flipflop:b2 ; d_flipflop         ; work         ;
+----------------------------------------+---------------------+---------------------------+-------------+------------+--------------+---------+-----------+------+--------------+------------+------------------------------------------------------------------------------------------------+--------------------+--------------+
Note: For table entries with two numbers listed, the numbers in parentheses indicate the number of resources of the given type used by the specific entity alone. The numbers listed outside of parentheses indicate the total resources of the given type used by the specific entity and all of its sub-entities in the hierarchy.


+------------------------------------------------------+
; General Register Statistics                          ;
+----------------------------------------------+-------+
; Statistic                                    ; Value ;
+----------------------------------------------+-------+
; Total registers                              ; 43    ;
; Number of registers using Synchronous Clear  ; 0     ;
; Number of registers using Synchronous Load   ; 0     ;
; Number of registers using Asynchronous Clear ; 15    ;
; Number of registers using Asynchronous Load  ; 0     ;
; Number of registers using Clock Enable       ; 0     ;
; Number of registers using Preset             ; 0     ;
+----------------------------------------------+-------+


+----------------------------------------------------------------------------------------------------------------+
; Port Connectivity Checks: "display7seg:comb_11|display_octal:comb_6"                                           ;
+------+--------+----------+-------------------------------------------------------------------------------------+
; Port ; Type   ; Severity ; Details                                                                             ;
+------+--------+----------+-------------------------------------------------------------------------------------+
; F1   ; Input  ; Info     ; Stuck at GND                                                                        ;
; F2   ; Input  ; Info     ; Stuck at GND                                                                        ;
; d3   ; Output ; Info     ; Connected to dangling logic. Logic that only feeds a dangling port will be removed. ;
; d4   ; Output ; Info     ; Connected to dangling logic. Logic that only feeds a dangling port will be removed. ;
; d5   ; Output ; Info     ; Connected to dangling logic. Logic that only feeds a dangling port will be removed. ;
; d6   ; Output ; Info     ; Connected to dangling logic. Logic that only feeds a dangling port will be removed. ;
+------+--------+----------+-------------------------------------------------------------------------------------+


+-------------------------------------------------------------------------------------------------------------------------------------------------------------------------------------------------------------+
; Port Connectivity Checks: "display7seg:comb_11|displaydezena:comb_4"                                                                                                                                        ;
+------+-------+----------+-----------------------------------------------------------------------------------------------------------------------------------------------------------------------------------+
; Port ; Type  ; Severity ; Details                                                                                                                                                                           ;
+------+-------+----------+-----------------------------------------------------------------------------------------------------------------------------------------------------------------------------------+
; A    ; Input ; Warning  ; Input port expression (16 bits) is wider than the input port (7 bits) it drives.  The 9 most-significant bit(s) in the expression will be dangling if they have no other fanouts. ;
+------+-------+----------+-----------------------------------------------------------------------------------------------------------------------------------------------------------------------------------+


+-------------------------------------------------------------------------------------------------------------------------------------------------------------------------------------------------------------+
; Port Connectivity Checks: "display7seg:comb_11|displayunidade:comb_3"                                                                                                                                       ;
+------+-------+----------+-----------------------------------------------------------------------------------------------------------------------------------------------------------------------------------+
; Port ; Type  ; Severity ; Details                                                                                                                                                                           ;
+------+-------+----------+-----------------------------------------------------------------------------------------------------------------------------------------------------------------------------------+
; a    ; Input ; Warning  ; Input port expression (16 bits) is wider than the input port (7 bits) it drives.  The 9 most-significant bit(s) in the expression will be dangling if they have no other fanouts. ;
+------+-------+----------+-----------------------------------------------------------------------------------------------------------------------------------------------------------------------------------+


+--------------------------------------------------------------------------------------------------------------------------------------------------------------------------------------------------------------+
; Port Connectivity Checks: "register_8bit:comb_10"                                                                                                                                                            ;
+------+--------+----------+-----------------------------------------------------------------------------------------------------------------------------------------------------------------------------------+
; Port ; Type   ; Severity ; Details                                                                                                                                                                           ;
+------+--------+----------+-----------------------------------------------------------------------------------------------------------------------------------------------------------------------------------+
; in   ; Input  ; Warning  ; Input port expression (16 bits) is wider than the input port (8 bits) it drives.  The 8 most-significant bit(s) in the expression will be dangling if they have no other fanouts. ;
; out  ; Output ; Info     ; Connected to dangling logic. Logic that only feeds a dangling port will be removed.                                                                                               ;
+------+--------+----------+-----------------------------------------------------------------------------------------------------------------------------------------------------------------------------------+


+-----------------------------------------------------------------------------------------------------------------------------------------------------------------------+
; Port Connectivity Checks: "mux:mux_8bit|mux8bit:mux15"                                                                                                                ;
+------+-------+----------+---------------------------------------------------------------------------------------------------------------------------------------------+
; Port ; Type  ; Severity ; Details                                                                                                                                     ;
+------+-------+----------+---------------------------------------------------------------------------------------------------------------------------------------------+
; in0  ; Input ; Info     ; Stuck at GND                                                                                                                                ;
; in1  ; Input ; Info     ; Stuck at GND                                                                                                                                ;
; in3  ; Input ; Info     ; Stuck at GND                                                                                                                                ;
; in4  ; Input ; Info     ; Stuck at GND                                                                                                                                ;
; in5  ; Input ; Info     ; Stuck at GND                                                                                                                                ;
; in6  ; Input ; Info     ; Stuck at GND                                                                                                                                ;
; in7  ; Input ; Info     ; Stuck at GND                                                                                                                                ;
; sel  ; Input ; Warning  ; Input port expression (3 bits) is smaller than the input port (4 bits) it drives.  Extra input bit(s) "sel[3..3]" will be connected to GND. ;
+------+-------+----------+---------------------------------------------------------------------------------------------------------------------------------------------+


+-----------------------------------------------------------------------------------------------------------------------------------------------------------------------+
; Port Connectivity Checks: "mux:mux_8bit|mux8bit:mux14"                                                                                                                ;
+------+-------+----------+---------------------------------------------------------------------------------------------------------------------------------------------+
; Port ; Type  ; Severity ; Details                                                                                                                                     ;
+------+-------+----------+---------------------------------------------------------------------------------------------------------------------------------------------+
; in0  ; Input ; Info     ; Stuck at GND                                                                                                                                ;
; in1  ; Input ; Info     ; Stuck at GND                                                                                                                                ;
; in3  ; Input ; Info     ; Stuck at GND                                                                                                                                ;
; in4  ; Input ; Info     ; Stuck at GND                                                                                                                                ;
; in5  ; Input ; Info     ; Stuck at GND                                                                                                                                ;
; in6  ; Input ; Info     ; Stuck at GND                                                                                                                                ;
; in7  ; Input ; Info     ; Stuck at GND                                                                                                                                ;
; sel  ; Input ; Warning  ; Input port expression (3 bits) is smaller than the input port (4 bits) it drives.  Extra input bit(s) "sel[3..3]" will be connected to GND. ;
+------+-------+----------+---------------------------------------------------------------------------------------------------------------------------------------------+


+-----------------------------------------------------------------------------------------------------------------------------------------------------------------------+
; Port Connectivity Checks: "mux:mux_8bit|mux8bit:mux13"                                                                                                                ;
+------+-------+----------+---------------------------------------------------------------------------------------------------------------------------------------------+
; Port ; Type  ; Severity ; Details                                                                                                                                     ;
+------+-------+----------+---------------------------------------------------------------------------------------------------------------------------------------------+
; in0  ; Input ; Info     ; Stuck at GND                                                                                                                                ;
; in1  ; Input ; Info     ; Stuck at GND                                                                                                                                ;
; in3  ; Input ; Info     ; Stuck at GND                                                                                                                                ;
; in4  ; Input ; Info     ; Stuck at GND                                                                                                                                ;
; in5  ; Input ; Info     ; Stuck at GND                                                                                                                                ;
; in6  ; Input ; Info     ; Stuck at GND                                                                                                                                ;
; in7  ; Input ; Info     ; Stuck at GND                                                                                                                                ;
; sel  ; Input ; Warning  ; Input port expression (3 bits) is smaller than the input port (4 bits) it drives.  Extra input bit(s) "sel[3..3]" will be connected to GND. ;
+------+-------+----------+---------------------------------------------------------------------------------------------------------------------------------------------+


+-----------------------------------------------------------------------------------------------------------------------------------------------------------------------+
; Port Connectivity Checks: "mux:mux_8bit|mux8bit:mux12"                                                                                                                ;
+------+-------+----------+---------------------------------------------------------------------------------------------------------------------------------------------+
; Port ; Type  ; Severity ; Details                                                                                                                                     ;
+------+-------+----------+---------------------------------------------------------------------------------------------------------------------------------------------+
; in0  ; Input ; Info     ; Stuck at GND                                                                                                                                ;
; in1  ; Input ; Info     ; Stuck at GND                                                                                                                                ;
; in3  ; Input ; Info     ; Stuck at GND                                                                                                                                ;
; in4  ; Input ; Info     ; Stuck at GND                                                                                                                                ;
; in5  ; Input ; Info     ; Stuck at GND                                                                                                                                ;
; in6  ; Input ; Info     ; Stuck at GND                                                                                                                                ;
; in7  ; Input ; Info     ; Stuck at GND                                                                                                                                ;
; sel  ; Input ; Warning  ; Input port expression (3 bits) is smaller than the input port (4 bits) it drives.  Extra input bit(s) "sel[3..3]" will be connected to GND. ;
+------+-------+----------+---------------------------------------------------------------------------------------------------------------------------------------------+


+-----------------------------------------------------------------------------------------------------------------------------------------------------------------------+
; Port Connectivity Checks: "mux:mux_8bit|mux8bit:mux11"                                                                                                                ;
+------+-------+----------+---------------------------------------------------------------------------------------------------------------------------------------------+
; Port ; Type  ; Severity ; Details                                                                                                                                     ;
+------+-------+----------+---------------------------------------------------------------------------------------------------------------------------------------------+
; in0  ; Input ; Info     ; Stuck at GND                                                                                                                                ;
; in1  ; Input ; Info     ; Stuck at GND                                                                                                                                ;
; in3  ; Input ; Info     ; Stuck at GND                                                                                                                                ;
; in4  ; Input ; Info     ; Stuck at GND                                                                                                                                ;
; in5  ; Input ; Info     ; Stuck at GND                                                                                                                                ;
; in6  ; Input ; Info     ; Stuck at GND                                                                                                                                ;
; in7  ; Input ; Info     ; Stuck at GND                                                                                                                                ;
; sel  ; Input ; Warning  ; Input port expression (3 bits) is smaller than the input port (4 bits) it drives.  Extra input bit(s) "sel[3..3]" will be connected to GND. ;
+------+-------+----------+---------------------------------------------------------------------------------------------------------------------------------------------+


+-----------------------------------------------------------------------------------------------------------------------------------------------------------------------+
; Port Connectivity Checks: "mux:mux_8bit|mux8bit:mux10"                                                                                                                ;
+------+-------+----------+---------------------------------------------------------------------------------------------------------------------------------------------+
; Port ; Type  ; Severity ; Details                                                                                                                                     ;
+------+-------+----------+---------------------------------------------------------------------------------------------------------------------------------------------+
; in0  ; Input ; Info     ; Stuck at GND                                                                                                                                ;
; in1  ; Input ; Info     ; Stuck at GND                                                                                                                                ;
; in3  ; Input ; Info     ; Stuck at GND                                                                                                                                ;
; in4  ; Input ; Info     ; Stuck at GND                                                                                                                                ;
; in5  ; Input ; Info     ; Stuck at GND                                                                                                                                ;
; in6  ; Input ; Info     ; Stuck at GND                                                                                                                                ;
; in7  ; Input ; Info     ; Stuck at GND                                                                                                                                ;
; sel  ; Input ; Warning  ; Input port expression (3 bits) is smaller than the input port (4 bits) it drives.  Extra input bit(s) "sel[3..3]" will be connected to GND. ;
+------+-------+----------+---------------------------------------------------------------------------------------------------------------------------------------------+


+-----------------------------------------------------------------------------------------------------------------------------------------------------------------------+
; Port Connectivity Checks: "mux:mux_8bit|mux8bit:mux09"                                                                                                                ;
+------+-------+----------+---------------------------------------------------------------------------------------------------------------------------------------------+
; Port ; Type  ; Severity ; Details                                                                                                                                     ;
+------+-------+----------+---------------------------------------------------------------------------------------------------------------------------------------------+
; in0  ; Input ; Info     ; Stuck at GND                                                                                                                                ;
; in1  ; Input ; Info     ; Stuck at GND                                                                                                                                ;
; in3  ; Input ; Info     ; Stuck at GND                                                                                                                                ;
; in4  ; Input ; Info     ; Stuck at GND                                                                                                                                ;
; in5  ; Input ; Info     ; Stuck at GND                                                                                                                                ;
; in6  ; Input ; Info     ; Stuck at GND                                                                                                                                ;
; in7  ; Input ; Info     ; Stuck at GND                                                                                                                                ;
; sel  ; Input ; Warning  ; Input port expression (3 bits) is smaller than the input port (4 bits) it drives.  Extra input bit(s) "sel[3..3]" will be connected to GND. ;
+------+-------+----------+---------------------------------------------------------------------------------------------------------------------------------------------+


+-----------------------------------------------------------------------------------------------------------------------------------------------------------------------+
; Port Connectivity Checks: "mux:mux_8bit|mux8bit:mux08"                                                                                                                ;
+------+-------+----------+---------------------------------------------------------------------------------------------------------------------------------------------+
; Port ; Type  ; Severity ; Details                                                                                                                                     ;
+------+-------+----------+---------------------------------------------------------------------------------------------------------------------------------------------+
; in1  ; Input ; Info     ; Stuck at GND                                                                                                                                ;
; in3  ; Input ; Info     ; Stuck at GND                                                                                                                                ;
; in4  ; Input ; Info     ; Stuck at GND                                                                                                                                ;
; in5  ; Input ; Info     ; Stuck at GND                                                                                                                                ;
; in6  ; Input ; Info     ; Stuck at GND                                                                                                                                ;
; in7  ; Input ; Info     ; Stuck at GND                                                                                                                                ;
; sel  ; Input ; Warning  ; Input port expression (3 bits) is smaller than the input port (4 bits) it drives.  Extra input bit(s) "sel[3..3]" will be connected to GND. ;
+------+-------+----------+---------------------------------------------------------------------------------------------------------------------------------------------+


+-----------------------------------------------------------------------------------------------------------------------------------------------------------------------+
; Port Connectivity Checks: "mux:mux_8bit|mux8bit:mux07"                                                                                                                ;
+------+-------+----------+---------------------------------------------------------------------------------------------------------------------------------------------+
; Port ; Type  ; Severity ; Details                                                                                                                                     ;
+------+-------+----------+---------------------------------------------------------------------------------------------------------------------------------------------+
; sel  ; Input ; Warning  ; Input port expression (3 bits) is smaller than the input port (4 bits) it drives.  Extra input bit(s) "sel[3..3]" will be connected to GND. ;
+------+-------+----------+---------------------------------------------------------------------------------------------------------------------------------------------+


+-----------------------------------------------------------------------------------------------------------------------------------------------------------------------+
; Port Connectivity Checks: "mux:mux_8bit|mux8bit:mux06"                                                                                                                ;
+------+-------+----------+---------------------------------------------------------------------------------------------------------------------------------------------+
; Port ; Type  ; Severity ; Details                                                                                                                                     ;
+------+-------+----------+---------------------------------------------------------------------------------------------------------------------------------------------+
; sel  ; Input ; Warning  ; Input port expression (3 bits) is smaller than the input port (4 bits) it drives.  Extra input bit(s) "sel[3..3]" will be connected to GND. ;
+------+-------+----------+---------------------------------------------------------------------------------------------------------------------------------------------+


+-----------------------------------------------------------------------------------------------------------------------------------------------------------------------+
; Port Connectivity Checks: "mux:mux_8bit|mux8bit:mux05"                                                                                                                ;
+------+-------+----------+---------------------------------------------------------------------------------------------------------------------------------------------+
; Port ; Type  ; Severity ; Details                                                                                                                                     ;
+------+-------+----------+---------------------------------------------------------------------------------------------------------------------------------------------+
; sel  ; Input ; Warning  ; Input port expression (3 bits) is smaller than the input port (4 bits) it drives.  Extra input bit(s) "sel[3..3]" will be connected to GND. ;
+------+-------+----------+---------------------------------------------------------------------------------------------------------------------------------------------+


+-----------------------------------------------------------------------------------------------------------------------------------------------------------------------+
; Port Connectivity Checks: "mux:mux_8bit|mux8bit:mux04"                                                                                                                ;
+------+-------+----------+---------------------------------------------------------------------------------------------------------------------------------------------+
; Port ; Type  ; Severity ; Details                                                                                                                                     ;
+------+-------+----------+---------------------------------------------------------------------------------------------------------------------------------------------+
; sel  ; Input ; Warning  ; Input port expression (3 bits) is smaller than the input port (4 bits) it drives.  Extra input bit(s) "sel[3..3]" will be connected to GND. ;
+------+-------+----------+---------------------------------------------------------------------------------------------------------------------------------------------+


+-----------------------------------------------------------------------------------------------------------------------------------------------------------------------+
; Port Connectivity Checks: "mux:mux_8bit|mux8bit:mux03"                                                                                                                ;
+------+-------+----------+---------------------------------------------------------------------------------------------------------------------------------------------+
; Port ; Type  ; Severity ; Details                                                                                                                                     ;
+------+-------+----------+---------------------------------------------------------------------------------------------------------------------------------------------+
; sel  ; Input ; Warning  ; Input port expression (3 bits) is smaller than the input port (4 bits) it drives.  Extra input bit(s) "sel[3..3]" will be connected to GND. ;
+------+-------+----------+---------------------------------------------------------------------------------------------------------------------------------------------+


+-----------------------------------------------------------------------------------------------------------------------------------------------------------------------+
; Port Connectivity Checks: "mux:mux_8bit|mux8bit:mux02"                                                                                                                ;
+------+-------+----------+---------------------------------------------------------------------------------------------------------------------------------------------+
; Port ; Type  ; Severity ; Details                                                                                                                                     ;
+------+-------+----------+---------------------------------------------------------------------------------------------------------------------------------------------+
; sel  ; Input ; Warning  ; Input port expression (3 bits) is smaller than the input port (4 bits) it drives.  Extra input bit(s) "sel[3..3]" will be connected to GND. ;
+------+-------+----------+---------------------------------------------------------------------------------------------------------------------------------------------+


+-----------------------------------------------------------------------------------------------------------------------------------------------------------------------+
; Port Connectivity Checks: "mux:mux_8bit|mux8bit:mux01"                                                                                                                ;
+------+-------+----------+---------------------------------------------------------------------------------------------------------------------------------------------+
; Port ; Type  ; Severity ; Details                                                                                                                                     ;
+------+-------+----------+---------------------------------------------------------------------------------------------------------------------------------------------+
; sel  ; Input ; Warning  ; Input port expression (3 bits) is smaller than the input port (4 bits) it drives.  Extra input bit(s) "sel[3..3]" will be connected to GND. ;
+------+-------+----------+---------------------------------------------------------------------------------------------------------------------------------------------+


+-----------------------------------------------------------------------------------------------------------------------------------------------------------------------+
; Port Connectivity Checks: "mux:mux_8bit|mux8bit:mux00"                                                                                                                ;
+------+-------+----------+---------------------------------------------------------------------------------------------------------------------------------------------+
; Port ; Type  ; Severity ; Details                                                                                                                                     ;
+------+-------+----------+---------------------------------------------------------------------------------------------------------------------------------------------+
; sel  ; Input ; Warning  ; Input port expression (3 bits) is smaller than the input port (4 bits) it drives.  Extra input bit(s) "sel[3..3]" will be connected to GND. ;
+------+-------+----------+---------------------------------------------------------------------------------------------------------------------------------------------+


+-------------------------------------------------------------------------------------------------------------------------------------------------------------------------------------------------------------+
; Port Connectivity Checks: "FlagZero:comb_8"                                                                                                                                                                 ;
+------+-------+----------+-----------------------------------------------------------------------------------------------------------------------------------------------------------------------------------+
; Port ; Type  ; Severity ; Details                                                                                                                                                                           ;
+------+-------+----------+-----------------------------------------------------------------------------------------------------------------------------------------------------------------------------------+
; S    ; Input ; Warning  ; Input port expression (16 bits) is wider than the input port (8 bits) it drives.  The 8 most-significant bit(s) in the expression will be dangling if they have no other fanouts. ;
+------+-------+----------+-----------------------------------------------------------------------------------------------------------------------------------------------------------------------------------+


+-----------------------------------------------------------------------------------------------------------------------------------------------------------------------+
; Port Connectivity Checks: "muxFlag:comb_7"                                                                                                                            ;
+------+-------+----------+---------------------------------------------------------------------------------------------------------------------------------------------+
; Port ; Type  ; Severity ; Details                                                                                                                                     ;
+------+-------+----------+---------------------------------------------------------------------------------------------------------------------------------------------+
; sel  ; Input ; Warning  ; Input port expression (1 bits) is smaller than the input port (3 bits) it drives.  Extra input bit(s) "sel[2..1]" will be connected to GND. ;
+------+-------+----------+---------------------------------------------------------------------------------------------------------------------------------------------+


+------------------------------------------------------------------------------------------------------------------------------------------------------------------------------------------------------------+
; Port Connectivity Checks: "FlagErro:comb_5"                                                                                                                                                                ;
+------+-------+----------+----------------------------------------------------------------------------------------------------------------------------------------------------------------------------------+
; Port ; Type  ; Severity ; Details                                                                                                                                                                          ;
+------+-------+----------+----------------------------------------------------------------------------------------------------------------------------------------------------------------------------------+
; B    ; Input ; Warning  ; Input port expression (8 bits) is wider than the input port (4 bits) it drives.  The 4 most-significant bit(s) in the expression will be dangling if they have no other fanouts. ;
; O    ; Input ; Warning  ; Input port expression (1 bits) is smaller than the input port (3 bits) it drives.  Extra input bit(s) "O[2..1]" will be connected to GND.                                        ;
+------+-------+----------+----------------------------------------------------------------------------------------------------------------------------------------------------------------------------------+


+---------------------------------------------------------------------------------------------------------------------------------------------------+
; Port Connectivity Checks: "divisor8bit:divisor0|mux_divisor:mux7"                                                                                 ;
+------+--------+----------+------------------------------------------------------------------------------------------------------------------------+
; Port ; Type   ; Severity ; Details                                                                                                                ;
+------+--------+----------+------------------------------------------------------------------------------------------------------------------------+
; out  ; Output ; Warning  ; Output or bidir port (8 bits) is wider than the port expression (1 bits) it drives; bit(s) "out[7..1]" have no fanouts ;
; out  ; Output ; Info     ; Connected to dangling logic. Logic that only feeds a dangling port will be removed.                                    ;
+------+--------+----------+------------------------------------------------------------------------------------------------------------------------+


+---------------------------------------------------------------+
; Port Connectivity Checks: "divisor8bit:divisor0|sub8bit:sub7" ;
+------+-------+----------+-------------------------------------+
; Port ; Type  ; Severity ; Details                             ;
+------+-------+----------+-------------------------------------+
; bin  ; Input ; Info     ; Stuck at GND                        ;
+------+-------+----------+-------------------------------------+


+------------------------------------------------------------------------------------------------------------------+
; Port Connectivity Checks: "divisor8bit:divisor0|mux_divisor:mux6"                                                ;
+--------+--------+----------+-------------------------------------------------------------------------------------+
; Port   ; Type   ; Severity ; Details                                                                             ;
+--------+--------+----------+-------------------------------------------------------------------------------------+
; out[7] ; Output ; Info     ; Connected to dangling logic. Logic that only feeds a dangling port will be removed. ;
+--------+--------+----------+-------------------------------------------------------------------------------------+


+---------------------------------------------------------------+
; Port Connectivity Checks: "divisor8bit:divisor0|sub8bit:sub6" ;
+------+-------+----------+-------------------------------------+
; Port ; Type  ; Severity ; Details                             ;
+------+-------+----------+-------------------------------------+
; bin  ; Input ; Info     ; Stuck at GND                        ;
+------+-------+----------+-------------------------------------+


+------------------------------------------------------------------------------------------------------------------+
; Port Connectivity Checks: "divisor8bit:divisor0|mux_divisor:mux5"                                                ;
+--------+--------+----------+-------------------------------------------------------------------------------------+
; Port   ; Type   ; Severity ; Details                                                                             ;
+--------+--------+----------+-------------------------------------------------------------------------------------+
; out[7] ; Output ; Info     ; Connected to dangling logic. Logic that only feeds a dangling port will be removed. ;
+--------+--------+----------+-------------------------------------------------------------------------------------+


+---------------------------------------------------------------+
; Port Connectivity Checks: "divisor8bit:divisor0|sub8bit:sub5" ;
+------+-------+----------+-------------------------------------+
; Port ; Type  ; Severity ; Details                             ;
+------+-------+----------+-------------------------------------+
; bin  ; Input ; Info     ; Stuck at GND                        ;
+------+-------+----------+-------------------------------------+


+------------------------------------------------------------------------------------------------------------------+
; Port Connectivity Checks: "divisor8bit:divisor0|mux_divisor:mux4"                                                ;
+--------+--------+----------+-------------------------------------------------------------------------------------+
; Port   ; Type   ; Severity ; Details                                                                             ;
+--------+--------+----------+-------------------------------------------------------------------------------------+
; out[7] ; Output ; Info     ; Connected to dangling logic. Logic that only feeds a dangling port will be removed. ;
+--------+--------+----------+-------------------------------------------------------------------------------------+


+---------------------------------------------------------------+
; Port Connectivity Checks: "divisor8bit:divisor0|sub8bit:sub4" ;
+------+-------+----------+-------------------------------------+
; Port ; Type  ; Severity ; Details                             ;
+------+-------+----------+-------------------------------------+
; bin  ; Input ; Info     ; Stuck at GND                        ;
+------+-------+----------+-------------------------------------+


+------------------------------------------------------------------------------------------------------------------+
; Port Connectivity Checks: "divisor8bit:divisor0|mux_divisor:mux3"                                                ;
+--------+--------+----------+-------------------------------------------------------------------------------------+
; Port   ; Type   ; Severity ; Details                                                                             ;
+--------+--------+----------+-------------------------------------------------------------------------------------+
; out[7] ; Output ; Info     ; Connected to dangling logic. Logic that only feeds a dangling port will be removed. ;
+--------+--------+----------+-------------------------------------------------------------------------------------+


+---------------------------------------------------------------+
; Port Connectivity Checks: "divisor8bit:divisor0|sub8bit:sub3" ;
+------+-------+----------+-------------------------------------+
; Port ; Type  ; Severity ; Details                             ;
+------+-------+----------+-------------------------------------+
; bin  ; Input ; Info     ; Stuck at GND                        ;
+------+-------+----------+-------------------------------------+


+------------------------------------------------------------------------------------------------------------------+
; Port Connectivity Checks: "divisor8bit:divisor0|mux_divisor:mux2"                                                ;
+--------+--------+----------+-------------------------------------------------------------------------------------+
; Port   ; Type   ; Severity ; Details                                                                             ;
+--------+--------+----------+-------------------------------------------------------------------------------------+
; out[7] ; Output ; Info     ; Connected to dangling logic. Logic that only feeds a dangling port will be removed. ;
+--------+--------+----------+-------------------------------------------------------------------------------------+


+---------------------------------------------------------------+
; Port Connectivity Checks: "divisor8bit:divisor0|sub8bit:sub2" ;
+------+-------+----------+-------------------------------------+
; Port ; Type  ; Severity ; Details                             ;
+------+-------+----------+-------------------------------------+
; bin  ; Input ; Info     ; Stuck at GND                        ;
+------+-------+----------+-------------------------------------+


+------------------------------------------------------------------------------------------------------------------+
; Port Connectivity Checks: "divisor8bit:divisor0|mux_divisor:mux1"                                                ;
+--------+--------+----------+-------------------------------------------------------------------------------------+
; Port   ; Type   ; Severity ; Details                                                                             ;
+--------+--------+----------+-------------------------------------------------------------------------------------+
; out[7] ; Output ; Info     ; Connected to dangling logic. Logic that only feeds a dangling port will be removed. ;
+--------+--------+----------+-------------------------------------------------------------------------------------+


+---------------------------------------------------------------+
; Port Connectivity Checks: "divisor8bit:divisor0|sub8bit:sub1" ;
+------+-------+----------+-------------------------------------+
; Port ; Type  ; Severity ; Details                             ;
+------+-------+----------+-------------------------------------+
; bin  ; Input ; Info     ; Stuck at GND                        ;
+------+-------+----------+-------------------------------------+


+-------------------------------------------------------------------------------------------------------------------------------------------------------------------------+
; Port Connectivity Checks: "divisor8bit:divisor0|mux_divisor:mux0"                                                                                                       ;
+---------+--------+----------+-------------------------------------------------------------------------------------------------------------------------------------------+
; Port    ; Type   ; Severity ; Details                                                                                                                                   ;
+---------+--------+----------+-------------------------------------------------------------------------------------------------------------------------------------------+
; B       ; Input  ; Warning  ; Input port expression (4 bits) is smaller than the input port (8 bits) it drives.  Extra input bit(s) "B[7..4]" will be connected to GND. ;
; B[3..1] ; Input  ; Info     ; Stuck at GND                                                                                                                              ;
; out[7]  ; Output ; Info     ; Connected to dangling logic. Logic that only feeds a dangling port will be removed.                                                       ;
+---------+--------+----------+-------------------------------------------------------------------------------------------------------------------------------------------+


+------------------------------------------------------------------------------------------------------------------------------------------------------------------------+
; Port Connectivity Checks: "divisor8bit:divisor0|sub8bit:sub0"                                                                                                          ;
+---------+-------+----------+-------------------------------------------------------------------------------------------------------------------------------------------+
; Port    ; Type  ; Severity ; Details                                                                                                                                   ;
+---------+-------+----------+-------------------------------------------------------------------------------------------------------------------------------------------+
; A       ; Input ; Warning  ; Input port expression (7 bits) is smaller than the input port (8 bits) it drives.  Extra input bit(s) "A[7..7]" will be connected to GND. ;
; A[6..1] ; Input ; Info     ; Stuck at GND                                                                                                                              ;
; bin     ; Input ; Info     ; Stuck at GND                                                                                                                              ;
+---------+-------+----------+-------------------------------------------------------------------------------------------------------------------------------------------+


+-----------------------------------------------+
; Port Connectivity Checks: "sub8bit:subtrator" ;
+------+-------+----------+---------------------+
; Port ; Type  ; Severity ; Details             ;
+------+-------+----------+---------------------+
; bin  ; Input ; Info     ; Stuck at GND        ;
+------+-------+----------+---------------------+


+----------------------------------------------------------+
; Port Connectivity Checks: "sum8bit:somador|sum:somador1" ;
+------+-------+----------+--------------------------------+
; Port ; Type  ; Severity ; Details                        ;
+------+-------+----------+--------------------------------+
; C    ; Input ; Info     ; Stuck at GND                   ;
+------+-------+----------+--------------------------------+


+--------------------------------------------------------------------------------------------------------------------------------------------------------------------------------------------------+
; Port Connectivity Checks: "sum8bit:somador"                                                                                                                                                      ;
+------+--------+----------+-----------------------------------------------------------------------------------------------------------------------------------------------------------------------+
; Port ; Type   ; Severity ; Details                                                                                                                                                               ;
+------+--------+----------+-----------------------------------------------------------------------------------------------------------------------------------------------------------------------+
; S    ; Output ; Warning  ; Output or bidir port (8 bits) is smaller than the port expression (9 bits) it drives.  The 1 most-significant bit(s) in the port expression will be connected to GND. ;
+------+--------+----------+-----------------------------------------------------------------------------------------------------------------------------------------------------------------------+


+---------------------------------------------------------------------------------+
; Port Connectivity Checks: "top:comb_3|shift_register:sr|d_flipflop:dff_execute" ;
+-------+-------+----------+------------------------------------------------------+
; Port  ; Type  ; Severity ; Details                                              ;
+-------+-------+----------+------------------------------------------------------+
; reset ; Input ; Info     ; Stuck at GND                                         ;
+-------+-------+----------+------------------------------------------------------+


+---------------------------------------------------------------------------------------------------------------+
; Port Connectivity Checks: "top:comb_3|shift_register:sr|contador_mod4:shift_register_counter|d_flipflop:dff1" ;
+-------+-------+----------+------------------------------------------------------------------------------------+
; Port  ; Type  ; Severity ; Details                                                                            ;
+-------+-------+----------+------------------------------------------------------------------------------------+
; reset ; Input ; Info     ; Stuck at GND                                                                       ;
+-------+-------+----------+------------------------------------------------------------------------------------+


+---------------------------------------------------------------------------------------------------------------+
; Port Connectivity Checks: "top:comb_3|shift_register:sr|contador_mod4:shift_register_counter|d_flipflop:dff0" ;
+-------+-------+----------+------------------------------------------------------------------------------------+
; Port  ; Type  ; Severity ; Details                                                                            ;
+-------+-------+----------+------------------------------------------------------------------------------------+
; reset ; Input ; Info     ; Stuck at GND                                                                       ;
+-------+-------+----------+------------------------------------------------------------------------------------+


+-----------------------------------------------------------------------------+
; Port Connectivity Checks: "top:comb_3|shift_register:sr|register_8bit:reg3" ;
+-------+-------+----------+--------------------------------------------------+
; Port  ; Type  ; Severity ; Details                                          ;
+-------+-------+----------+--------------------------------------------------+
; reset ; Input ; Info     ; Stuck at GND                                     ;
+-------+-------+----------+--------------------------------------------------+


+-----------------------------------------------------------------------------+
; Port Connectivity Checks: "top:comb_3|shift_register:sr|register_8bit:reg2" ;
+-------+-------+----------+--------------------------------------------------+
; Port  ; Type  ; Severity ; Details                                          ;
+-------+-------+----------+--------------------------------------------------+
; reset ; Input ; Info     ; Stuck at GND                                     ;
+-------+-------+----------+--------------------------------------------------+


+-----------------------------------------------------------------------------+
; Port Connectivity Checks: "top:comb_3|shift_register:sr|register_8bit:reg1" ;
+-------+-------+----------+--------------------------------------------------+
; Port  ; Type  ; Severity ; Details                                          ;
+-------+-------+----------+--------------------------------------------------+
; reset ; Input ; Info     ; Stuck at GND                                     ;
+-------+-------+----------+--------------------------------------------------+


+----------------------------------------------------------------------------------------------------------+
; Port Connectivity Checks: "top:comb_3|switch_debouncer:deb|divisor_frequencia:div_inst|d_flipflop:div10" ;
+-------+-------+----------+-------------------------------------------------------------------------------+
; Port  ; Type  ; Severity ; Details                                                                       ;
+-------+-------+----------+-------------------------------------------------------------------------------+
; reset ; Input ; Info     ; Stuck at GND                                                                  ;
+-------+-------+----------+-------------------------------------------------------------------------------+


+---------------------------------------------------------------------------------------------------------+
; Port Connectivity Checks: "top:comb_3|switch_debouncer:deb|divisor_frequencia:div_inst|d_flipflop:div9" ;
+-------+-------+----------+------------------------------------------------------------------------------+
; Port  ; Type  ; Severity ; Details                                                                      ;
+-------+-------+----------+------------------------------------------------------------------------------+
; reset ; Input ; Info     ; Stuck at GND                                                                 ;
+-------+-------+----------+------------------------------------------------------------------------------+


+---------------------------------------------------------------------------------------------------------+
; Port Connectivity Checks: "top:comb_3|switch_debouncer:deb|divisor_frequencia:div_inst|d_flipflop:div8" ;
+-------+-------+----------+------------------------------------------------------------------------------+
; Port  ; Type  ; Severity ; Details                                                                      ;
+-------+-------+----------+------------------------------------------------------------------------------+
; reset ; Input ; Info     ; Stuck at GND                                                                 ;
+-------+-------+----------+------------------------------------------------------------------------------+


+---------------------------------------------------------------------------------------------------------+
; Port Connectivity Checks: "top:comb_3|switch_debouncer:deb|divisor_frequencia:div_inst|d_flipflop:div7" ;
+-------+-------+----------+------------------------------------------------------------------------------+
; Port  ; Type  ; Severity ; Details                                                                      ;
+-------+-------+----------+------------------------------------------------------------------------------+
; reset ; Input ; Info     ; Stuck at GND                                                                 ;
+-------+-------+----------+------------------------------------------------------------------------------+


+-------------------------------------------------------------------------------------------------------------------+
; Port Connectivity Checks: "top:comb_3|switch_debouncer:deb|divisor_frequencia:div_inst"                           ;
+---------+--------+----------+-------------------------------------------------------------------------------------+
; Port    ; Type   ; Severity ; Details                                                                             ;
+---------+--------+----------+-------------------------------------------------------------------------------------+
; clk_out ; Output ; Info     ; Connected to dangling logic. Logic that only feeds a dangling port will be removed. ;
; clk_aux ; Output ; Info     ; Connected to dangling logic. Logic that only feeds a dangling port will be removed. ;
+---------+--------+----------+-------------------------------------------------------------------------------------+


+-------------------------------------------------------------+
; Port Connectivity Checks: "top:comb_3|switch_debouncer:deb" ;
+-------+-------+----------+----------------------------------+
; Port  ; Type  ; Severity ; Details                          ;
+-------+-------+----------+----------------------------------+
; reset ; Input ; Info     ; Stuck at GND                     ;
+-------+-------+----------+----------------------------------+


+----------------------------------------------------------------------------------------------------------------------------------------------------+
; Port Connectivity Checks: "top:comb_3"                                                                                                             ;
+------+--------+----------+-------------------------------------------------------------------------------------------------------------------------+
; Port ; Type   ; Severity ; Details                                                                                                                 ;
+------+--------+----------+-------------------------------------------------------------------------------------------------------------------------+
; out1 ; Output ; Warning  ; Output or bidir port (8 bits) is wider than the port expression (3 bits) it drives; bit(s) "out1[7..3]" have no fanouts ;
+------+--------+----------+-------------------------------------------------------------------------------------------------------------------------+


+-----------------------------------------------------+
; Post-Synthesis Netlist Statistics for Top Partition ;
+-----------------------+-----------------------------+
; Type                  ; Count                       ;
+-----------------------+-----------------------------+
; boundary_port         ; 58                          ;
; cycloneiii_ff         ; 43                          ;
;     CLR               ; 15                          ;
;     plain             ; 28                          ;
; cycloneiii_lcell_comb ; 383                         ;
;     normal            ; 383                         ;
;         0 data inputs ; 1                           ;
;         1 data inputs ; 18                          ;
;         2 data inputs ; 15                          ;
;         3 data inputs ; 87                          ;
;         4 data inputs ; 262                         ;
;                       ;                             ;
; Max LUT depth         ; 50.00                       ;
; Average LUT depth     ; 32.18                       ;
+-----------------------+-----------------------------+


+-------------------------------+
; Elapsed Time Per Partition    ;
+----------------+--------------+
; Partition Name ; Elapsed Time ;
+----------------+--------------+
; Top            ; 00:00:03     ;
+----------------+--------------+


+-------------------------------+
; Analysis & Synthesis Messages ;
+-------------------------------+
Info: *******************************************************************
Info: Running Quartus Prime Analysis & Synthesis
    Info: Version 20.1.1 Build 720 11/11/2020 SJ Lite Edition
    Info: Processing started: Mon Oct 13 18:04:13 2025
Info: Command: quartus_map --read_settings_files=on --write_settings_files=off ULA -c ULA
Warning (18236): Number of processors has not been specified which may cause overloading on shared machines.  Set the global assignment NUM_PARALLEL_PROCESSORS in your QSF to an appropriate value for best performance.
Info (20030): Parallel compilation is enabled and will use 4 of the 4 processors detected
Warning (12090): Entity "mux" obtained from "mux.v" instead of from Quartus Prime megafunction library File: D:/rep_ula/ULA - PBL 2/mux.v Line: 57
Info (12021): Found 3 design units, including 3 entities, in source file mux.v
    Info (12023): Found entity 1: mux2x1 File: D:/rep_ula/ULA - PBL 2/mux.v Line: 1
    Info (12023): Found entity 2: mux8bit File: D:/rep_ula/ULA - PBL 2/mux.v Line: 14
    Info (12023): Found entity 3: mux File: D:/rep_ula/ULA - PBL 2/mux.v Line: 57
Info (12021): Found 1 design units, including 1 entities, in source file d_flipflop.v
    Info (12023): Found entity 1: d_flipflop File: D:/rep_ula/ULA - PBL 2/d_flipflop.v Line: 1
Info (12021): Found 1 design units, including 1 entities, in source file shift_register.v
    Info (12023): Found entity 1: shift_register File: D:/rep_ula/ULA - PBL 2/shift_register.v Line: 1
Info (12021): Found 2 design units, including 2 entities, in source file register_8bit.v
    Info (12023): Found entity 1: register_8bit File: D:/rep_ula/ULA - PBL 2/register_8bit.v Line: 1
    Info (12023): Found entity 2: register_16bit File: D:/rep_ula/ULA - PBL 2/register_8bit.v Line: 19
Info (12021): Found 1 design units, including 1 entities, in source file contador_mod4.v
    Info (12023): Found entity 1: contador_mod4 File: D:/rep_ula/ULA - PBL 2/contador_mod4.v Line: 1
Info (12021): Found 1 design units, including 1 entities, in source file switch_debouncer.v
    Info (12023): Found entity 1: switch_debouncer File: D:/rep_ula/ULA - PBL 2/switch_debouncer.v Line: 1
Info (12021): Found 2 design units, including 2 entities, in source file display_hexa.v
    Info (12023): Found entity 1: display_hex File: D:/rep_ula/ULA - PBL 2/display_hexa.v Line: 1
    Info (12023): Found entity 2: display_hexa File: D:/rep_ula/ULA - PBL 2/display_hexa.v Line: 60
Warning (10275): Verilog HDL Module Instantiation warning at top.v(26): ignored dangling comma in List of Port Connections File: D:/rep_ula/ULA - PBL 2/top.v Line: 26
Info (12021): Found 1 design units, including 1 entities, in source file top.v
    Info (12023): Found entity 1: top File: D:/rep_ula/ULA - PBL 2/top.v Line: 1
Info (12021): Found 3 design units, including 3 entities, in source file sum8bit.v
    Info (12023): Found entity 1: sum File: D:/rep_ula/ULA - PBL 2/sum8bit.v Line: 1
    Info (12023): Found entity 2: sum8bit File: D:/rep_ula/ULA - PBL 2/sum8bit.v Line: 14
    Info (12023): Found entity 3: sum16bit File: D:/rep_ula/ULA - PBL 2/sum8bit.v Line: 32
Info (12021): Found 2 design units, including 2 entities, in source file sub8bit.v
    Info (12023): Found entity 1: sub File: D:/rep_ula/ULA - PBL 2/sub8bit.v Line: 1
    Info (12023): Found entity 2: sub8bit File: D:/rep_ula/ULA - PBL 2/sub8bit.v Line: 15
Info (12021): Found 1 design units, including 1 entities, in source file circuito_or.v
    Info (12023): Found entity 1: OR_operation File: D:/rep_ula/ULA - PBL 2/circuito_or.v Line: 1
Info (12021): Found 1 design units, including 1 entities, in source file circuito_xor.v
    Info (12023): Found entity 1: XOR_operation File: D:/rep_ula/ULA - PBL 2/circuito_xor.v Line: 1
Info (12021): Found 1 design units, including 1 entities, in source file circuito_not.v
    Info (12023): Found entity 1: NOT_operation File: D:/rep_ula/ULA - PBL 2/circuito_not.v Line: 1
Info (12021): Found 1 design units, including 1 entities, in source file circuito_and.v
    Info (12023): Found entity 1: AND_operation File: D:/rep_ula/ULA - PBL 2/circuito_and.v Line: 1
Info (12021): Found 2 design units, including 2 entities, in source file divisor8bit.v
    Info (12023): Found entity 1: mux_divisor File: D:/rep_ula/ULA - PBL 2/divisor8bit.v Line: 1
    Info (12023): Found entity 2: divisor8bit File: D:/rep_ula/ULA - PBL 2/divisor8bit.v Line: 17
Info (12021): Found 1 design units, including 1 entities, in source file display7seg.v
    Info (12023): Found entity 1: display7seg File: D:/rep_ula/ULA - PBL 2/display7seg.v Line: 1
Info (12021): Found 2 design units, including 2 entities, in source file divisor_frequencia.v
    Info (12023): Found entity 1: dividir_5 File: D:/rep_ula/ULA - PBL 2/divisor_frequencia.v Line: 1
    Info (12023): Found entity 2: divisor_frequencia File: D:/rep_ula/ULA - PBL 2/divisor_frequencia.v Line: 25
Info (12021): Found 1 design units, including 1 entities, in source file contador_mod16.v
    Info (12023): Found entity 1: contador_mod16 File: D:/rep_ula/ULA - PBL 2/contador_mod16.v Line: 1
Info (12021): Found 0 design units, including 0 entities, in source file multiplicador8bit.v
Info (12021): Found 1 design units, including 1 entities, in source file contador_mod255.v
    Info (12023): Found entity 1: contador_mod255 File: D:/rep_ula/ULA - PBL 2/contador_mod255.v Line: 1
Info (12021): Found 1 design units, including 1 entities, in source file comparador_8bit.v
    Info (12023): Found entity 1: comparador_8bit File: D:/rep_ula/ULA - PBL 2/comparador_8bit.v Line: 1
Info (12021): Found 1 design units, including 1 entities, in source file main.v
    Info (12023): Found entity 1: main File: D:/rep_ula/ULA - PBL 2/main.v Line: 1
Info (12021): Found 6 design units, including 6 entities, in source file flags.v
    Info (12023): Found entity 1: FlagZero File: D:/rep_ula/ULA - PBL 2/flags.v Line: 2
    Info (12023): Found entity 2: FlagErro File: D:/rep_ula/ULA - PBL 2/flags.v Line: 10
    Info (12023): Found entity 3: CarryOut File: D:/rep_ula/ULA - PBL 2/flags.v Line: 27
    Info (12023): Found entity 4: overflow File: D:/rep_ula/ULA - PBL 2/flags.v Line: 35
    Info (12023): Found entity 5: flags File: D:/rep_ula/ULA - PBL 2/flags.v Line: 41
    Info (12023): Found entity 6: muxFlag File: D:/rep_ula/ULA - PBL 2/flags.v Line: 54
Info (12021): Found 2 design units, including 2 entities, in source file display_octal.v
    Info (12023): Found entity 1: d_octal File: D:/rep_ula/ULA - PBL 2/display_octal.v Line: 5
    Info (12023): Found entity 2: display_octal File: D:/rep_ula/ULA - PBL 2/display_octal.v Line: 59
Info (12021): Found 1 design units, including 1 entities, in source file demuxdisplay.v
    Info (12023): Found entity 1: demuxDisplay File: D:/rep_ula/ULA - PBL 2/demuxDisplay.v Line: 2
Info (12021): Found 9 design units, including 9 entities, in source file display_decimal.v
    Info (12023): Found entity 1: hex0 File: D:/rep_ula/ULA - PBL 2/display_decimal.v Line: 1
    Info (12023): Found entity 2: hex1 File: D:/rep_ula/ULA - PBL 2/display_decimal.v Line: 57
    Info (12023): Found entity 3: hex2 File: D:/rep_ula/ULA - PBL 2/display_decimal.v Line: 114
    Info (12023): Found entity 4: hex3 File: D:/rep_ula/ULA - PBL 2/display_decimal.v Line: 157
    Info (12023): Found entity 5: hex4 File: D:/rep_ula/ULA - PBL 2/display_decimal.v Line: 222
    Info (12023): Found entity 6: hex5 File: D:/rep_ula/ULA - PBL 2/display_decimal.v Line: 262
    Info (12023): Found entity 7: hex6 File: D:/rep_ula/ULA - PBL 2/display_decimal.v Line: 316
    Info (12023): Found entity 8: displayunidade File: D:/rep_ula/ULA - PBL 2/display_decimal.v Line: 370
    Info (12023): Found entity 9: displaydezena File: D:/rep_ula/ULA - PBL 2/display_decimal.v Line: 384
Warning (10236): Verilog HDL Implicit Net warning at divisor8bit.v(55): created implicit net for "prev7" File: D:/rep_ula/ULA - PBL 2/divisor8bit.v Line: 55
Warning (10236): Verilog HDL Implicit Net warning at main.v(46): created implicit net for "O" File: D:/rep_ula/ULA - PBL 2/main.v Line: 46
Warning (10236): Verilog HDL Implicit Net warning at main.v(58): created implicit net for "reset" File: D:/rep_ula/ULA - PBL 2/main.v Line: 58
Critical Warning (10846): Verilog HDL Instantiation warning at display7seg.v(20): instance has no name File: D:/rep_ula/ULA - PBL 2/display7seg.v Line: 20
Critical Warning (10846): Verilog HDL Instantiation warning at display7seg.v(21): instance has no name File: D:/rep_ula/ULA - PBL 2/display7seg.v Line: 21
Critical Warning (10846): Verilog HDL Instantiation warning at display7seg.v(25): instance has no name File: D:/rep_ula/ULA - PBL 2/display7seg.v Line: 25
Critical Warning (10846): Verilog HDL Instantiation warning at display7seg.v(34): instance has no name File: D:/rep_ula/ULA - PBL 2/display7seg.v Line: 34
Critical Warning (10846): Verilog HDL Instantiation warning at main.v(27): instance has no name File: D:/rep_ula/ULA - PBL 2/main.v Line: 27
Critical Warning (10846): Verilog HDL Instantiation warning at main.v(45): instance has no name File: D:/rep_ula/ULA - PBL 2/main.v Line: 45
Critical Warning (10846): Verilog HDL Instantiation warning at main.v(46): instance has no name File: D:/rep_ula/ULA - PBL 2/main.v Line: 46
Critical Warning (10846): Verilog HDL Instantiation warning at main.v(47): instance has no name File: D:/rep_ula/ULA - PBL 2/main.v Line: 47
Critical Warning (10846): Verilog HDL Instantiation warning at main.v(48): instance has no name File: D:/rep_ula/ULA - PBL 2/main.v Line: 48
Critical Warning (10846): Verilog HDL Instantiation warning at main.v(49): instance has no name File: D:/rep_ula/ULA - PBL 2/main.v Line: 49
Critical Warning (10846): Verilog HDL Instantiation warning at main.v(58): instance has no name File: D:/rep_ula/ULA - PBL 2/main.v Line: 58
Critical Warning (10846): Verilog HDL Instantiation warning at main.v(72): instance has no name File: D:/rep_ula/ULA - PBL 2/main.v Line: 72
Info (12127): Elaborating entity "main" for the top level hierarchy
Info (12128): Elaborating entity "top" for hierarchy "top:comb_3" File: D:/rep_ula/ULA - PBL 2/main.v Line: 27
Info (12128): Elaborating entity "switch_debouncer" for hierarchy "top:comb_3|switch_debouncer:deb" File: D:/rep_ula/ULA - PBL 2/top.v Line: 16
Info (12128): Elaborating entity "divisor_frequencia" for hierarchy "top:comb_3|switch_debouncer:deb|divisor_frequencia:div_inst" File: D:/rep_ula/ULA - PBL 2/switch_debouncer.v Line: 15
Info (12128): Elaborating entity "dividir_5" for hierarchy "top:comb_3|switch_debouncer:deb|divisor_frequencia:div_inst|dividir_5:div1" File: D:/rep_ula/ULA - PBL 2/divisor_frequencia.v Line: 40
Info (12128): Elaborating entity "d_flipflop" for hierarchy "top:comb_3|switch_debouncer:deb|divisor_frequencia:div_inst|dividir_5:div1|d_flipflop:b0" File: D:/rep_ula/ULA - PBL 2/divisor_frequencia.v Line: 14
Info (12128): Elaborating entity "shift_register" for hierarchy "top:comb_3|shift_register:sr" File: D:/rep_ula/ULA - PBL 2/top.v Line: 26
Info (12128): Elaborating entity "register_8bit" for hierarchy "top:comb_3|shift_register:sr|register_8bit:reg1" File: D:/rep_ula/ULA - PBL 2/shift_register.v Line: 13
Info (12128): Elaborating entity "contador_mod4" for hierarchy "top:comb_3|shift_register:sr|contador_mod4:shift_register_counter" File: D:/rep_ula/ULA - PBL 2/shift_register.v Line: 18
Info (12128): Elaborating entity "sum8bit" for hierarchy "sum8bit:somador" File: D:/rep_ula/ULA - PBL 2/main.v Line: 32
Info (12128): Elaborating entity "sum" for hierarchy "sum8bit:somador|sum:somador1" File: D:/rep_ula/ULA - PBL 2/sum8bit.v Line: 21
Info (12128): Elaborating entity "sub8bit" for hierarchy "sub8bit:subtrator" File: D:/rep_ula/ULA - PBL 2/main.v Line: 33
Info (12128): Elaborating entity "sub" for hierarchy "sub8bit:subtrator|sub:sub1" File: D:/rep_ula/ULA - PBL 2/sub8bit.v Line: 23
Info (12128): Elaborating entity "divisor8bit" for hierarchy "divisor8bit:divisor0" File: D:/rep_ula/ULA - PBL 2/main.v Line: 35
Info (12128): Elaborating entity "mux_divisor" for hierarchy "divisor8bit:divisor0|mux_divisor:mux0" File: D:/rep_ula/ULA - PBL 2/divisor8bit.v Line: 27
Info (12128): Elaborating entity "mux2x1" for hierarchy "divisor8bit:divisor0|mux_divisor:mux0|mux2x1:mux01" File: D:/rep_ula/ULA - PBL 2/divisor8bit.v Line: 7
Info (12128): Elaborating entity "AND_operation" for hierarchy "AND_operation:and0" File: D:/rep_ula/ULA - PBL 2/main.v Line: 38
Info (12128): Elaborating entity "OR_operation" for hierarchy "OR_operation:or0" File: D:/rep_ula/ULA - PBL 2/main.v Line: 39
Info (12128): Elaborating entity "XOR_operation" for hierarchy "XOR_operation:xor0" File: D:/rep_ula/ULA - PBL 2/main.v Line: 40
Info (12128): Elaborating entity "NOT_operation" for hierarchy "NOT_operation:not0" File: D:/rep_ula/ULA - PBL 2/main.v Line: 41
Info (12128): Elaborating entity "overflow" for hierarchy "overflow:comb_4" File: D:/rep_ula/ULA - PBL 2/main.v Line: 45
Info (12128): Elaborating entity "FlagErro" for hierarchy "FlagErro:comb_5" File: D:/rep_ula/ULA - PBL 2/main.v Line: 46
Info (12128): Elaborating entity "CarryOut" for hierarchy "CarryOut:comb_6" File: D:/rep_ula/ULA - PBL 2/main.v Line: 47
Info (12128): Elaborating entity "muxFlag" for hierarchy "muxFlag:comb_7" File: D:/rep_ula/ULA - PBL 2/main.v Line: 48
Info (12128): Elaborating entity "FlagZero" for hierarchy "FlagZero:comb_8" File: D:/rep_ula/ULA - PBL 2/main.v Line: 49
Info (12128): Elaborating entity "mux" for hierarchy "mux:mux_8bit" File: D:/rep_ula/ULA - PBL 2/main.v Line: 52
Info (12128): Elaborating entity "mux8bit" for hierarchy "mux:mux_8bit|mux8bit:mux00" File: D:/rep_ula/ULA - PBL 2/mux.v Line: 71
Info (12128): Elaborating entity "display7seg" for hierarchy "display7seg:comb_11" File: D:/rep_ula/ULA - PBL 2/main.v Line: 72
Warning (10034): Output port "d3" at display7seg.v(4) has no driver File: D:/rep_ula/ULA - PBL 2/display7seg.v Line: 4
Warning (10034): Output port "d4" at display7seg.v(4) has no driver File: D:/rep_ula/ULA - PBL 2/display7seg.v Line: 4
Warning (10034): Output port "d5" at display7seg.v(4) has no driver File: D:/rep_ula/ULA - PBL 2/display7seg.v Line: 4
Warning (10034): Output port "d6" at display7seg.v(5) has no driver File: D:/rep_ula/ULA - PBL 2/display7seg.v Line: 5
Info (12128): Elaborating entity "displayunidade" for hierarchy "display7seg:comb_11|displayunidade:comb_3" File: D:/rep_ula/ULA - PBL 2/display7seg.v Line: 20
Info (12128): Elaborating entity "hex0" for hierarchy "display7seg:comb_11|displayunidade:comb_3|hex0:hex00" File: D:/rep_ula/ULA - PBL 2/display_decimal.v Line: 374
Info (12128): Elaborating entity "hex1" for hierarchy "display7seg:comb_11|displayunidade:comb_3|hex1:hex01" File: D:/rep_ula/ULA - PBL 2/display_decimal.v Line: 375
Info (12128): Elaborating entity "hex2" for hierarchy "display7seg:comb_11|displayunidade:comb_3|hex2:hex02" File: D:/rep_ula/ULA - PBL 2/display_decimal.v Line: 376
Info (12128): Elaborating entity "hex3" for hierarchy "display7seg:comb_11|displayunidade:comb_3|hex3:hex03" File: D:/rep_ula/ULA - PBL 2/display_decimal.v Line: 377
Info (12128): Elaborating entity "hex4" for hierarchy "display7seg:comb_11|displayunidade:comb_3|hex4:hex04" File: D:/rep_ula/ULA - PBL 2/display_decimal.v Line: 378
Info (12128): Elaborating entity "hex5" for hierarchy "display7seg:comb_11|displayunidade:comb_3|hex5:hex05" File: D:/rep_ula/ULA - PBL 2/display_decimal.v Line: 379
Info (12128): Elaborating entity "hex6" for hierarchy "display7seg:comb_11|displayunidade:comb_3|hex6:hex06" File: D:/rep_ula/ULA - PBL 2/display_decimal.v Line: 380
Info (12128): Elaborating entity "displaydezena" for hierarchy "display7seg:comb_11|displaydezena:comb_4" File: D:/rep_ula/ULA - PBL 2/display7seg.v Line: 21
Info (12128): Elaborating entity "display_hexa" for hierarchy "display7seg:comb_11|display_hexa:comb_5" File: D:/rep_ula/ULA - PBL 2/display7seg.v Line: 25
Info (12128): Elaborating entity "display_hex" for hierarchy "display7seg:comb_11|display_hexa:comb_5|display_hex:unidade" File: D:/rep_ula/ULA - PBL 2/display_hexa.v Line: 69
Info (12128): Elaborating entity "display_octal" for hierarchy "display7seg:comb_11|display_octal:comb_6" File: D:/rep_ula/ULA - PBL 2/display7seg.v Line: 34
Info (12128): Elaborating entity "d_octal" for hierarchy "display7seg:comb_11|display_octal:comb_6|d_octal:unidade" File: D:/rep_ula/ULA - PBL 2/display_octal.v Line: 72
Warning (12011): Net is missing source, defaulting to GND
    Warning (12110): Net "O" is missing source, defaulting to GND File: D:/rep_ula/ULA - PBL 2/main.v Line: 46
Warning (12011): Net is missing source, defaulting to GND
    Warning (12110): Net "O" is missing source, defaulting to GND File: D:/rep_ula/ULA - PBL 2/main.v Line: 46
Warning (12011): Net is missing source, defaulting to GND
    Warning (12110): Net "O" is missing source, defaulting to GND File: D:/rep_ula/ULA - PBL 2/main.v Line: 46
Warning (12011): Net is missing source, defaulting to GND
    Warning (12110): Net "O" is missing source, defaulting to GND File: D:/rep_ula/ULA - PBL 2/main.v Line: 46
Warning (12011): Net is missing source, defaulting to GND
    Warning (12110): Net "O" is missing source, defaulting to GND File: D:/rep_ula/ULA - PBL 2/main.v Line: 46
Warning (12011): Net is missing source, defaulting to GND
    Warning (12110): Net "O" is missing source, defaulting to GND File: D:/rep_ula/ULA - PBL 2/main.v Line: 46
Warning (12011): Net is missing source, defaulting to GND
    Warning (12110): Net "O" is missing source, defaulting to GND File: D:/rep_ula/ULA - PBL 2/main.v Line: 46
Warning (12011): Net is missing source, defaulting to GND
    Warning (12110): Net "O" is missing source, defaulting to GND File: D:/rep_ula/ULA - PBL 2/main.v Line: 46
Warning (12011): Net is missing source, defaulting to GND
    Warning (12110): Net "O" is missing source, defaulting to GND File: D:/rep_ula/ULA - PBL 2/main.v Line: 46
Warning (12011): Net is missing source, defaulting to GND
    Warning (12110): Net "O" is missing source, defaulting to GND File: D:/rep_ula/ULA - PBL 2/main.v Line: 46
Warning (12241): 27 hierarchies have connectivity warnings - see the Connectivity Checks report folder
Warning (13024): Output pins are stuck at VCC or GND
    Warning (13410): Pin "d3[0]" is stuck at GND File: D:/rep_ula/ULA - PBL 2/main.v Line: 7
    Warning (13410): Pin "d3[1]" is stuck at GND File: D:/rep_ula/ULA - PBL 2/main.v Line: 7
    Warning (13410): Pin "d3[2]" is stuck at GND File: D:/rep_ula/ULA - PBL 2/main.v Line: 7
    Warning (13410): Pin "d3[3]" is stuck at GND File: D:/rep_ula/ULA - PBL 2/main.v Line: 7
    Warning (13410): Pin "d3[4]" is stuck at GND File: D:/rep_ula/ULA - PBL 2/main.v Line: 7
    Warning (13410): Pin "d3[5]" is stuck at GND File: D:/rep_ula/ULA - PBL 2/main.v Line: 7
    Warning (13410): Pin "d3[6]" is stuck at GND File: D:/rep_ula/ULA - PBL 2/main.v Line: 7
    Warning (13410): Pin "d4[0]" is stuck at GND File: D:/rep_ula/ULA - PBL 2/main.v Line: 7
    Warning (13410): Pin "d4[1]" is stuck at GND File: D:/rep_ula/ULA - PBL 2/main.v Line: 7
    Warning (13410): Pin "d4[2]" is stuck at GND File: D:/rep_ula/ULA - PBL 2/main.v Line: 7
    Warning (13410): Pin "d4[3]" is stuck at GND File: D:/rep_ula/ULA - PBL 2/main.v Line: 7
    Warning (13410): Pin "d4[4]" is stuck at GND File: D:/rep_ula/ULA - PBL 2/main.v Line: 7
    Warning (13410): Pin "d4[5]" is stuck at GND File: D:/rep_ula/ULA - PBL 2/main.v Line: 7
    Warning (13410): Pin "d4[6]" is stuck at GND File: D:/rep_ula/ULA - PBL 2/main.v Line: 7
    Warning (13410): Pin "d5[0]" is stuck at GND File: D:/rep_ula/ULA - PBL 2/main.v Line: 7
    Warning (13410): Pin "d5[1]" is stuck at GND File: D:/rep_ula/ULA - PBL 2/main.v Line: 7
    Warning (13410): Pin "d5[2]" is stuck at GND File: D:/rep_ula/ULA - PBL 2/main.v Line: 7
    Warning (13410): Pin "d5[3]" is stuck at GND File: D:/rep_ula/ULA - PBL 2/main.v Line: 7
    Warning (13410): Pin "d5[4]" is stuck at GND File: D:/rep_ula/ULA - PBL 2/main.v Line: 7
    Warning (13410): Pin "d5[5]" is stuck at GND File: D:/rep_ula/ULA - PBL 2/main.v Line: 7
    Warning (13410): Pin "d5[6]" is stuck at GND File: D:/rep_ula/ULA - PBL 2/main.v Line: 7
    Warning (13410): Pin "d6[0]" is stuck at GND File: D:/rep_ula/ULA - PBL 2/main.v Line: 7
    Warning (13410): Pin "d6[1]" is stuck at GND File: D:/rep_ula/ULA - PBL 2/main.v Line: 7
    Warning (13410): Pin "d6[2]" is stuck at GND File: D:/rep_ula/ULA - PBL 2/main.v Line: 7
    Warning (13410): Pin "d6[3]" is stuck at GND File: D:/rep_ula/ULA - PBL 2/main.v Line: 7
    Warning (13410): Pin "d6[4]" is stuck at GND File: D:/rep_ula/ULA - PBL 2/main.v Line: 7
    Warning (13410): Pin "d6[5]" is stuck at GND File: D:/rep_ula/ULA - PBL 2/main.v Line: 7
    Warning (13410): Pin "d6[6]" is stuck at GND File: D:/rep_ula/ULA - PBL 2/main.v Line: 7
    Warning (13410): Pin "FlagErro" is stuck at GND File: D:/rep_ula/ULA - PBL 2/main.v Line: 8
    Warning (13410): Pin "FlagOverflow" is stuck at GND File: D:/rep_ula/ULA - PBL 2/main.v Line: 8
Info (286030): Timing-Driven Synthesis is running
Info (144001): Generated suppressed messages file D:/rep_ula/ULA - PBL 2/output_files/ULA.map.smsg
Info (16010): Generating hard_block partition "hard_block:auto_generated_inst"
    Info (16011): Adding 0 node(s), including 0 DDIO, 0 PLL, 0 transceiver and 0 LCELL
Info (21057): Implemented 465 device resources after synthesis - the final resource count might be different
    Info (21058): Implemented 12 input pins
    Info (21059): Implemented 46 output pins
    Info (21061): Implemented 407 logic cells
Info: Quartus Prime Analysis & Synthesis was successful. 0 errors, 74 warnings
    Info: Peak virtual memory: 4784 megabytes
    Info: Processing ended: Mon Oct 13 18:04:30 2025
    Info: Elapsed time: 00:00:17
    Info: Total CPU time (on all processors): 00:00:33


+------------------------------------------+
; Analysis & Synthesis Suppressed Messages ;
+------------------------------------------+
The suppressed messages can be found in D:/rep_ula/ULA - PBL 2/output_files/ULA.map.smsg.


