Timing Analyzer report for ULA
Thu Oct 16 23:33:03 2025
Quartus Prime Version 20.1.1 Build 720 11/11/2020 SJ Lite Edition


---------------------
; Table of Contents ;
---------------------
  1. Legal Notice
  2. Timing Analyzer Summary
  3. Parallel Compilation
  4. Clocks
  5. Slow 1200mV 85C Model Fmax Summary
  6. Slow 1200mV 85C Model Setup Summary
  7. Slow 1200mV 85C Model Hold Summary
  8. Slow 1200mV 85C Model Recovery Summary
  9. Slow 1200mV 85C Model Removal Summary
 10. Slow 1200mV 85C Model Minimum Pulse Width Summary
 11. Slow 1200mV 85C Model Metastability Summary
 12. Slow 1200mV 0C Model Fmax Summary
 13. Slow 1200mV 0C Model Setup Summary
 14. Slow 1200mV 0C Model Hold Summary
 15. Slow 1200mV 0C Model Recovery Summary
 16. Slow 1200mV 0C Model Removal Summary
 17. Slow 1200mV 0C Model Minimum Pulse Width Summary
 18. Slow 1200mV 0C Model Metastability Summary
 19. Fast 1200mV 0C Model Setup Summary
 20. Fast 1200mV 0C Model Hold Summary
 21. Fast 1200mV 0C Model Recovery Summary
 22. Fast 1200mV 0C Model Removal Summary
 23. Fast 1200mV 0C Model Minimum Pulse Width Summary
 24. Fast 1200mV 0C Model Metastability Summary
 25. Multicorner Timing Analysis Summary
 26. Board Trace Model Assignments
 27. Input Transition Times
 28. Signal Integrity Metrics (Slow 1200mv 0c Model)
 29. Signal Integrity Metrics (Slow 1200mv 85c Model)
 30. Signal Integrity Metrics (Fast 1200mv 0c Model)
 31. Setup Transfers
 32. Hold Transfers
 33. Recovery Transfers
 34. Removal Transfers
 35. Report TCCS
 36. Report RSKM
 37. Unconstrained Paths Summary
 38. Clock Status Summary
 39. Unconstrained Input Ports
 40. Unconstrained Output Ports
 41. Unconstrained Input Ports
 42. Unconstrained Output Ports
 43. Timing Analyzer Messages



----------------
; Legal Notice ;
----------------
Copyright (C) 2020  Intel Corporation. All rights reserved.
Your use of Intel Corporation's design tools, logic functions 
and other software and tools, and any partner logic 
functions, and any output files from any of the foregoing 
(including device programming or simulation files), and any 
associated documentation or information are expressly subject 
to the terms and conditions of the Intel Program License 
Subscription Agreement, the Intel Quartus Prime License Agreement,
the Intel FPGA IP License Agreement, or other applicable license
agreement, including, without limitation, that your use is for
the sole purpose of programming logic devices manufactured by
Intel and sold by Intel or its authorized distributors.  Please
refer to the applicable agreement for further details, at
https://fpgasoftware.intel.com/eula.



+-----------------------------------------------------------------------------+
; Timing Analyzer Summary                                                     ;
+-----------------------+-----------------------------------------------------+
; Quartus Prime Version ; Version 20.1.1 Build 720 11/11/2020 SJ Lite Edition ;
; Timing Analyzer       ; Legacy Timing Analyzer                              ;
; Revision Name         ; ULA                                                 ;
; Device Family         ; MAX 10                                              ;
; Device Name           ; 10M50DAF484C7G                                      ;
; Timing Models         ; Final                                               ;
; Delay Model           ; Combined                                            ;
; Rise/Fall Delays      ; Enabled                                             ;
+-----------------------+-----------------------------------------------------+


+------------------------------------------+
; Parallel Compilation                     ;
+----------------------------+-------------+
; Processors                 ; Number      ;
+----------------------------+-------------+
; Number detected on machine ; 8           ;
; Maximum allowed            ; 4           ;
;                            ;             ;
; Average used               ; 1.21        ;
; Maximum used               ; 4           ;
;                            ;             ;
; Usage by Processor         ; % Time Used ;
;     Processor 1            ; 100.0%      ;
;     Processor 2            ;   7.0%      ;
;     Processor 3            ;   6.9%      ;
;     Processor 4            ;   6.9%      ;
+----------------------------+-------------+


+--------------------------------------------------------------------------------------------------------------------------------------------------------------------------------------------------------------------------------------------------------------------------------------------------------------------------------------------------------------------------------+
; Clocks                                                                                                                                                                                                                                                                                                                                                                         ;
+--------------------------------------------------------------------------------------------------------+------+--------+------------+-------+-------+------------+-----------+-------------+-------+--------+-----------+------------+----------+--------+--------+------------------------------------------------------------------------------------------------------------+
; Clock Name                                                                                             ; Type ; Period ; Frequency  ; Rise  ; Fall  ; Duty Cycle ; Divide by ; Multiply by ; Phase ; Offset ; Edge List ; Edge Shift ; Inverted ; Master ; Source ; Targets                                                                                                    ;
+--------------------------------------------------------------------------------------------------------+------+--------+------------+-------+-------+------------+-----------+-------------+-------+--------+-----------+------------+----------+--------+--------+------------------------------------------------------------------------------------------------------------+
; clk                                                                                                    ; Base ; 1.000  ; 1000.0 MHz ; 0.000 ; 0.500 ;            ;           ;             ;       ;        ;           ;            ;          ;        ;        ; { clk }                                                                                                    ;
; dividir_5:div_clk|d_flipflop:b0|flipflop_inst                                                          ; Base ; 1.000  ; 1000.0 MHz ; 0.000 ; 0.500 ;            ;           ;             ;       ;        ;           ;            ;          ;        ;        ; { dividir_5:div_clk|d_flipflop:b0|flipflop_inst }                                                          ;
; dividir_5:div_clk|d_flipflop:b1|flipflop_inst                                                          ; Base ; 1.000  ; 1000.0 MHz ; 0.000 ; 0.500 ;            ;           ;             ;       ;        ;           ;            ;          ;        ;        ; { dividir_5:div_clk|d_flipflop:b1|flipflop_inst }                                                          ;
; dividir_5:div_clk|d_flipflop:b2|flipflop_inst                                                          ; Base ; 1.000  ; 1000.0 MHz ; 0.000 ; 0.500 ;            ;           ;             ;       ;        ;           ;            ;          ;        ;        ; { dividir_5:div_clk|d_flipflop:b2|flipflop_inst }                                                          ;
; multiplicador_alternativo:multiplicador|contador_mod255:ctr|d_flipflop:dff0|flipflop_inst              ; Base ; 1.000  ; 1000.0 MHz ; 0.000 ; 0.500 ;            ;           ;             ;       ;        ;           ;            ;          ;        ;        ; { multiplicador_alternativo:multiplicador|contador_mod255:ctr|d_flipflop:dff0|flipflop_inst }              ;
; multiplicador_alternativo:multiplicador|contador_mod255:ctr|d_flipflop:dff1|flipflop_inst              ; Base ; 1.000  ; 1000.0 MHz ; 0.000 ; 0.500 ;            ;           ;             ;       ;        ;           ;            ;          ;        ;        ; { multiplicador_alternativo:multiplicador|contador_mod255:ctr|d_flipflop:dff1|flipflop_inst }              ;
; multiplicador_alternativo:multiplicador|contador_mod255:ctr|d_flipflop:dff2|flipflop_inst              ; Base ; 1.000  ; 1000.0 MHz ; 0.000 ; 0.500 ;            ;           ;             ;       ;        ;           ;            ;          ;        ;        ; { multiplicador_alternativo:multiplicador|contador_mod255:ctr|d_flipflop:dff2|flipflop_inst }              ;
; multiplicador_alternativo:multiplicador|contador_mod255:ctr|d_flipflop:dff3|flipflop_inst              ; Base ; 1.000  ; 1000.0 MHz ; 0.000 ; 0.500 ;            ;           ;             ;       ;        ;           ;            ;          ;        ;        ; { multiplicador_alternativo:multiplicador|contador_mod255:ctr|d_flipflop:dff3|flipflop_inst }              ;
; multiplicador_alternativo:multiplicador|contador_mod255:ctr|d_flipflop:dff4|flipflop_inst              ; Base ; 1.000  ; 1000.0 MHz ; 0.000 ; 0.500 ;            ;           ;             ;       ;        ;           ;            ;          ;        ;        ; { multiplicador_alternativo:multiplicador|contador_mod255:ctr|d_flipflop:dff4|flipflop_inst }              ;
; multiplicador_alternativo:multiplicador|contador_mod255:ctr|d_flipflop:dff5|flipflop_inst              ; Base ; 1.000  ; 1000.0 MHz ; 0.000 ; 0.500 ;            ;           ;             ;       ;        ;           ;            ;          ;        ;        ; { multiplicador_alternativo:multiplicador|contador_mod255:ctr|d_flipflop:dff5|flipflop_inst }              ;
; multiplicador_alternativo:multiplicador|contador_mod255:ctr|d_flipflop:dff6|flipflop_inst              ; Base ; 1.000  ; 1000.0 MHz ; 0.000 ; 0.500 ;            ;           ;             ;       ;        ;           ;            ;          ;        ;        ; { multiplicador_alternativo:multiplicador|contador_mod255:ctr|d_flipflop:dff6|flipflop_inst }              ;
; top:comb_3|switch_debouncer:deb|d_flipflop:stable|flipflop_inst                                        ; Base ; 1.000  ; 1000.0 MHz ; 0.000 ; 0.500 ;            ;           ;             ;       ;        ;           ;            ;          ;        ;        ; { top:comb_3|switch_debouncer:deb|d_flipflop:stable|flipflop_inst }                                        ;
; top:comb_3|switch_debouncer:deb|divisor_frequencia:div_inst|d_flipflop:div7|flipflop_inst              ; Base ; 1.000  ; 1000.0 MHz ; 0.000 ; 0.500 ;            ;           ;             ;       ;        ;           ;            ;          ;        ;        ; { top:comb_3|switch_debouncer:deb|divisor_frequencia:div_inst|d_flipflop:div7|flipflop_inst }              ;
; top:comb_3|switch_debouncer:deb|divisor_frequencia:div_inst|d_flipflop:div8|flipflop_inst              ; Base ; 1.000  ; 1000.0 MHz ; 0.000 ; 0.500 ;            ;           ;             ;       ;        ;           ;            ;          ;        ;        ; { top:comb_3|switch_debouncer:deb|divisor_frequencia:div_inst|d_flipflop:div8|flipflop_inst }              ;
; top:comb_3|switch_debouncer:deb|divisor_frequencia:div_inst|dividir_5:div1|d_flipflop:b0|flipflop_inst ; Base ; 1.000  ; 1000.0 MHz ; 0.000 ; 0.500 ;            ;           ;             ;       ;        ;           ;            ;          ;        ;        ; { top:comb_3|switch_debouncer:deb|divisor_frequencia:div_inst|dividir_5:div1|d_flipflop:b0|flipflop_inst } ;
; top:comb_3|switch_debouncer:deb|divisor_frequencia:div_inst|dividir_5:div1|d_flipflop:b1|flipflop_inst ; Base ; 1.000  ; 1000.0 MHz ; 0.000 ; 0.500 ;            ;           ;             ;       ;        ;           ;            ;          ;        ;        ; { top:comb_3|switch_debouncer:deb|divisor_frequencia:div_inst|dividir_5:div1|d_flipflop:b1|flipflop_inst } ;
; top:comb_3|switch_debouncer:deb|divisor_frequencia:div_inst|dividir_5:div1|d_flipflop:b2|flipflop_inst ; Base ; 1.000  ; 1000.0 MHz ; 0.000 ; 0.500 ;            ;           ;             ;       ;        ;           ;            ;          ;        ;        ; { top:comb_3|switch_debouncer:deb|divisor_frequencia:div_inst|dividir_5:div1|d_flipflop:b2|flipflop_inst } ;
; top:comb_3|switch_debouncer:deb|divisor_frequencia:div_inst|dividir_5:div2|d_flipflop:b0|flipflop_inst ; Base ; 1.000  ; 1000.0 MHz ; 0.000 ; 0.500 ;            ;           ;             ;       ;        ;           ;            ;          ;        ;        ; { top:comb_3|switch_debouncer:deb|divisor_frequencia:div_inst|dividir_5:div2|d_flipflop:b0|flipflop_inst } ;
; top:comb_3|switch_debouncer:deb|divisor_frequencia:div_inst|dividir_5:div2|d_flipflop:b1|flipflop_inst ; Base ; 1.000  ; 1000.0 MHz ; 0.000 ; 0.500 ;            ;           ;             ;       ;        ;           ;            ;          ;        ;        ; { top:comb_3|switch_debouncer:deb|divisor_frequencia:div_inst|dividir_5:div2|d_flipflop:b1|flipflop_inst } ;
; top:comb_3|switch_debouncer:deb|divisor_frequencia:div_inst|dividir_5:div2|d_flipflop:b2|flipflop_inst ; Base ; 1.000  ; 1000.0 MHz ; 0.000 ; 0.500 ;            ;           ;             ;       ;        ;           ;            ;          ;        ;        ; { top:comb_3|switch_debouncer:deb|divisor_frequencia:div_inst|dividir_5:div2|d_flipflop:b2|flipflop_inst } ;
; top:comb_3|switch_debouncer:deb|divisor_frequencia:div_inst|dividir_5:div3|d_flipflop:b0|flipflop_inst ; Base ; 1.000  ; 1000.0 MHz ; 0.000 ; 0.500 ;            ;           ;             ;       ;        ;           ;            ;          ;        ;        ; { top:comb_3|switch_debouncer:deb|divisor_frequencia:div_inst|dividir_5:div3|d_flipflop:b0|flipflop_inst } ;
; top:comb_3|switch_debouncer:deb|divisor_frequencia:div_inst|dividir_5:div3|d_flipflop:b1|flipflop_inst ; Base ; 1.000  ; 1000.0 MHz ; 0.000 ; 0.500 ;            ;           ;             ;       ;        ;           ;            ;          ;        ;        ; { top:comb_3|switch_debouncer:deb|divisor_frequencia:div_inst|dividir_5:div3|d_flipflop:b1|flipflop_inst } ;
; top:comb_3|switch_debouncer:deb|divisor_frequencia:div_inst|dividir_5:div3|d_flipflop:b2|flipflop_inst ; Base ; 1.000  ; 1000.0 MHz ; 0.000 ; 0.500 ;            ;           ;             ;       ;        ;           ;            ;          ;        ;        ; { top:comb_3|switch_debouncer:deb|divisor_frequencia:div_inst|dividir_5:div3|d_flipflop:b2|flipflop_inst } ;
; top:comb_3|switch_debouncer:deb|divisor_frequencia:div_inst|dividir_5:div4|d_flipflop:b0|flipflop_inst ; Base ; 1.000  ; 1000.0 MHz ; 0.000 ; 0.500 ;            ;           ;             ;       ;        ;           ;            ;          ;        ;        ; { top:comb_3|switch_debouncer:deb|divisor_frequencia:div_inst|dividir_5:div4|d_flipflop:b0|flipflop_inst } ;
; top:comb_3|switch_debouncer:deb|divisor_frequencia:div_inst|dividir_5:div4|d_flipflop:b1|flipflop_inst ; Base ; 1.000  ; 1000.0 MHz ; 0.000 ; 0.500 ;            ;           ;             ;       ;        ;           ;            ;          ;        ;        ; { top:comb_3|switch_debouncer:deb|divisor_frequencia:div_inst|dividir_5:div4|d_flipflop:b1|flipflop_inst } ;
; top:comb_3|switch_debouncer:deb|divisor_frequencia:div_inst|dividir_5:div4|d_flipflop:b2|flipflop_inst ; Base ; 1.000  ; 1000.0 MHz ; 0.000 ; 0.500 ;            ;           ;             ;       ;        ;           ;            ;          ;        ;        ; { top:comb_3|switch_debouncer:deb|divisor_frequencia:div_inst|dividir_5:div4|d_flipflop:b2|flipflop_inst } ;
; top:comb_3|switch_debouncer:deb|divisor_frequencia:div_inst|dividir_5:div6|d_flipflop:b0|flipflop_inst ; Base ; 1.000  ; 1000.0 MHz ; 0.000 ; 0.500 ;            ;           ;             ;       ;        ;           ;            ;          ;        ;        ; { top:comb_3|switch_debouncer:deb|divisor_frequencia:div_inst|dividir_5:div6|d_flipflop:b0|flipflop_inst } ;
; top:comb_3|switch_debouncer:deb|divisor_frequencia:div_inst|dividir_5:div6|d_flipflop:b1|flipflop_inst ; Base ; 1.000  ; 1000.0 MHz ; 0.000 ; 0.500 ;            ;           ;             ;       ;        ;           ;            ;          ;        ;        ; { top:comb_3|switch_debouncer:deb|divisor_frequencia:div_inst|dividir_5:div6|d_flipflop:b1|flipflop_inst } ;
; top:comb_3|switch_debouncer:deb|divisor_frequencia:div_inst|dividir_5:div6|d_flipflop:b2|flipflop_inst ; Base ; 1.000  ; 1000.0 MHz ; 0.000 ; 0.500 ;            ;           ;             ;       ;        ;           ;            ;          ;        ;        ; { top:comb_3|switch_debouncer:deb|divisor_frequencia:div_inst|dividir_5:div6|d_flipflop:b2|flipflop_inst } ;
+--------------------------------------------------------------------------------------------------------+------+--------+------------+-------+-------+------------+-----------+-------------+-------+--------+-----------+------------+----------+--------+--------+------------------------------------------------------------------------------------------------------------+


+----------------------------------------------------------------------------------------------------------------------------------------------------------------------------+
; Slow 1200mV 85C Model Fmax Summary                                                                                                                                         ;
+-------------+-----------------+-------------------------------------------------------------------------------------------+------------------------------------------------+
; Fmax        ; Restricted Fmax ; Clock Name                                                                                ; Note                                           ;
+-------------+-----------------+-------------------------------------------------------------------------------------------+------------------------------------------------+
; 158.18 MHz  ; 158.18 MHz      ; clk                                                                                       ;                                                ;
; 158.18 MHz  ; 158.18 MHz      ; multiplicador_alternativo:multiplicador|contador_mod255:ctr|d_flipflop:dff0|flipflop_inst ;                                                ;
; 158.18 MHz  ; 158.18 MHz      ; multiplicador_alternativo:multiplicador|contador_mod255:ctr|d_flipflop:dff1|flipflop_inst ;                                                ;
; 158.18 MHz  ; 158.18 MHz      ; multiplicador_alternativo:multiplicador|contador_mod255:ctr|d_flipflop:dff2|flipflop_inst ;                                                ;
; 158.18 MHz  ; 158.18 MHz      ; multiplicador_alternativo:multiplicador|contador_mod255:ctr|d_flipflop:dff3|flipflop_inst ;                                                ;
; 158.18 MHz  ; 158.18 MHz      ; multiplicador_alternativo:multiplicador|contador_mod255:ctr|d_flipflop:dff4|flipflop_inst ;                                                ;
; 158.18 MHz  ; 158.18 MHz      ; multiplicador_alternativo:multiplicador|contador_mod255:ctr|d_flipflop:dff5|flipflop_inst ;                                                ;
; 158.18 MHz  ; 158.18 MHz      ; multiplicador_alternativo:multiplicador|contador_mod255:ctr|d_flipflop:dff6|flipflop_inst ;                                                ;
; 293.34 MHz  ; 293.34 MHz      ; top:comb_3|switch_debouncer:deb|d_flipflop:stable|flipflop_inst                           ;                                                ;
; 1210.65 MHz ; 416.15 MHz      ; top:comb_3|switch_debouncer:deb|divisor_frequencia:div_inst|d_flipflop:div8|flipflop_inst ; limit due to minimum period restriction (tmin) ;
+-------------+-----------------+-------------------------------------------------------------------------------------------+------------------------------------------------+
This panel reports FMAX for every clock in the design, regardless of the user-specified clock periods.  FMAX is only computed for paths where the source and destination registers or ports are driven by the same clock.  Paths of different clocks, including generated clocks, are ignored.  For paths between a clock and its inversion, FMAX is computed as if the rising and falling edges are scaled along with FMAX, such that the duty cycle (in terms of a percentage) is maintained. Altera recommends that you always use clock constraints and other slack reports for sign-off analysis.


+----------------------------------------------------------------------------------------------------------------------------------+
; Slow 1200mV 85C Model Setup Summary                                                                                              ;
+--------------------------------------------------------------------------------------------------------+---------+---------------+
; Clock                                                                                                  ; Slack   ; End Point TNS ;
+--------------------------------------------------------------------------------------------------------+---------+---------------+
; dividir_5:div_clk|d_flipflop:b2|flipflop_inst                                                          ; -23.206 ; -23.206       ;
; multiplicador_alternativo:multiplicador|contador_mod255:ctr|d_flipflop:dff0|flipflop_inst              ; -8.618  ; -59.955       ;
; multiplicador_alternativo:multiplicador|contador_mod255:ctr|d_flipflop:dff2|flipflop_inst              ; -8.522  ; -63.868       ;
; multiplicador_alternativo:multiplicador|contador_mod255:ctr|d_flipflop:dff1|flipflop_inst              ; -8.505  ; -63.545       ;
; multiplicador_alternativo:multiplicador|contador_mod255:ctr|d_flipflop:dff3|flipflop_inst              ; -8.500  ; -63.392       ;
; multiplicador_alternativo:multiplicador|contador_mod255:ctr|d_flipflop:dff4|flipflop_inst              ; -8.052  ; -59.570       ;
; multiplicador_alternativo:multiplicador|contador_mod255:ctr|d_flipflop:dff5|flipflop_inst              ; -7.815  ; -57.266       ;
; multiplicador_alternativo:multiplicador|contador_mod255:ctr|d_flipflop:dff6|flipflop_inst              ; -7.566  ; -54.665       ;
; clk                                                                                                    ; -5.322  ; -37.997       ;
; top:comb_3|switch_debouncer:deb|d_flipflop:stable|flipflop_inst                                        ; -2.409  ; -13.649       ;
; top:comb_3|switch_debouncer:deb|divisor_frequencia:div_inst|dividir_5:div3|d_flipflop:b2|flipflop_inst ; -0.588  ; -0.588        ;
; top:comb_3|switch_debouncer:deb|divisor_frequencia:div_inst|dividir_5:div4|d_flipflop:b2|flipflop_inst ; -0.585  ; -0.585        ;
; top:comb_3|switch_debouncer:deb|divisor_frequencia:div_inst|dividir_5:div6|d_flipflop:b1|flipflop_inst ; -0.540  ; -0.540        ;
; dividir_5:div_clk|d_flipflop:b0|flipflop_inst                                                          ; -0.539  ; -0.539        ;
; top:comb_3|switch_debouncer:deb|divisor_frequencia:div_inst|d_flipflop:div7|flipflop_inst              ; -0.525  ; -0.525        ;
; top:comb_3|switch_debouncer:deb|divisor_frequencia:div_inst|dividir_5:div4|d_flipflop:b0|flipflop_inst ; -0.524  ; -0.524        ;
; top:comb_3|switch_debouncer:deb|divisor_frequencia:div_inst|dividir_5:div3|d_flipflop:b1|flipflop_inst ; -0.523  ; -0.523        ;
; top:comb_3|switch_debouncer:deb|divisor_frequencia:div_inst|dividir_5:div1|d_flipflop:b1|flipflop_inst ; -0.505  ; -0.505        ;
; top:comb_3|switch_debouncer:deb|divisor_frequencia:div_inst|dividir_5:div2|d_flipflop:b0|flipflop_inst ; -0.505  ; -0.505        ;
; top:comb_3|switch_debouncer:deb|divisor_frequencia:div_inst|dividir_5:div1|d_flipflop:b2|flipflop_inst ; -0.490  ; -0.490        ;
; top:comb_3|switch_debouncer:deb|divisor_frequencia:div_inst|dividir_5:div4|d_flipflop:b1|flipflop_inst ; -0.456  ; -0.456        ;
; top:comb_3|switch_debouncer:deb|divisor_frequencia:div_inst|dividir_5:div2|d_flipflop:b2|flipflop_inst ; -0.441  ; -0.441        ;
; top:comb_3|switch_debouncer:deb|divisor_frequencia:div_inst|dividir_5:div3|d_flipflop:b0|flipflop_inst ; -0.408  ; -0.408        ;
; top:comb_3|switch_debouncer:deb|divisor_frequencia:div_inst|dividir_5:div6|d_flipflop:b2|flipflop_inst ; -0.404  ; -0.404        ;
; top:comb_3|switch_debouncer:deb|divisor_frequencia:div_inst|dividir_5:div6|d_flipflop:b0|flipflop_inst ; -0.392  ; -0.392        ;
; top:comb_3|switch_debouncer:deb|divisor_frequencia:div_inst|dividir_5:div2|d_flipflop:b1|flipflop_inst ; -0.360  ; -0.360        ;
; top:comb_3|switch_debouncer:deb|divisor_frequencia:div_inst|dividir_5:div1|d_flipflop:b0|flipflop_inst ; -0.354  ; -0.354        ;
; dividir_5:div_clk|d_flipflop:b1|flipflop_inst                                                          ; -0.347  ; -0.347        ;
; top:comb_3|switch_debouncer:deb|divisor_frequencia:div_inst|d_flipflop:div8|flipflop_inst              ; 0.174   ; 0.000         ;
+--------------------------------------------------------------------------------------------------------+---------+---------------+


+---------------------------------------------------------------------------------------------------------------------------------+
; Slow 1200mV 85C Model Hold Summary                                                                                              ;
+--------------------------------------------------------------------------------------------------------+--------+---------------+
; Clock                                                                                                  ; Slack  ; End Point TNS ;
+--------------------------------------------------------------------------------------------------------+--------+---------------+
; clk                                                                                                    ; -2.968 ; -17.808       ;
; multiplicador_alternativo:multiplicador|contador_mod255:ctr|d_flipflop:dff6|flipflop_inst              ; -0.902 ; -5.412        ;
; multiplicador_alternativo:multiplicador|contador_mod255:ctr|d_flipflop:dff5|flipflop_inst              ; -0.644 ; -3.864        ;
; multiplicador_alternativo:multiplicador|contador_mod255:ctr|d_flipflop:dff4|flipflop_inst              ; -0.397 ; -2.382        ;
; multiplicador_alternativo:multiplicador|contador_mod255:ctr|d_flipflop:dff3|flipflop_inst              ; 0.071  ; 0.000         ;
; multiplicador_alternativo:multiplicador|contador_mod255:ctr|d_flipflop:dff1|flipflop_inst              ; 0.076  ; 0.000         ;
; multiplicador_alternativo:multiplicador|contador_mod255:ctr|d_flipflop:dff2|flipflop_inst              ; 0.095  ; 0.000         ;
; multiplicador_alternativo:multiplicador|contador_mod255:ctr|d_flipflop:dff0|flipflop_inst              ; 0.289  ; 0.000         ;
; top:comb_3|switch_debouncer:deb|d_flipflop:stable|flipflop_inst                                        ; 0.348  ; 0.000         ;
; top:comb_3|switch_debouncer:deb|divisor_frequencia:div_inst|dividir_5:div6|d_flipflop:b2|flipflop_inst ; 0.422  ; 0.000         ;
; top:comb_3|switch_debouncer:deb|divisor_frequencia:div_inst|d_flipflop:div8|flipflop_inst              ; 0.433  ; 0.000         ;
; top:comb_3|switch_debouncer:deb|divisor_frequencia:div_inst|dividir_5:div6|d_flipflop:b0|flipflop_inst ; 0.454  ; 0.000         ;
; top:comb_3|switch_debouncer:deb|divisor_frequencia:div_inst|dividir_5:div2|d_flipflop:b2|flipflop_inst ; 0.529  ; 0.000         ;
; top:comb_3|switch_debouncer:deb|divisor_frequencia:div_inst|dividir_5:div3|d_flipflop:b2|flipflop_inst ; 0.555  ; 0.000         ;
; top:comb_3|switch_debouncer:deb|divisor_frequencia:div_inst|d_flipflop:div7|flipflop_inst              ; 0.563  ; 0.000         ;
; top:comb_3|switch_debouncer:deb|divisor_frequencia:div_inst|dividir_5:div2|d_flipflop:b0|flipflop_inst ; 0.563  ; 0.000         ;
; top:comb_3|switch_debouncer:deb|divisor_frequencia:div_inst|dividir_5:div4|d_flipflop:b1|flipflop_inst ; 0.566  ; 0.000         ;
; top:comb_3|switch_debouncer:deb|divisor_frequencia:div_inst|dividir_5:div1|d_flipflop:b0|flipflop_inst ; 0.570  ; 0.000         ;
; top:comb_3|switch_debouncer:deb|divisor_frequencia:div_inst|dividir_5:div1|d_flipflop:b1|flipflop_inst ; 0.578  ; 0.000         ;
; top:comb_3|switch_debouncer:deb|divisor_frequencia:div_inst|dividir_5:div2|d_flipflop:b1|flipflop_inst ; 0.580  ; 0.000         ;
; top:comb_3|switch_debouncer:deb|divisor_frequencia:div_inst|dividir_5:div3|d_flipflop:b0|flipflop_inst ; 0.580  ; 0.000         ;
; top:comb_3|switch_debouncer:deb|divisor_frequencia:div_inst|dividir_5:div4|d_flipflop:b2|flipflop_inst ; 0.581  ; 0.000         ;
; top:comb_3|switch_debouncer:deb|divisor_frequencia:div_inst|dividir_5:div4|d_flipflop:b0|flipflop_inst ; 0.582  ; 0.000         ;
; top:comb_3|switch_debouncer:deb|divisor_frequencia:div_inst|dividir_5:div6|d_flipflop:b1|flipflop_inst ; 0.598  ; 0.000         ;
; top:comb_3|switch_debouncer:deb|divisor_frequencia:div_inst|dividir_5:div1|d_flipflop:b2|flipflop_inst ; 0.612  ; 0.000         ;
; dividir_5:div_clk|d_flipflop:b1|flipflop_inst                                                          ; 0.641  ; 0.000         ;
; dividir_5:div_clk|d_flipflop:b0|flipflop_inst                                                          ; 0.755  ; 0.000         ;
; top:comb_3|switch_debouncer:deb|divisor_frequencia:div_inst|dividir_5:div3|d_flipflop:b1|flipflop_inst ; 0.755  ; 0.000         ;
; dividir_5:div_clk|d_flipflop:b2|flipflop_inst                                                          ; 0.901  ; 0.000         ;
+--------------------------------------------------------------------------------------------------------+--------+---------------+


+---------------------------------------------------------------------------------------------------------------------------------+
; Slow 1200mV 85C Model Recovery Summary                                                                                          ;
+--------------------------------------------------------------------------------------------------------+--------+---------------+
; Clock                                                                                                  ; Slack  ; End Point TNS ;
+--------------------------------------------------------------------------------------------------------+--------+---------------+
; multiplicador_alternativo:multiplicador|contador_mod255:ctr|d_flipflop:dff2|flipflop_inst              ; -9.502 ; -57.729       ;
; multiplicador_alternativo:multiplicador|contador_mod255:ctr|d_flipflop:dff0|flipflop_inst              ; -5.448 ; -45.155       ;
; multiplicador_alternativo:multiplicador|contador_mod255:ctr|d_flipflop:dff1|flipflop_inst              ; -5.394 ; -49.865       ;
; multiplicador_alternativo:multiplicador|contador_mod255:ctr|d_flipflop:dff3|flipflop_inst              ; -5.389 ; -49.252       ;
; multiplicador_alternativo:multiplicador|contador_mod255:ctr|d_flipflop:dff4|flipflop_inst              ; -4.941 ; -45.715       ;
; multiplicador_alternativo:multiplicador|contador_mod255:ctr|d_flipflop:dff5|flipflop_inst              ; -4.704 ; -43.163       ;
; multiplicador_alternativo:multiplicador|contador_mod255:ctr|d_flipflop:dff6|flipflop_inst              ; -4.455 ; -41.420       ;
; dividir_5:div_clk|d_flipflop:b1|flipflop_inst                                                          ; -4.244 ; -4.244        ;
; clk                                                                                                    ; -2.505 ; -25.968       ;
; dividir_5:div_clk|d_flipflop:b0|flipflop_inst                                                          ; -2.318 ; -2.318        ;
; top:comb_3|switch_debouncer:deb|divisor_frequencia:div_inst|dividir_5:div1|d_flipflop:b1|flipflop_inst ; -1.448 ; -1.448        ;
; top:comb_3|switch_debouncer:deb|divisor_frequencia:div_inst|dividir_5:div1|d_flipflop:b0|flipflop_inst ; -1.378 ; -1.378        ;
; top:comb_3|switch_debouncer:deb|divisor_frequencia:div_inst|dividir_5:div4|d_flipflop:b0|flipflop_inst ; -1.019 ; -1.019        ;
; top:comb_3|switch_debouncer:deb|divisor_frequencia:div_inst|dividir_5:div2|d_flipflop:b0|flipflop_inst ; -0.890 ; -0.890        ;
; top:comb_3|switch_debouncer:deb|divisor_frequencia:div_inst|dividir_5:div2|d_flipflop:b2|flipflop_inst ; -0.717 ; -0.717        ;
; top:comb_3|switch_debouncer:deb|divisor_frequencia:div_inst|dividir_5:div3|d_flipflop:b2|flipflop_inst ; -0.650 ; -0.650        ;
; top:comb_3|switch_debouncer:deb|divisor_frequencia:div_inst|dividir_5:div1|d_flipflop:b2|flipflop_inst ; -0.632 ; -0.632        ;
; top:comb_3|switch_debouncer:deb|divisor_frequencia:div_inst|dividir_5:div3|d_flipflop:b1|flipflop_inst ; -0.622 ; -0.622        ;
; top:comb_3|switch_debouncer:deb|divisor_frequencia:div_inst|dividir_5:div4|d_flipflop:b2|flipflop_inst ; -0.598 ; -0.598        ;
; top:comb_3|switch_debouncer:deb|divisor_frequencia:div_inst|dividir_5:div4|d_flipflop:b1|flipflop_inst ; -0.588 ; -0.588        ;
; top:comb_3|switch_debouncer:deb|divisor_frequencia:div_inst|dividir_5:div6|d_flipflop:b1|flipflop_inst ; -0.448 ; -0.448        ;
; top:comb_3|switch_debouncer:deb|divisor_frequencia:div_inst|dividir_5:div3|d_flipflop:b0|flipflop_inst ; -0.368 ; -0.368        ;
; top:comb_3|switch_debouncer:deb|divisor_frequencia:div_inst|dividir_5:div6|d_flipflop:b0|flipflop_inst ; -0.329 ; -0.329        ;
; top:comb_3|switch_debouncer:deb|divisor_frequencia:div_inst|dividir_5:div2|d_flipflop:b1|flipflop_inst ; -0.290 ; -0.290        ;
+--------------------------------------------------------------------------------------------------------+--------+---------------+


+--------------------------------------------------------------------------------------------------------------------------------+
; Slow 1200mV 85C Model Removal Summary                                                                                          ;
+--------------------------------------------------------------------------------------------------------+-------+---------------+
; Clock                                                                                                  ; Slack ; End Point TNS ;
+--------------------------------------------------------------------------------------------------------+-------+---------------+
; top:comb_3|switch_debouncer:deb|divisor_frequencia:div_inst|dividir_5:div2|d_flipflop:b1|flipflop_inst ; 0.452 ; 0.000         ;
; top:comb_3|switch_debouncer:deb|divisor_frequencia:div_inst|dividir_5:div6|d_flipflop:b0|flipflop_inst ; 0.529 ; 0.000         ;
; top:comb_3|switch_debouncer:deb|divisor_frequencia:div_inst|dividir_5:div3|d_flipflop:b0|flipflop_inst ; 0.570 ; 0.000         ;
; top:comb_3|switch_debouncer:deb|divisor_frequencia:div_inst|dividir_5:div3|d_flipflop:b2|flipflop_inst ; 0.646 ; 0.000         ;
; top:comb_3|switch_debouncer:deb|divisor_frequencia:div_inst|dividir_5:div6|d_flipflop:b1|flipflop_inst ; 0.653 ; 0.000         ;
; top:comb_3|switch_debouncer:deb|divisor_frequencia:div_inst|dividir_5:div4|d_flipflop:b2|flipflop_inst ; 0.659 ; 0.000         ;
; top:comb_3|switch_debouncer:deb|divisor_frequencia:div_inst|dividir_5:div4|d_flipflop:b1|flipflop_inst ; 0.717 ; 0.000         ;
; top:comb_3|switch_debouncer:deb|divisor_frequencia:div_inst|dividir_5:div1|d_flipflop:b2|flipflop_inst ; 0.726 ; 0.000         ;
; top:comb_3|switch_debouncer:deb|divisor_frequencia:div_inst|dividir_5:div2|d_flipflop:b2|flipflop_inst ; 0.761 ; 0.000         ;
; top:comb_3|switch_debouncer:deb|divisor_frequencia:div_inst|dividir_5:div3|d_flipflop:b1|flipflop_inst ; 0.791 ; 0.000         ;
; top:comb_3|switch_debouncer:deb|divisor_frequencia:div_inst|dividir_5:div2|d_flipflop:b0|flipflop_inst ; 1.055 ; 0.000         ;
; top:comb_3|switch_debouncer:deb|divisor_frequencia:div_inst|dividir_5:div4|d_flipflop:b0|flipflop_inst ; 1.140 ; 0.000         ;
; top:comb_3|switch_debouncer:deb|divisor_frequencia:div_inst|dividir_5:div1|d_flipflop:b0|flipflop_inst ; 1.526 ; 0.000         ;
; top:comb_3|switch_debouncer:deb|divisor_frequencia:div_inst|dividir_5:div1|d_flipflop:b1|flipflop_inst ; 1.598 ; 0.000         ;
; clk                                                                                                    ; 1.750 ; 0.000         ;
; multiplicador_alternativo:multiplicador|contador_mod255:ctr|d_flipflop:dff3|flipflop_inst              ; 1.781 ; 0.000         ;
; multiplicador_alternativo:multiplicador|contador_mod255:ctr|d_flipflop:dff5|flipflop_inst              ; 1.848 ; 0.000         ;
; multiplicador_alternativo:multiplicador|contador_mod255:ctr|d_flipflop:dff0|flipflop_inst              ; 2.123 ; 0.000         ;
; multiplicador_alternativo:multiplicador|contador_mod255:ctr|d_flipflop:dff4|flipflop_inst              ; 2.297 ; 0.000         ;
; multiplicador_alternativo:multiplicador|contador_mod255:ctr|d_flipflop:dff1|flipflop_inst              ; 2.353 ; 0.000         ;
; multiplicador_alternativo:multiplicador|contador_mod255:ctr|d_flipflop:dff6|flipflop_inst              ; 2.367 ; 0.000         ;
; dividir_5:div_clk|d_flipflop:b0|flipflop_inst                                                          ; 2.426 ; 0.000         ;
; dividir_5:div_clk|d_flipflop:b1|flipflop_inst                                                          ; 4.303 ; 0.000         ;
; multiplicador_alternativo:multiplicador|contador_mod255:ctr|d_flipflop:dff2|flipflop_inst              ; 5.349 ; 0.000         ;
+--------------------------------------------------------------------------------------------------------+-------+---------------+


+---------------------------------------------------------------------------------------------------------------------------------+
; Slow 1200mV 85C Model Minimum Pulse Width Summary                                                                               ;
+--------------------------------------------------------------------------------------------------------+--------+---------------+
; Clock                                                                                                  ; Slack  ; End Point TNS ;
+--------------------------------------------------------------------------------------------------------+--------+---------------+
; clk                                                                                                    ; -3.000 ; -18.433       ;
; top:comb_3|switch_debouncer:deb|d_flipflop:stable|flipflop_inst                                        ; -1.403 ; -37.881       ;
; multiplicador_alternativo:multiplicador|contador_mod255:ctr|d_flipflop:dff1|flipflop_inst              ; -1.403 ; -14.030       ;
; multiplicador_alternativo:multiplicador|contador_mod255:ctr|d_flipflop:dff2|flipflop_inst              ; -1.403 ; -14.030       ;
; multiplicador_alternativo:multiplicador|contador_mod255:ctr|d_flipflop:dff3|flipflop_inst              ; -1.403 ; -14.030       ;
; multiplicador_alternativo:multiplicador|contador_mod255:ctr|d_flipflop:dff4|flipflop_inst              ; -1.403 ; -14.030       ;
; multiplicador_alternativo:multiplicador|contador_mod255:ctr|d_flipflop:dff5|flipflop_inst              ; -1.403 ; -14.030       ;
; multiplicador_alternativo:multiplicador|contador_mod255:ctr|d_flipflop:dff6|flipflop_inst              ; -1.403 ; -14.030       ;
; multiplicador_alternativo:multiplicador|contador_mod255:ctr|d_flipflop:dff0|flipflop_inst              ; -1.403 ; -12.627       ;
; top:comb_3|switch_debouncer:deb|divisor_frequencia:div_inst|d_flipflop:div8|flipflop_inst              ; -1.403 ; -2.806        ;
; dividir_5:div_clk|d_flipflop:b0|flipflop_inst                                                          ; -1.403 ; -1.403        ;
; dividir_5:div_clk|d_flipflop:b1|flipflop_inst                                                          ; -1.403 ; -1.403        ;
; dividir_5:div_clk|d_flipflop:b2|flipflop_inst                                                          ; -1.403 ; -1.403        ;
; top:comb_3|switch_debouncer:deb|divisor_frequencia:div_inst|d_flipflop:div7|flipflop_inst              ; -1.403 ; -1.403        ;
; top:comb_3|switch_debouncer:deb|divisor_frequencia:div_inst|dividir_5:div1|d_flipflop:b0|flipflop_inst ; -1.403 ; -1.403        ;
; top:comb_3|switch_debouncer:deb|divisor_frequencia:div_inst|dividir_5:div1|d_flipflop:b1|flipflop_inst ; -1.403 ; -1.403        ;
; top:comb_3|switch_debouncer:deb|divisor_frequencia:div_inst|dividir_5:div1|d_flipflop:b2|flipflop_inst ; -1.403 ; -1.403        ;
; top:comb_3|switch_debouncer:deb|divisor_frequencia:div_inst|dividir_5:div2|d_flipflop:b0|flipflop_inst ; -1.403 ; -1.403        ;
; top:comb_3|switch_debouncer:deb|divisor_frequencia:div_inst|dividir_5:div2|d_flipflop:b1|flipflop_inst ; -1.403 ; -1.403        ;
; top:comb_3|switch_debouncer:deb|divisor_frequencia:div_inst|dividir_5:div2|d_flipflop:b2|flipflop_inst ; -1.403 ; -1.403        ;
; top:comb_3|switch_debouncer:deb|divisor_frequencia:div_inst|dividir_5:div3|d_flipflop:b0|flipflop_inst ; -1.403 ; -1.403        ;
; top:comb_3|switch_debouncer:deb|divisor_frequencia:div_inst|dividir_5:div3|d_flipflop:b1|flipflop_inst ; -1.403 ; -1.403        ;
; top:comb_3|switch_debouncer:deb|divisor_frequencia:div_inst|dividir_5:div3|d_flipflop:b2|flipflop_inst ; -1.403 ; -1.403        ;
; top:comb_3|switch_debouncer:deb|divisor_frequencia:div_inst|dividir_5:div4|d_flipflop:b0|flipflop_inst ; -1.403 ; -1.403        ;
; top:comb_3|switch_debouncer:deb|divisor_frequencia:div_inst|dividir_5:div4|d_flipflop:b1|flipflop_inst ; -1.403 ; -1.403        ;
; top:comb_3|switch_debouncer:deb|divisor_frequencia:div_inst|dividir_5:div4|d_flipflop:b2|flipflop_inst ; -1.403 ; -1.403        ;
; top:comb_3|switch_debouncer:deb|divisor_frequencia:div_inst|dividir_5:div6|d_flipflop:b0|flipflop_inst ; -1.403 ; -1.403        ;
; top:comb_3|switch_debouncer:deb|divisor_frequencia:div_inst|dividir_5:div6|d_flipflop:b1|flipflop_inst ; -1.403 ; -1.403        ;
; top:comb_3|switch_debouncer:deb|divisor_frequencia:div_inst|dividir_5:div6|d_flipflop:b2|flipflop_inst ; -1.403 ; -1.403        ;
+--------------------------------------------------------------------------------------------------------+--------+---------------+


-----------------------------------------------
; Slow 1200mV 85C Model Metastability Summary ;
-----------------------------------------------
Design MTBF is not calculated because the design doesn't meet its timing requirements.



+----------------------------------------------------------------------------------------------------------------------------------------------------------------------------+
; Slow 1200mV 0C Model Fmax Summary                                                                                                                                          ;
+-------------+-----------------+-------------------------------------------------------------------------------------------+------------------------------------------------+
; Fmax        ; Restricted Fmax ; Clock Name                                                                                ; Note                                           ;
+-------------+-----------------+-------------------------------------------------------------------------------------------+------------------------------------------------+
; 167.76 MHz  ; 167.76 MHz      ; clk                                                                                       ;                                                ;
; 167.76 MHz  ; 167.76 MHz      ; multiplicador_alternativo:multiplicador|contador_mod255:ctr|d_flipflop:dff0|flipflop_inst ;                                                ;
; 167.76 MHz  ; 167.76 MHz      ; multiplicador_alternativo:multiplicador|contador_mod255:ctr|d_flipflop:dff1|flipflop_inst ;                                                ;
; 167.76 MHz  ; 167.76 MHz      ; multiplicador_alternativo:multiplicador|contador_mod255:ctr|d_flipflop:dff2|flipflop_inst ;                                                ;
; 167.76 MHz  ; 167.76 MHz      ; multiplicador_alternativo:multiplicador|contador_mod255:ctr|d_flipflop:dff3|flipflop_inst ;                                                ;
; 167.76 MHz  ; 167.76 MHz      ; multiplicador_alternativo:multiplicador|contador_mod255:ctr|d_flipflop:dff4|flipflop_inst ;                                                ;
; 167.76 MHz  ; 167.76 MHz      ; multiplicador_alternativo:multiplicador|contador_mod255:ctr|d_flipflop:dff5|flipflop_inst ;                                                ;
; 167.76 MHz  ; 167.76 MHz      ; multiplicador_alternativo:multiplicador|contador_mod255:ctr|d_flipflop:dff6|flipflop_inst ;                                                ;
; 321.23 MHz  ; 321.23 MHz      ; top:comb_3|switch_debouncer:deb|d_flipflop:stable|flipflop_inst                           ;                                                ;
; 1331.56 MHz ; 416.15 MHz      ; top:comb_3|switch_debouncer:deb|divisor_frequencia:div_inst|d_flipflop:div8|flipflop_inst ; limit due to minimum period restriction (tmin) ;
+-------------+-----------------+-------------------------------------------------------------------------------------------+------------------------------------------------+
This panel reports FMAX for every clock in the design, regardless of the user-specified clock periods.  FMAX is only computed for paths where the source and destination registers or ports are driven by the same clock.  Paths of different clocks, including generated clocks, are ignored.  For paths between a clock and its inversion, FMAX is computed as if the rising and falling edges are scaled along with FMAX, such that the duty cycle (in terms of a percentage) is maintained. Altera recommends that you always use clock constraints and other slack reports for sign-off analysis.


+----------------------------------------------------------------------------------------------------------------------------------+
; Slow 1200mV 0C Model Setup Summary                                                                                               ;
+--------------------------------------------------------------------------------------------------------+---------+---------------+
; Clock                                                                                                  ; Slack   ; End Point TNS ;
+--------------------------------------------------------------------------------------------------------+---------+---------------+
; dividir_5:div_clk|d_flipflop:b2|flipflop_inst                                                          ; -21.254 ; -21.254       ;
; multiplicador_alternativo:multiplicador|contador_mod255:ctr|d_flipflop:dff0|flipflop_inst              ; -8.108  ; -56.146       ;
; multiplicador_alternativo:multiplicador|contador_mod255:ctr|d_flipflop:dff2|flipflop_inst              ; -8.024  ; -59.723       ;
; multiplicador_alternativo:multiplicador|contador_mod255:ctr|d_flipflop:dff1|flipflop_inst              ; -8.007  ; -59.407       ;
; multiplicador_alternativo:multiplicador|contador_mod255:ctr|d_flipflop:dff3|flipflop_inst              ; -7.998  ; -59.259       ;
; multiplicador_alternativo:multiplicador|contador_mod255:ctr|d_flipflop:dff4|flipflop_inst              ; -7.583  ; -55.697       ;
; multiplicador_alternativo:multiplicador|contador_mod255:ctr|d_flipflop:dff5|flipflop_inst              ; -7.347  ; -53.453       ;
; multiplicador_alternativo:multiplicador|contador_mod255:ctr|d_flipflop:dff6|flipflop_inst              ; -7.125  ; -51.118       ;
; clk                                                                                                    ; -4.961  ; -34.887       ;
; top:comb_3|switch_debouncer:deb|d_flipflop:stable|flipflop_inst                                        ; -2.113  ; -11.324       ;
; top:comb_3|switch_debouncer:deb|divisor_frequencia:div_inst|dividir_5:div4|d_flipflop:b2|flipflop_inst ; -0.500  ; -0.500        ;
; top:comb_3|switch_debouncer:deb|divisor_frequencia:div_inst|dividir_5:div3|d_flipflop:b2|flipflop_inst ; -0.489  ; -0.489        ;
; dividir_5:div_clk|d_flipflop:b0|flipflop_inst                                                          ; -0.468  ; -0.468        ;
; top:comb_3|switch_debouncer:deb|divisor_frequencia:div_inst|dividir_5:div6|d_flipflop:b1|flipflop_inst ; -0.463  ; -0.463        ;
; top:comb_3|switch_debouncer:deb|divisor_frequencia:div_inst|d_flipflop:div7|flipflop_inst              ; -0.452  ; -0.452        ;
; top:comb_3|switch_debouncer:deb|divisor_frequencia:div_inst|dividir_5:div3|d_flipflop:b1|flipflop_inst ; -0.450  ; -0.450        ;
; top:comb_3|switch_debouncer:deb|divisor_frequencia:div_inst|dividir_5:div4|d_flipflop:b0|flipflop_inst ; -0.449  ; -0.449        ;
; top:comb_3|switch_debouncer:deb|divisor_frequencia:div_inst|dividir_5:div1|d_flipflop:b1|flipflop_inst ; -0.431  ; -0.431        ;
; top:comb_3|switch_debouncer:deb|divisor_frequencia:div_inst|dividir_5:div2|d_flipflop:b0|flipflop_inst ; -0.430  ; -0.430        ;
; top:comb_3|switch_debouncer:deb|divisor_frequencia:div_inst|dividir_5:div4|d_flipflop:b1|flipflop_inst ; -0.400  ; -0.400        ;
; top:comb_3|switch_debouncer:deb|divisor_frequencia:div_inst|dividir_5:div1|d_flipflop:b2|flipflop_inst ; -0.389  ; -0.389        ;
; top:comb_3|switch_debouncer:deb|divisor_frequencia:div_inst|dividir_5:div2|d_flipflop:b2|flipflop_inst ; -0.354  ; -0.354        ;
; top:comb_3|switch_debouncer:deb|divisor_frequencia:div_inst|dividir_5:div6|d_flipflop:b0|flipflop_inst ; -0.343  ; -0.343        ;
; top:comb_3|switch_debouncer:deb|divisor_frequencia:div_inst|dividir_5:div3|d_flipflop:b0|flipflop_inst ; -0.342  ; -0.342        ;
; top:comb_3|switch_debouncer:deb|divisor_frequencia:div_inst|dividir_5:div6|d_flipflop:b2|flipflop_inst ; -0.309  ; -0.309        ;
; top:comb_3|switch_debouncer:deb|divisor_frequencia:div_inst|dividir_5:div2|d_flipflop:b1|flipflop_inst ; -0.306  ; -0.306        ;
; dividir_5:div_clk|d_flipflop:b1|flipflop_inst                                                          ; -0.296  ; -0.296        ;
; top:comb_3|switch_debouncer:deb|divisor_frequencia:div_inst|dividir_5:div1|d_flipflop:b0|flipflop_inst ; -0.293  ; -0.293        ;
; top:comb_3|switch_debouncer:deb|divisor_frequencia:div_inst|d_flipflop:div8|flipflop_inst              ; 0.249   ; 0.000         ;
+--------------------------------------------------------------------------------------------------------+---------+---------------+


+---------------------------------------------------------------------------------------------------------------------------------+
; Slow 1200mV 0C Model Hold Summary                                                                                               ;
+--------------------------------------------------------------------------------------------------------+--------+---------------+
; Clock                                                                                                  ; Slack  ; End Point TNS ;
+--------------------------------------------------------------------------------------------------------+--------+---------------+
; clk                                                                                                    ; -2.854 ; -17.124       ;
; multiplicador_alternativo:multiplicador|contador_mod255:ctr|d_flipflop:dff6|flipflop_inst              ; -0.856 ; -5.136        ;
; multiplicador_alternativo:multiplicador|contador_mod255:ctr|d_flipflop:dff5|flipflop_inst              ; -0.623 ; -3.738        ;
; multiplicador_alternativo:multiplicador|contador_mod255:ctr|d_flipflop:dff4|flipflop_inst              ; -0.378 ; -2.268        ;
; multiplicador_alternativo:multiplicador|contador_mod255:ctr|d_flipflop:dff3|flipflop_inst              ; 0.054  ; 0.000         ;
; multiplicador_alternativo:multiplicador|contador_mod255:ctr|d_flipflop:dff1|flipflop_inst              ; 0.064  ; 0.000         ;
; multiplicador_alternativo:multiplicador|contador_mod255:ctr|d_flipflop:dff2|flipflop_inst              ; 0.081  ; 0.000         ;
; multiplicador_alternativo:multiplicador|contador_mod255:ctr|d_flipflop:dff0|flipflop_inst              ; 0.253  ; 0.000         ;
; top:comb_3|switch_debouncer:deb|d_flipflop:stable|flipflop_inst                                        ; 0.312  ; 0.000         ;
; top:comb_3|switch_debouncer:deb|divisor_frequencia:div_inst|dividir_5:div6|d_flipflop:b2|flipflop_inst ; 0.359  ; 0.000         ;
; top:comb_3|switch_debouncer:deb|divisor_frequencia:div_inst|d_flipflop:div8|flipflop_inst              ; 0.399  ; 0.000         ;
; top:comb_3|switch_debouncer:deb|divisor_frequencia:div_inst|dividir_5:div6|d_flipflop:b0|flipflop_inst ; 0.440  ; 0.000         ;
; top:comb_3|switch_debouncer:deb|divisor_frequencia:div_inst|dividir_5:div2|d_flipflop:b2|flipflop_inst ; 0.480  ; 0.000         ;
; top:comb_3|switch_debouncer:deb|divisor_frequencia:div_inst|dividir_5:div3|d_flipflop:b2|flipflop_inst ; 0.493  ; 0.000         ;
; top:comb_3|switch_debouncer:deb|divisor_frequencia:div_inst|dividir_5:div2|d_flipflop:b0|flipflop_inst ; 0.525  ; 0.000         ;
; top:comb_3|switch_debouncer:deb|divisor_frequencia:div_inst|d_flipflop:div7|flipflop_inst              ; 0.527  ; 0.000         ;
; top:comb_3|switch_debouncer:deb|divisor_frequencia:div_inst|dividir_5:div4|d_flipflop:b2|flipflop_inst ; 0.530  ; 0.000         ;
; top:comb_3|switch_debouncer:deb|divisor_frequencia:div_inst|dividir_5:div1|d_flipflop:b2|flipflop_inst ; 0.535  ; 0.000         ;
; top:comb_3|switch_debouncer:deb|divisor_frequencia:div_inst|dividir_5:div4|d_flipflop:b1|flipflop_inst ; 0.538  ; 0.000         ;
; top:comb_3|switch_debouncer:deb|divisor_frequencia:div_inst|dividir_5:div1|d_flipflop:b1|flipflop_inst ; 0.540  ; 0.000         ;
; top:comb_3|switch_debouncer:deb|divisor_frequencia:div_inst|dividir_5:div1|d_flipflop:b0|flipflop_inst ; 0.545  ; 0.000         ;
; top:comb_3|switch_debouncer:deb|divisor_frequencia:div_inst|dividir_5:div4|d_flipflop:b0|flipflop_inst ; 0.545  ; 0.000         ;
; top:comb_3|switch_debouncer:deb|divisor_frequencia:div_inst|dividir_5:div2|d_flipflop:b1|flipflop_inst ; 0.549  ; 0.000         ;
; top:comb_3|switch_debouncer:deb|divisor_frequencia:div_inst|dividir_5:div6|d_flipflop:b1|flipflop_inst ; 0.559  ; 0.000         ;
; top:comb_3|switch_debouncer:deb|divisor_frequencia:div_inst|dividir_5:div3|d_flipflop:b0|flipflop_inst ; 0.561  ; 0.000         ;
; dividir_5:div_clk|d_flipflop:b1|flipflop_inst                                                          ; 0.597  ; 0.000         ;
; dividir_5:div_clk|d_flipflop:b0|flipflop_inst                                                          ; 0.711  ; 0.000         ;
; top:comb_3|switch_debouncer:deb|divisor_frequencia:div_inst|dividir_5:div3|d_flipflop:b1|flipflop_inst ; 0.720  ; 0.000         ;
; dividir_5:div_clk|d_flipflop:b2|flipflop_inst                                                          ; 0.796  ; 0.000         ;
+--------------------------------------------------------------------------------------------------------+--------+---------------+


+---------------------------------------------------------------------------------------------------------------------------------+
; Slow 1200mV 0C Model Recovery Summary                                                                                           ;
+--------------------------------------------------------------------------------------------------------+--------+---------------+
; Clock                                                                                                  ; Slack  ; End Point TNS ;
+--------------------------------------------------------------------------------------------------------+--------+---------------+
; multiplicador_alternativo:multiplicador|contador_mod255:ctr|d_flipflop:dff2|flipflop_inst              ; -8.848 ; -53.820       ;
; multiplicador_alternativo:multiplicador|contador_mod255:ctr|d_flipflop:dff0|flipflop_inst              ; -5.076 ; -42.049       ;
; multiplicador_alternativo:multiplicador|contador_mod255:ctr|d_flipflop:dff1|flipflop_inst              ; -5.019 ; -46.449       ;
; multiplicador_alternativo:multiplicador|contador_mod255:ctr|d_flipflop:dff3|flipflop_inst              ; -5.010 ; -45.883       ;
; multiplicador_alternativo:multiplicador|contador_mod255:ctr|d_flipflop:dff4|flipflop_inst              ; -4.595 ; -42.575       ;
; multiplicador_alternativo:multiplicador|contador_mod255:ctr|d_flipflop:dff5|flipflop_inst              ; -4.359 ; -40.085       ;
; multiplicador_alternativo:multiplicador|contador_mod255:ctr|d_flipflop:dff6|flipflop_inst              ; -4.137 ; -38.524       ;
; dividir_5:div_clk|d_flipflop:b1|flipflop_inst                                                          ; -3.963 ; -3.963        ;
; clk                                                                                                    ; -2.250 ; -23.162       ;
; dividir_5:div_clk|d_flipflop:b0|flipflop_inst                                                          ; -2.168 ; -2.168        ;
; top:comb_3|switch_debouncer:deb|divisor_frequencia:div_inst|dividir_5:div1|d_flipflop:b1|flipflop_inst ; -1.334 ; -1.334        ;
; top:comb_3|switch_debouncer:deb|divisor_frequencia:div_inst|dividir_5:div1|d_flipflop:b0|flipflop_inst ; -1.273 ; -1.273        ;
; top:comb_3|switch_debouncer:deb|divisor_frequencia:div_inst|dividir_5:div4|d_flipflop:b0|flipflop_inst ; -0.951 ; -0.951        ;
; top:comb_3|switch_debouncer:deb|divisor_frequencia:div_inst|dividir_5:div2|d_flipflop:b0|flipflop_inst ; -0.831 ; -0.831        ;
; top:comb_3|switch_debouncer:deb|divisor_frequencia:div_inst|dividir_5:div3|d_flipflop:b1|flipflop_inst ; -0.587 ; -0.587        ;
; top:comb_3|switch_debouncer:deb|divisor_frequencia:div_inst|dividir_5:div2|d_flipflop:b2|flipflop_inst ; -0.563 ; -0.563        ;
; top:comb_3|switch_debouncer:deb|divisor_frequencia:div_inst|dividir_5:div4|d_flipflop:b1|flipflop_inst ; -0.547 ; -0.547        ;
; top:comb_3|switch_debouncer:deb|divisor_frequencia:div_inst|dividir_5:div1|d_flipflop:b2|flipflop_inst ; -0.483 ; -0.483        ;
; top:comb_3|switch_debouncer:deb|divisor_frequencia:div_inst|dividir_5:div3|d_flipflop:b2|flipflop_inst ; -0.483 ; -0.483        ;
; top:comb_3|switch_debouncer:deb|divisor_frequencia:div_inst|dividir_5:div4|d_flipflop:b2|flipflop_inst ; -0.483 ; -0.483        ;
; top:comb_3|switch_debouncer:deb|divisor_frequencia:div_inst|dividir_5:div6|d_flipflop:b1|flipflop_inst ; -0.402 ; -0.402        ;
; top:comb_3|switch_debouncer:deb|divisor_frequencia:div_inst|dividir_5:div3|d_flipflop:b0|flipflop_inst ; -0.339 ; -0.339        ;
; top:comb_3|switch_debouncer:deb|divisor_frequencia:div_inst|dividir_5:div6|d_flipflop:b0|flipflop_inst ; -0.301 ; -0.301        ;
; top:comb_3|switch_debouncer:deb|divisor_frequencia:div_inst|dividir_5:div2|d_flipflop:b1|flipflop_inst ; -0.281 ; -0.281        ;
+--------------------------------------------------------------------------------------------------------+--------+---------------+


+--------------------------------------------------------------------------------------------------------------------------------+
; Slow 1200mV 0C Model Removal Summary                                                                                           ;
+--------------------------------------------------------------------------------------------------------+-------+---------------+
; Clock                                                                                                  ; Slack ; End Point TNS ;
+--------------------------------------------------------------------------------------------------------+-------+---------------+
; top:comb_3|switch_debouncer:deb|divisor_frequencia:div_inst|dividir_5:div2|d_flipflop:b1|flipflop_inst ; 0.413 ; 0.000         ;
; top:comb_3|switch_debouncer:deb|divisor_frequencia:div_inst|dividir_5:div6|d_flipflop:b0|flipflop_inst ; 0.468 ; 0.000         ;
; top:comb_3|switch_debouncer:deb|divisor_frequencia:div_inst|dividir_5:div3|d_flipflop:b0|flipflop_inst ; 0.516 ; 0.000         ;
; top:comb_3|switch_debouncer:deb|divisor_frequencia:div_inst|dividir_5:div6|d_flipflop:b1|flipflop_inst ; 0.573 ; 0.000         ;
; top:comb_3|switch_debouncer:deb|divisor_frequencia:div_inst|dividir_5:div3|d_flipflop:b2|flipflop_inst ; 0.607 ; 0.000         ;
; top:comb_3|switch_debouncer:deb|divisor_frequencia:div_inst|dividir_5:div4|d_flipflop:b2|flipflop_inst ; 0.622 ; 0.000         ;
; top:comb_3|switch_debouncer:deb|divisor_frequencia:div_inst|dividir_5:div4|d_flipflop:b1|flipflop_inst ; 0.645 ; 0.000         ;
; top:comb_3|switch_debouncer:deb|divisor_frequencia:div_inst|dividir_5:div1|d_flipflop:b2|flipflop_inst ; 0.687 ; 0.000         ;
; top:comb_3|switch_debouncer:deb|divisor_frequencia:div_inst|dividir_5:div2|d_flipflop:b2|flipflop_inst ; 0.712 ; 0.000         ;
; top:comb_3|switch_debouncer:deb|divisor_frequencia:div_inst|dividir_5:div3|d_flipflop:b1|flipflop_inst ; 0.714 ; 0.000         ;
; top:comb_3|switch_debouncer:deb|divisor_frequencia:div_inst|dividir_5:div2|d_flipflop:b0|flipflop_inst ; 0.939 ; 0.000         ;
; top:comb_3|switch_debouncer:deb|divisor_frequencia:div_inst|dividir_5:div4|d_flipflop:b0|flipflop_inst ; 1.012 ; 0.000         ;
; top:comb_3|switch_debouncer:deb|divisor_frequencia:div_inst|dividir_5:div1|d_flipflop:b0|flipflop_inst ; 1.362 ; 0.000         ;
; top:comb_3|switch_debouncer:deb|divisor_frequencia:div_inst|dividir_5:div1|d_flipflop:b1|flipflop_inst ; 1.426 ; 0.000         ;
; clk                                                                                                    ; 1.684 ; 0.000         ;
; multiplicador_alternativo:multiplicador|contador_mod255:ctr|d_flipflop:dff3|flipflop_inst              ; 1.728 ; 0.000         ;
; multiplicador_alternativo:multiplicador|contador_mod255:ctr|d_flipflop:dff5|flipflop_inst              ; 1.786 ; 0.000         ;
; multiplicador_alternativo:multiplicador|contador_mod255:ctr|d_flipflop:dff0|flipflop_inst              ; 2.036 ; 0.000         ;
; multiplicador_alternativo:multiplicador|contador_mod255:ctr|d_flipflop:dff4|flipflop_inst              ; 2.173 ; 0.000         ;
; dividir_5:div_clk|d_flipflop:b0|flipflop_inst                                                          ; 2.180 ; 0.000         ;
; multiplicador_alternativo:multiplicador|contador_mod255:ctr|d_flipflop:dff1|flipflop_inst              ; 2.233 ; 0.000         ;
; multiplicador_alternativo:multiplicador|contador_mod255:ctr|d_flipflop:dff6|flipflop_inst              ; 2.241 ; 0.000         ;
; dividir_5:div_clk|d_flipflop:b1|flipflop_inst                                                          ; 3.867 ; 0.000         ;
; multiplicador_alternativo:multiplicador|contador_mod255:ctr|d_flipflop:dff2|flipflop_inst              ; 4.786 ; 0.000         ;
+--------------------------------------------------------------------------------------------------------+-------+---------------+


+---------------------------------------------------------------------------------------------------------------------------------+
; Slow 1200mV 0C Model Minimum Pulse Width Summary                                                                                ;
+--------------------------------------------------------------------------------------------------------+--------+---------------+
; Clock                                                                                                  ; Slack  ; End Point TNS ;
+--------------------------------------------------------------------------------------------------------+--------+---------------+
; clk                                                                                                    ; -3.000 ; -18.433       ;
; top:comb_3|switch_debouncer:deb|d_flipflop:stable|flipflop_inst                                        ; -1.403 ; -37.881       ;
; multiplicador_alternativo:multiplicador|contador_mod255:ctr|d_flipflop:dff1|flipflop_inst              ; -1.403 ; -14.030       ;
; multiplicador_alternativo:multiplicador|contador_mod255:ctr|d_flipflop:dff2|flipflop_inst              ; -1.403 ; -14.030       ;
; multiplicador_alternativo:multiplicador|contador_mod255:ctr|d_flipflop:dff3|flipflop_inst              ; -1.403 ; -14.030       ;
; multiplicador_alternativo:multiplicador|contador_mod255:ctr|d_flipflop:dff4|flipflop_inst              ; -1.403 ; -14.030       ;
; multiplicador_alternativo:multiplicador|contador_mod255:ctr|d_flipflop:dff5|flipflop_inst              ; -1.403 ; -14.030       ;
; multiplicador_alternativo:multiplicador|contador_mod255:ctr|d_flipflop:dff6|flipflop_inst              ; -1.403 ; -14.030       ;
; multiplicador_alternativo:multiplicador|contador_mod255:ctr|d_flipflop:dff0|flipflop_inst              ; -1.403 ; -12.627       ;
; top:comb_3|switch_debouncer:deb|divisor_frequencia:div_inst|d_flipflop:div8|flipflop_inst              ; -1.403 ; -2.806        ;
; dividir_5:div_clk|d_flipflop:b0|flipflop_inst                                                          ; -1.403 ; -1.403        ;
; dividir_5:div_clk|d_flipflop:b1|flipflop_inst                                                          ; -1.403 ; -1.403        ;
; dividir_5:div_clk|d_flipflop:b2|flipflop_inst                                                          ; -1.403 ; -1.403        ;
; top:comb_3|switch_debouncer:deb|divisor_frequencia:div_inst|d_flipflop:div7|flipflop_inst              ; -1.403 ; -1.403        ;
; top:comb_3|switch_debouncer:deb|divisor_frequencia:div_inst|dividir_5:div1|d_flipflop:b0|flipflop_inst ; -1.403 ; -1.403        ;
; top:comb_3|switch_debouncer:deb|divisor_frequencia:div_inst|dividir_5:div1|d_flipflop:b1|flipflop_inst ; -1.403 ; -1.403        ;
; top:comb_3|switch_debouncer:deb|divisor_frequencia:div_inst|dividir_5:div1|d_flipflop:b2|flipflop_inst ; -1.403 ; -1.403        ;
; top:comb_3|switch_debouncer:deb|divisor_frequencia:div_inst|dividir_5:div2|d_flipflop:b0|flipflop_inst ; -1.403 ; -1.403        ;
; top:comb_3|switch_debouncer:deb|divisor_frequencia:div_inst|dividir_5:div2|d_flipflop:b1|flipflop_inst ; -1.403 ; -1.403        ;
; top:comb_3|switch_debouncer:deb|divisor_frequencia:div_inst|dividir_5:div2|d_flipflop:b2|flipflop_inst ; -1.403 ; -1.403        ;
; top:comb_3|switch_debouncer:deb|divisor_frequencia:div_inst|dividir_5:div3|d_flipflop:b0|flipflop_inst ; -1.403 ; -1.403        ;
; top:comb_3|switch_debouncer:deb|divisor_frequencia:div_inst|dividir_5:div3|d_flipflop:b1|flipflop_inst ; -1.403 ; -1.403        ;
; top:comb_3|switch_debouncer:deb|divisor_frequencia:div_inst|dividir_5:div3|d_flipflop:b2|flipflop_inst ; -1.403 ; -1.403        ;
; top:comb_3|switch_debouncer:deb|divisor_frequencia:div_inst|dividir_5:div4|d_flipflop:b0|flipflop_inst ; -1.403 ; -1.403        ;
; top:comb_3|switch_debouncer:deb|divisor_frequencia:div_inst|dividir_5:div4|d_flipflop:b1|flipflop_inst ; -1.403 ; -1.403        ;
; top:comb_3|switch_debouncer:deb|divisor_frequencia:div_inst|dividir_5:div4|d_flipflop:b2|flipflop_inst ; -1.403 ; -1.403        ;
; top:comb_3|switch_debouncer:deb|divisor_frequencia:div_inst|dividir_5:div6|d_flipflop:b0|flipflop_inst ; -1.403 ; -1.403        ;
; top:comb_3|switch_debouncer:deb|divisor_frequencia:div_inst|dividir_5:div6|d_flipflop:b1|flipflop_inst ; -1.403 ; -1.403        ;
; top:comb_3|switch_debouncer:deb|divisor_frequencia:div_inst|dividir_5:div6|d_flipflop:b2|flipflop_inst ; -1.403 ; -1.403        ;
+--------------------------------------------------------------------------------------------------------+--------+---------------+


----------------------------------------------
; Slow 1200mV 0C Model Metastability Summary ;
----------------------------------------------
Design MTBF is not calculated because the design doesn't meet its timing requirements.



+---------------------------------------------------------------------------------------------------------------------------------+
; Fast 1200mV 0C Model Setup Summary                                                                                              ;
+--------------------------------------------------------------------------------------------------------+--------+---------------+
; Clock                                                                                                  ; Slack  ; End Point TNS ;
+--------------------------------------------------------------------------------------------------------+--------+---------------+
; dividir_5:div_clk|d_flipflop:b2|flipflop_inst                                                          ; -9.206 ; -9.206        ;
; multiplicador_alternativo:multiplicador|contador_mod255:ctr|d_flipflop:dff0|flipflop_inst              ; -3.170 ; -22.013       ;
; multiplicador_alternativo:multiplicador|contador_mod255:ctr|d_flipflop:dff3|flipflop_inst              ; -3.135 ; -23.767       ;
; multiplicador_alternativo:multiplicador|contador_mod255:ctr|d_flipflop:dff2|flipflop_inst              ; -3.133 ; -23.749       ;
; multiplicador_alternativo:multiplicador|contador_mod255:ctr|d_flipflop:dff1|flipflop_inst              ; -3.131 ; -23.731       ;
; multiplicador_alternativo:multiplicador|contador_mod255:ctr|d_flipflop:dff4|flipflop_inst              ; -2.925 ; -21.877       ;
; multiplicador_alternativo:multiplicador|contador_mod255:ctr|d_flipflop:dff5|flipflop_inst              ; -2.838 ; -21.094       ;
; multiplicador_alternativo:multiplicador|contador_mod255:ctr|d_flipflop:dff6|flipflop_inst              ; -2.739 ; -20.203       ;
; clk                                                                                                    ; -1.766 ; -12.863       ;
; top:comb_3|switch_debouncer:deb|d_flipflop:stable|flipflop_inst                                        ; -0.645 ; -1.528        ;
; top:comb_3|switch_debouncer:deb|divisor_frequencia:div_inst|dividir_5:div3|d_flipflop:b2|flipflop_inst ; 0.088  ; 0.000         ;
; top:comb_3|switch_debouncer:deb|divisor_frequencia:div_inst|dividir_5:div4|d_flipflop:b2|flipflop_inst ; 0.093  ; 0.000         ;
; top:comb_3|switch_debouncer:deb|divisor_frequencia:div_inst|dividir_5:div6|d_flipflop:b1|flipflop_inst ; 0.124  ; 0.000         ;
; top:comb_3|switch_debouncer:deb|divisor_frequencia:div_inst|d_flipflop:div7|flipflop_inst              ; 0.127  ; 0.000         ;
; top:comb_3|switch_debouncer:deb|divisor_frequencia:div_inst|dividir_5:div1|d_flipflop:b2|flipflop_inst ; 0.131  ; 0.000         ;
; top:comb_3|switch_debouncer:deb|divisor_frequencia:div_inst|dividir_5:div4|d_flipflop:b0|flipflop_inst ; 0.132  ; 0.000         ;
; top:comb_3|switch_debouncer:deb|divisor_frequencia:div_inst|dividir_5:div3|d_flipflop:b1|flipflop_inst ; 0.140  ; 0.000         ;
; dividir_5:div_clk|d_flipflop:b0|flipflop_inst                                                          ; 0.141  ; 0.000         ;
; top:comb_3|switch_debouncer:deb|divisor_frequencia:div_inst|dividir_5:div1|d_flipflop:b1|flipflop_inst ; 0.141  ; 0.000         ;
; top:comb_3|switch_debouncer:deb|divisor_frequencia:div_inst|dividir_5:div2|d_flipflop:b0|flipflop_inst ; 0.143  ; 0.000         ;
; top:comb_3|switch_debouncer:deb|divisor_frequencia:div_inst|dividir_5:div2|d_flipflop:b2|flipflop_inst ; 0.144  ; 0.000         ;
; top:comb_3|switch_debouncer:deb|divisor_frequencia:div_inst|dividir_5:div4|d_flipflop:b1|flipflop_inst ; 0.161  ; 0.000         ;
; top:comb_3|switch_debouncer:deb|divisor_frequencia:div_inst|dividir_5:div6|d_flipflop:b2|flipflop_inst ; 0.176  ; 0.000         ;
; top:comb_3|switch_debouncer:deb|divisor_frequencia:div_inst|dividir_5:div6|d_flipflop:b0|flipflop_inst ; 0.190  ; 0.000         ;
; top:comb_3|switch_debouncer:deb|divisor_frequencia:div_inst|dividir_5:div3|d_flipflop:b0|flipflop_inst ; 0.193  ; 0.000         ;
; dividir_5:div_clk|d_flipflop:b1|flipflop_inst                                                          ; 0.194  ; 0.000         ;
; top:comb_3|switch_debouncer:deb|divisor_frequencia:div_inst|dividir_5:div1|d_flipflop:b0|flipflop_inst ; 0.195  ; 0.000         ;
; top:comb_3|switch_debouncer:deb|divisor_frequencia:div_inst|dividir_5:div2|d_flipflop:b1|flipflop_inst ; 0.225  ; 0.000         ;
; top:comb_3|switch_debouncer:deb|divisor_frequencia:div_inst|d_flipflop:div8|flipflop_inst              ; 0.639  ; 0.000         ;
+--------------------------------------------------------------------------------------------------------+--------+---------------+


+---------------------------------------------------------------------------------------------------------------------------------+
; Fast 1200mV 0C Model Hold Summary                                                                                               ;
+--------------------------------------------------------------------------------------------------------+--------+---------------+
; Clock                                                                                                  ; Slack  ; End Point TNS ;
+--------------------------------------------------------------------------------------------------------+--------+---------------+
; clk                                                                                                    ; -1.271 ; -7.626        ;
; multiplicador_alternativo:multiplicador|contador_mod255:ctr|d_flipflop:dff6|flipflop_inst              ; -0.379 ; -2.274        ;
; multiplicador_alternativo:multiplicador|contador_mod255:ctr|d_flipflop:dff5|flipflop_inst              ; -0.276 ; -1.656        ;
; multiplicador_alternativo:multiplicador|contador_mod255:ctr|d_flipflop:dff4|flipflop_inst              ; -0.185 ; -1.110        ;
; multiplicador_alternativo:multiplicador|contador_mod255:ctr|d_flipflop:dff1|flipflop_inst              ; 0.030  ; 0.000         ;
; multiplicador_alternativo:multiplicador|contador_mod255:ctr|d_flipflop:dff2|flipflop_inst              ; 0.032  ; 0.000         ;
; multiplicador_alternativo:multiplicador|contador_mod255:ctr|d_flipflop:dff3|flipflop_inst              ; 0.034  ; 0.000         ;
; multiplicador_alternativo:multiplicador|contador_mod255:ctr|d_flipflop:dff0|flipflop_inst              ; 0.105  ; 0.000         ;
; top:comb_3|switch_debouncer:deb|divisor_frequencia:div_inst|dividir_5:div6|d_flipflop:b0|flipflop_inst ; 0.124  ; 0.000         ;
; top:comb_3|switch_debouncer:deb|divisor_frequencia:div_inst|dividir_5:div6|d_flipflop:b2|flipflop_inst ; 0.136  ; 0.000         ;
; top:comb_3|switch_debouncer:deb|divisor_frequencia:div_inst|dividir_5:div2|d_flipflop:b1|flipflop_inst ; 0.148  ; 0.000         ;
; top:comb_3|switch_debouncer:deb|d_flipflop:stable|flipflop_inst                                        ; 0.153  ; 0.000         ;
; top:comb_3|switch_debouncer:deb|divisor_frequencia:div_inst|dividir_5:div3|d_flipflop:b0|flipflop_inst ; 0.158  ; 0.000         ;
; top:comb_3|switch_debouncer:deb|divisor_frequencia:div_inst|dividir_5:div1|d_flipflop:b0|flipflop_inst ; 0.159  ; 0.000         ;
; top:comb_3|switch_debouncer:deb|divisor_frequencia:div_inst|d_flipflop:div8|flipflop_inst              ; 0.165  ; 0.000         ;
; top:comb_3|switch_debouncer:deb|divisor_frequencia:div_inst|d_flipflop:div7|flipflop_inst              ; 0.171  ; 0.000         ;
; top:comb_3|switch_debouncer:deb|divisor_frequencia:div_inst|dividir_5:div2|d_flipflop:b0|flipflop_inst ; 0.173  ; 0.000         ;
; top:comb_3|switch_debouncer:deb|divisor_frequencia:div_inst|dividir_5:div4|d_flipflop:b1|flipflop_inst ; 0.174  ; 0.000         ;
; top:comb_3|switch_debouncer:deb|divisor_frequencia:div_inst|dividir_5:div1|d_flipflop:b1|flipflop_inst ; 0.181  ; 0.000         ;
; top:comb_3|switch_debouncer:deb|divisor_frequencia:div_inst|dividir_5:div4|d_flipflop:b0|flipflop_inst ; 0.184  ; 0.000         ;
; top:comb_3|switch_debouncer:deb|divisor_frequencia:div_inst|dividir_5:div2|d_flipflop:b2|flipflop_inst ; 0.191  ; 0.000         ;
; top:comb_3|switch_debouncer:deb|divisor_frequencia:div_inst|dividir_5:div6|d_flipflop:b1|flipflop_inst ; 0.191  ; 0.000         ;
; top:comb_3|switch_debouncer:deb|divisor_frequencia:div_inst|dividir_5:div3|d_flipflop:b2|flipflop_inst ; 0.196  ; 0.000         ;
; top:comb_3|switch_debouncer:deb|divisor_frequencia:div_inst|dividir_5:div4|d_flipflop:b2|flipflop_inst ; 0.206  ; 0.000         ;
; dividir_5:div_clk|d_flipflop:b1|flipflop_inst                                                          ; 0.215  ; 0.000         ;
; top:comb_3|switch_debouncer:deb|divisor_frequencia:div_inst|dividir_5:div1|d_flipflop:b2|flipflop_inst ; 0.219  ; 0.000         ;
; top:comb_3|switch_debouncer:deb|divisor_frequencia:div_inst|dividir_5:div3|d_flipflop:b1|flipflop_inst ; 0.225  ; 0.000         ;
; dividir_5:div_clk|d_flipflop:b0|flipflop_inst                                                          ; 0.230  ; 0.000         ;
; dividir_5:div_clk|d_flipflop:b2|flipflop_inst                                                          ; 0.351  ; 0.000         ;
+--------------------------------------------------------------------------------------------------------+--------+---------------+


+---------------------------------------------------------------------------------------------------------------------------------+
; Fast 1200mV 0C Model Recovery Summary                                                                                           ;
+--------------------------------------------------------------------------------------------------------+--------+---------------+
; Clock                                                                                                  ; Slack  ; End Point TNS ;
+--------------------------------------------------------------------------------------------------------+--------+---------------+
; multiplicador_alternativo:multiplicador|contador_mod255:ctr|d_flipflop:dff2|flipflop_inst              ; -4.541 ; -25.397       ;
; multiplicador_alternativo:multiplicador|contador_mod255:ctr|d_flipflop:dff3|flipflop_inst              ; -2.378 ; -21.117       ;
; multiplicador_alternativo:multiplicador|contador_mod255:ctr|d_flipflop:dff1|flipflop_inst              ; -2.374 ; -21.367       ;
; multiplicador_alternativo:multiplicador|contador_mod255:ctr|d_flipflop:dff0|flipflop_inst              ; -2.347 ; -19.195       ;
; multiplicador_alternativo:multiplicador|contador_mod255:ctr|d_flipflop:dff4|flipflop_inst              ; -2.168 ; -19.474       ;
; multiplicador_alternativo:multiplicador|contador_mod255:ctr|d_flipflop:dff5|flipflop_inst              ; -2.081 ; -18.477       ;
; multiplicador_alternativo:multiplicador|contador_mod255:ctr|d_flipflop:dff6|flipflop_inst              ; -1.982 ; -17.836       ;
; dividir_5:div_clk|d_flipflop:b1|flipflop_inst                                                          ; -1.573 ; -1.573        ;
; clk                                                                                                    ; -1.152 ; -11.304       ;
; dividir_5:div_clk|d_flipflop:b0|flipflop_inst                                                          ; -0.701 ; -0.701        ;
; top:comb_3|switch_debouncer:deb|divisor_frequencia:div_inst|dividir_5:div1|d_flipflop:b1|flipflop_inst ; -0.292 ; -0.292        ;
; top:comb_3|switch_debouncer:deb|divisor_frequencia:div_inst|dividir_5:div1|d_flipflop:b0|flipflop_inst ; -0.258 ; -0.258        ;
; top:comb_3|switch_debouncer:deb|divisor_frequencia:div_inst|dividir_5:div4|d_flipflop:b0|flipflop_inst ; -0.078 ; -0.078        ;
; top:comb_3|switch_debouncer:deb|divisor_frequencia:div_inst|dividir_5:div2|d_flipflop:b2|flipflop_inst ; -0.052 ; -0.052        ;
; top:comb_3|switch_debouncer:deb|divisor_frequencia:div_inst|dividir_5:div1|d_flipflop:b2|flipflop_inst ; -0.042 ; -0.042        ;
; top:comb_3|switch_debouncer:deb|divisor_frequencia:div_inst|dividir_5:div3|d_flipflop:b2|flipflop_inst ; -0.028 ; -0.028        ;
; top:comb_3|switch_debouncer:deb|divisor_frequencia:div_inst|dividir_5:div2|d_flipflop:b0|flipflop_inst ; -0.026 ; -0.026        ;
; top:comb_3|switch_debouncer:deb|divisor_frequencia:div_inst|dividir_5:div4|d_flipflop:b2|flipflop_inst ; 0.012  ; 0.000         ;
; top:comb_3|switch_debouncer:deb|divisor_frequencia:div_inst|dividir_5:div3|d_flipflop:b1|flipflop_inst ; 0.095  ; 0.000         ;
; top:comb_3|switch_debouncer:deb|divisor_frequencia:div_inst|dividir_5:div4|d_flipflop:b1|flipflop_inst ; 0.096  ; 0.000         ;
; top:comb_3|switch_debouncer:deb|divisor_frequencia:div_inst|dividir_5:div6|d_flipflop:b1|flipflop_inst ; 0.137  ; 0.000         ;
; top:comb_3|switch_debouncer:deb|divisor_frequencia:div_inst|dividir_5:div6|d_flipflop:b0|flipflop_inst ; 0.191  ; 0.000         ;
; top:comb_3|switch_debouncer:deb|divisor_frequencia:div_inst|dividir_5:div3|d_flipflop:b0|flipflop_inst ; 0.193  ; 0.000         ;
; top:comb_3|switch_debouncer:deb|divisor_frequencia:div_inst|dividir_5:div2|d_flipflop:b1|flipflop_inst ; 0.237  ; 0.000         ;
+--------------------------------------------------------------------------------------------------------+--------+---------------+


+--------------------------------------------------------------------------------------------------------------------------------+
; Fast 1200mV 0C Model Removal Summary                                                                                           ;
+--------------------------------------------------------------------------------------------------------+-------+---------------+
; Clock                                                                                                  ; Slack ; End Point TNS ;
+--------------------------------------------------------------------------------------------------------+-------+---------------+
; top:comb_3|switch_debouncer:deb|divisor_frequencia:div_inst|dividir_5:div2|d_flipflop:b1|flipflop_inst ; 0.176 ; 0.000         ;
; top:comb_3|switch_debouncer:deb|divisor_frequencia:div_inst|dividir_5:div3|d_flipflop:b0|flipflop_inst ; 0.227 ; 0.000         ;
; top:comb_3|switch_debouncer:deb|divisor_frequencia:div_inst|dividir_5:div6|d_flipflop:b0|flipflop_inst ; 0.229 ; 0.000         ;
; top:comb_3|switch_debouncer:deb|divisor_frequencia:div_inst|dividir_5:div3|d_flipflop:b2|flipflop_inst ; 0.233 ; 0.000         ;
; top:comb_3|switch_debouncer:deb|divisor_frequencia:div_inst|dividir_5:div4|d_flipflop:b2|flipflop_inst ; 0.252 ; 0.000         ;
; top:comb_3|switch_debouncer:deb|divisor_frequencia:div_inst|dividir_5:div1|d_flipflop:b2|flipflop_inst ; 0.279 ; 0.000         ;
; top:comb_3|switch_debouncer:deb|divisor_frequencia:div_inst|dividir_5:div6|d_flipflop:b1|flipflop_inst ; 0.286 ; 0.000         ;
; top:comb_3|switch_debouncer:deb|divisor_frequencia:div_inst|dividir_5:div2|d_flipflop:b2|flipflop_inst ; 0.301 ; 0.000         ;
; top:comb_3|switch_debouncer:deb|divisor_frequencia:div_inst|dividir_5:div4|d_flipflop:b1|flipflop_inst ; 0.301 ; 0.000         ;
; top:comb_3|switch_debouncer:deb|divisor_frequencia:div_inst|dividir_5:div3|d_flipflop:b1|flipflop_inst ; 0.332 ; 0.000         ;
; top:comb_3|switch_debouncer:deb|divisor_frequencia:div_inst|dividir_5:div2|d_flipflop:b0|flipflop_inst ; 0.465 ; 0.000         ;
; top:comb_3|switch_debouncer:deb|divisor_frequencia:div_inst|dividir_5:div4|d_flipflop:b0|flipflop_inst ; 0.501 ; 0.000         ;
; clk                                                                                                    ; 0.565 ; 0.000         ;
; top:comb_3|switch_debouncer:deb|divisor_frequencia:div_inst|dividir_5:div1|d_flipflop:b0|flipflop_inst ; 0.703 ; 0.000         ;
; top:comb_3|switch_debouncer:deb|divisor_frequencia:div_inst|dividir_5:div1|d_flipflop:b1|flipflop_inst ; 0.738 ; 0.000         ;
; multiplicador_alternativo:multiplicador|contador_mod255:ctr|d_flipflop:dff3|flipflop_inst              ; 0.980 ; 0.000         ;
; multiplicador_alternativo:multiplicador|contador_mod255:ctr|d_flipflop:dff5|flipflop_inst              ; 1.003 ; 0.000         ;
; multiplicador_alternativo:multiplicador|contador_mod255:ctr|d_flipflop:dff0|flipflop_inst              ; 1.147 ; 0.000         ;
; dividir_5:div_clk|d_flipflop:b0|flipflop_inst                                                          ; 1.175 ; 0.000         ;
; multiplicador_alternativo:multiplicador|contador_mod255:ctr|d_flipflop:dff4|flipflop_inst              ; 1.238 ; 0.000         ;
; multiplicador_alternativo:multiplicador|contador_mod255:ctr|d_flipflop:dff1|flipflop_inst              ; 1.260 ; 0.000         ;
; multiplicador_alternativo:multiplicador|contador_mod255:ctr|d_flipflop:dff6|flipflop_inst              ; 1.264 ; 0.000         ;
; dividir_5:div_clk|d_flipflop:b1|flipflop_inst                                                          ; 2.149 ; 0.000         ;
; multiplicador_alternativo:multiplicador|contador_mod255:ctr|d_flipflop:dff2|flipflop_inst              ; 2.383 ; 0.000         ;
+--------------------------------------------------------------------------------------------------------+-------+---------------+


+---------------------------------------------------------------------------------------------------------------------------------+
; Fast 1200mV 0C Model Minimum Pulse Width Summary                                                                                ;
+--------------------------------------------------------------------------------------------------------+--------+---------------+
; Clock                                                                                                  ; Slack  ; End Point TNS ;
+--------------------------------------------------------------------------------------------------------+--------+---------------+
; clk                                                                                                    ; -3.000 ; -18.360       ;
; top:comb_3|switch_debouncer:deb|d_flipflop:stable|flipflop_inst                                        ; -1.000 ; -27.000       ;
; multiplicador_alternativo:multiplicador|contador_mod255:ctr|d_flipflop:dff1|flipflop_inst              ; -1.000 ; -10.000       ;
; multiplicador_alternativo:multiplicador|contador_mod255:ctr|d_flipflop:dff2|flipflop_inst              ; -1.000 ; -10.000       ;
; multiplicador_alternativo:multiplicador|contador_mod255:ctr|d_flipflop:dff3|flipflop_inst              ; -1.000 ; -10.000       ;
; multiplicador_alternativo:multiplicador|contador_mod255:ctr|d_flipflop:dff4|flipflop_inst              ; -1.000 ; -10.000       ;
; multiplicador_alternativo:multiplicador|contador_mod255:ctr|d_flipflop:dff5|flipflop_inst              ; -1.000 ; -10.000       ;
; multiplicador_alternativo:multiplicador|contador_mod255:ctr|d_flipflop:dff6|flipflop_inst              ; -1.000 ; -10.000       ;
; multiplicador_alternativo:multiplicador|contador_mod255:ctr|d_flipflop:dff0|flipflop_inst              ; -1.000 ; -9.000        ;
; top:comb_3|switch_debouncer:deb|divisor_frequencia:div_inst|d_flipflop:div8|flipflop_inst              ; -1.000 ; -2.000        ;
; dividir_5:div_clk|d_flipflop:b0|flipflop_inst                                                          ; -1.000 ; -1.000        ;
; dividir_5:div_clk|d_flipflop:b1|flipflop_inst                                                          ; -1.000 ; -1.000        ;
; dividir_5:div_clk|d_flipflop:b2|flipflop_inst                                                          ; -1.000 ; -1.000        ;
; top:comb_3|switch_debouncer:deb|divisor_frequencia:div_inst|d_flipflop:div7|flipflop_inst              ; -1.000 ; -1.000        ;
; top:comb_3|switch_debouncer:deb|divisor_frequencia:div_inst|dividir_5:div1|d_flipflop:b0|flipflop_inst ; -1.000 ; -1.000        ;
; top:comb_3|switch_debouncer:deb|divisor_frequencia:div_inst|dividir_5:div1|d_flipflop:b1|flipflop_inst ; -1.000 ; -1.000        ;
; top:comb_3|switch_debouncer:deb|divisor_frequencia:div_inst|dividir_5:div1|d_flipflop:b2|flipflop_inst ; -1.000 ; -1.000        ;
; top:comb_3|switch_debouncer:deb|divisor_frequencia:div_inst|dividir_5:div2|d_flipflop:b0|flipflop_inst ; -1.000 ; -1.000        ;
; top:comb_3|switch_debouncer:deb|divisor_frequencia:div_inst|dividir_5:div2|d_flipflop:b1|flipflop_inst ; -1.000 ; -1.000        ;
; top:comb_3|switch_debouncer:deb|divisor_frequencia:div_inst|dividir_5:div2|d_flipflop:b2|flipflop_inst ; -1.000 ; -1.000        ;
; top:comb_3|switch_debouncer:deb|divisor_frequencia:div_inst|dividir_5:div3|d_flipflop:b0|flipflop_inst ; -1.000 ; -1.000        ;
; top:comb_3|switch_debouncer:deb|divisor_frequencia:div_inst|dividir_5:div3|d_flipflop:b1|flipflop_inst ; -1.000 ; -1.000        ;
; top:comb_3|switch_debouncer:deb|divisor_frequencia:div_inst|dividir_5:div3|d_flipflop:b2|flipflop_inst ; -1.000 ; -1.000        ;
; top:comb_3|switch_debouncer:deb|divisor_frequencia:div_inst|dividir_5:div4|d_flipflop:b0|flipflop_inst ; -1.000 ; -1.000        ;
; top:comb_3|switch_debouncer:deb|divisor_frequencia:div_inst|dividir_5:div4|d_flipflop:b1|flipflop_inst ; -1.000 ; -1.000        ;
; top:comb_3|switch_debouncer:deb|divisor_frequencia:div_inst|dividir_5:div4|d_flipflop:b2|flipflop_inst ; -1.000 ; -1.000        ;
; top:comb_3|switch_debouncer:deb|divisor_frequencia:div_inst|dividir_5:div6|d_flipflop:b0|flipflop_inst ; -1.000 ; -1.000        ;
; top:comb_3|switch_debouncer:deb|divisor_frequencia:div_inst|dividir_5:div6|d_flipflop:b1|flipflop_inst ; -1.000 ; -1.000        ;
; top:comb_3|switch_debouncer:deb|divisor_frequencia:div_inst|dividir_5:div6|d_flipflop:b2|flipflop_inst ; -1.000 ; -1.000        ;
+--------------------------------------------------------------------------------------------------------+--------+---------------+


----------------------------------------------
; Fast 1200mV 0C Model Metastability Summary ;
----------------------------------------------
Design MTBF is not calculated because the design doesn't meet its timing requirements.



+-------------------------------------------------------------------------------------------------------------------------------------------------------------------------+
; Multicorner Timing Analysis Summary                                                                                                                                     ;
+---------------------------------------------------------------------------------------------------------+----------+---------+----------+---------+---------------------+
; Clock                                                                                                   ; Setup    ; Hold    ; Recovery ; Removal ; Minimum Pulse Width ;
+---------------------------------------------------------------------------------------------------------+----------+---------+----------+---------+---------------------+
; Worst-case Slack                                                                                        ; -23.206  ; -2.968  ; -9.502   ; 0.176   ; -3.000              ;
;  clk                                                                                                    ; -5.322   ; -2.968  ; -2.505   ; 0.565   ; -3.000              ;
;  dividir_5:div_clk|d_flipflop:b0|flipflop_inst                                                          ; -0.539   ; 0.230   ; -2.318   ; 1.175   ; -1.403              ;
;  dividir_5:div_clk|d_flipflop:b1|flipflop_inst                                                          ; -0.347   ; 0.215   ; -4.244   ; 2.149   ; -1.403              ;
;  dividir_5:div_clk|d_flipflop:b2|flipflop_inst                                                          ; -23.206  ; 0.351   ; N/A      ; N/A     ; -1.403              ;
;  multiplicador_alternativo:multiplicador|contador_mod255:ctr|d_flipflop:dff0|flipflop_inst              ; -8.618   ; 0.105   ; -5.448   ; 1.147   ; -1.403              ;
;  multiplicador_alternativo:multiplicador|contador_mod255:ctr|d_flipflop:dff1|flipflop_inst              ; -8.505   ; 0.030   ; -5.394   ; 1.260   ; -1.403              ;
;  multiplicador_alternativo:multiplicador|contador_mod255:ctr|d_flipflop:dff2|flipflop_inst              ; -8.522   ; 0.032   ; -9.502   ; 2.383   ; -1.403              ;
;  multiplicador_alternativo:multiplicador|contador_mod255:ctr|d_flipflop:dff3|flipflop_inst              ; -8.500   ; 0.034   ; -5.389   ; 0.980   ; -1.403              ;
;  multiplicador_alternativo:multiplicador|contador_mod255:ctr|d_flipflop:dff4|flipflop_inst              ; -8.052   ; -0.397  ; -4.941   ; 1.238   ; -1.403              ;
;  multiplicador_alternativo:multiplicador|contador_mod255:ctr|d_flipflop:dff5|flipflop_inst              ; -7.815   ; -0.644  ; -4.704   ; 1.003   ; -1.403              ;
;  multiplicador_alternativo:multiplicador|contador_mod255:ctr|d_flipflop:dff6|flipflop_inst              ; -7.566   ; -0.902  ; -4.455   ; 1.264   ; -1.403              ;
;  top:comb_3|switch_debouncer:deb|d_flipflop:stable|flipflop_inst                                        ; -2.409   ; 0.153   ; N/A      ; N/A     ; -1.403              ;
;  top:comb_3|switch_debouncer:deb|divisor_frequencia:div_inst|d_flipflop:div7|flipflop_inst              ; -0.525   ; 0.171   ; N/A      ; N/A     ; -1.403              ;
;  top:comb_3|switch_debouncer:deb|divisor_frequencia:div_inst|d_flipflop:div8|flipflop_inst              ; 0.174    ; 0.165   ; N/A      ; N/A     ; -1.403              ;
;  top:comb_3|switch_debouncer:deb|divisor_frequencia:div_inst|dividir_5:div1|d_flipflop:b0|flipflop_inst ; -0.354   ; 0.159   ; -1.378   ; 0.703   ; -1.403              ;
;  top:comb_3|switch_debouncer:deb|divisor_frequencia:div_inst|dividir_5:div1|d_flipflop:b1|flipflop_inst ; -0.505   ; 0.181   ; -1.448   ; 0.738   ; -1.403              ;
;  top:comb_3|switch_debouncer:deb|divisor_frequencia:div_inst|dividir_5:div1|d_flipflop:b2|flipflop_inst ; -0.490   ; 0.219   ; -0.632   ; 0.279   ; -1.403              ;
;  top:comb_3|switch_debouncer:deb|divisor_frequencia:div_inst|dividir_5:div2|d_flipflop:b0|flipflop_inst ; -0.505   ; 0.173   ; -0.890   ; 0.465   ; -1.403              ;
;  top:comb_3|switch_debouncer:deb|divisor_frequencia:div_inst|dividir_5:div2|d_flipflop:b1|flipflop_inst ; -0.360   ; 0.148   ; -0.290   ; 0.176   ; -1.403              ;
;  top:comb_3|switch_debouncer:deb|divisor_frequencia:div_inst|dividir_5:div2|d_flipflop:b2|flipflop_inst ; -0.441   ; 0.191   ; -0.717   ; 0.301   ; -1.403              ;
;  top:comb_3|switch_debouncer:deb|divisor_frequencia:div_inst|dividir_5:div3|d_flipflop:b0|flipflop_inst ; -0.408   ; 0.158   ; -0.368   ; 0.227   ; -1.403              ;
;  top:comb_3|switch_debouncer:deb|divisor_frequencia:div_inst|dividir_5:div3|d_flipflop:b1|flipflop_inst ; -0.523   ; 0.225   ; -0.622   ; 0.332   ; -1.403              ;
;  top:comb_3|switch_debouncer:deb|divisor_frequencia:div_inst|dividir_5:div3|d_flipflop:b2|flipflop_inst ; -0.588   ; 0.196   ; -0.650   ; 0.233   ; -1.403              ;
;  top:comb_3|switch_debouncer:deb|divisor_frequencia:div_inst|dividir_5:div4|d_flipflop:b0|flipflop_inst ; -0.524   ; 0.184   ; -1.019   ; 0.501   ; -1.403              ;
;  top:comb_3|switch_debouncer:deb|divisor_frequencia:div_inst|dividir_5:div4|d_flipflop:b1|flipflop_inst ; -0.456   ; 0.174   ; -0.588   ; 0.301   ; -1.403              ;
;  top:comb_3|switch_debouncer:deb|divisor_frequencia:div_inst|dividir_5:div4|d_flipflop:b2|flipflop_inst ; -0.585   ; 0.206   ; -0.598   ; 0.252   ; -1.403              ;
;  top:comb_3|switch_debouncer:deb|divisor_frequencia:div_inst|dividir_5:div6|d_flipflop:b0|flipflop_inst ; -0.392   ; 0.124   ; -0.329   ; 0.229   ; -1.403              ;
;  top:comb_3|switch_debouncer:deb|divisor_frequencia:div_inst|dividir_5:div6|d_flipflop:b1|flipflop_inst ; -0.540   ; 0.191   ; -0.448   ; 0.286   ; -1.403              ;
;  top:comb_3|switch_debouncer:deb|divisor_frequencia:div_inst|dividir_5:div6|d_flipflop:b2|flipflop_inst ; -0.404   ; 0.136   ; N/A      ; N/A     ; -1.403              ;
; Design-wide TNS                                                                                         ; -505.599 ; -29.466 ; -374.806 ; 0.0     ; -182.584            ;
;  clk                                                                                                    ; -37.997  ; -17.808 ; -25.968  ; 0.000   ; -18.433             ;
;  dividir_5:div_clk|d_flipflop:b0|flipflop_inst                                                          ; -0.539   ; 0.000   ; -2.318   ; 0.000   ; -1.403              ;
;  dividir_5:div_clk|d_flipflop:b1|flipflop_inst                                                          ; -0.347   ; 0.000   ; -4.244   ; 0.000   ; -1.403              ;
;  dividir_5:div_clk|d_flipflop:b2|flipflop_inst                                                          ; -23.206  ; 0.000   ; N/A      ; N/A     ; -1.403              ;
;  multiplicador_alternativo:multiplicador|contador_mod255:ctr|d_flipflop:dff0|flipflop_inst              ; -59.955  ; 0.000   ; -45.155  ; 0.000   ; -12.627             ;
;  multiplicador_alternativo:multiplicador|contador_mod255:ctr|d_flipflop:dff1|flipflop_inst              ; -63.545  ; 0.000   ; -49.865  ; 0.000   ; -14.030             ;
;  multiplicador_alternativo:multiplicador|contador_mod255:ctr|d_flipflop:dff2|flipflop_inst              ; -63.868  ; 0.000   ; -57.729  ; 0.000   ; -14.030             ;
;  multiplicador_alternativo:multiplicador|contador_mod255:ctr|d_flipflop:dff3|flipflop_inst              ; -63.392  ; 0.000   ; -49.252  ; 0.000   ; -14.030             ;
;  multiplicador_alternativo:multiplicador|contador_mod255:ctr|d_flipflop:dff4|flipflop_inst              ; -59.570  ; -2.382  ; -45.715  ; 0.000   ; -14.030             ;
;  multiplicador_alternativo:multiplicador|contador_mod255:ctr|d_flipflop:dff5|flipflop_inst              ; -57.266  ; -3.864  ; -43.163  ; 0.000   ; -14.030             ;
;  multiplicador_alternativo:multiplicador|contador_mod255:ctr|d_flipflop:dff6|flipflop_inst              ; -54.665  ; -5.412  ; -41.420  ; 0.000   ; -14.030             ;
;  top:comb_3|switch_debouncer:deb|d_flipflop:stable|flipflop_inst                                        ; -13.649  ; 0.000   ; N/A      ; N/A     ; -37.881             ;
;  top:comb_3|switch_debouncer:deb|divisor_frequencia:div_inst|d_flipflop:div7|flipflop_inst              ; -0.525   ; 0.000   ; N/A      ; N/A     ; -1.403              ;
;  top:comb_3|switch_debouncer:deb|divisor_frequencia:div_inst|d_flipflop:div8|flipflop_inst              ; 0.000    ; 0.000   ; N/A      ; N/A     ; -2.806              ;
;  top:comb_3|switch_debouncer:deb|divisor_frequencia:div_inst|dividir_5:div1|d_flipflop:b0|flipflop_inst ; -0.354   ; 0.000   ; -1.378   ; 0.000   ; -1.403              ;
;  top:comb_3|switch_debouncer:deb|divisor_frequencia:div_inst|dividir_5:div1|d_flipflop:b1|flipflop_inst ; -0.505   ; 0.000   ; -1.448   ; 0.000   ; -1.403              ;
;  top:comb_3|switch_debouncer:deb|divisor_frequencia:div_inst|dividir_5:div1|d_flipflop:b2|flipflop_inst ; -0.490   ; 0.000   ; -0.632   ; 0.000   ; -1.403              ;
;  top:comb_3|switch_debouncer:deb|divisor_frequencia:div_inst|dividir_5:div2|d_flipflop:b0|flipflop_inst ; -0.505   ; 0.000   ; -0.890   ; 0.000   ; -1.403              ;
;  top:comb_3|switch_debouncer:deb|divisor_frequencia:div_inst|dividir_5:div2|d_flipflop:b1|flipflop_inst ; -0.360   ; 0.000   ; -0.290   ; 0.000   ; -1.403              ;
;  top:comb_3|switch_debouncer:deb|divisor_frequencia:div_inst|dividir_5:div2|d_flipflop:b2|flipflop_inst ; -0.441   ; 0.000   ; -0.717   ; 0.000   ; -1.403              ;
;  top:comb_3|switch_debouncer:deb|divisor_frequencia:div_inst|dividir_5:div3|d_flipflop:b0|flipflop_inst ; -0.408   ; 0.000   ; -0.368   ; 0.000   ; -1.403              ;
;  top:comb_3|switch_debouncer:deb|divisor_frequencia:div_inst|dividir_5:div3|d_flipflop:b1|flipflop_inst ; -0.523   ; 0.000   ; -0.622   ; 0.000   ; -1.403              ;
;  top:comb_3|switch_debouncer:deb|divisor_frequencia:div_inst|dividir_5:div3|d_flipflop:b2|flipflop_inst ; -0.588   ; 0.000   ; -0.650   ; 0.000   ; -1.403              ;
;  top:comb_3|switch_debouncer:deb|divisor_frequencia:div_inst|dividir_5:div4|d_flipflop:b0|flipflop_inst ; -0.524   ; 0.000   ; -1.019   ; 0.000   ; -1.403              ;
;  top:comb_3|switch_debouncer:deb|divisor_frequencia:div_inst|dividir_5:div4|d_flipflop:b1|flipflop_inst ; -0.456   ; 0.000   ; -0.588   ; 0.000   ; -1.403              ;
;  top:comb_3|switch_debouncer:deb|divisor_frequencia:div_inst|dividir_5:div4|d_flipflop:b2|flipflop_inst ; -0.585   ; 0.000   ; -0.598   ; 0.000   ; -1.403              ;
;  top:comb_3|switch_debouncer:deb|divisor_frequencia:div_inst|dividir_5:div6|d_flipflop:b0|flipflop_inst ; -0.392   ; 0.000   ; -0.329   ; 0.000   ; -1.403              ;
;  top:comb_3|switch_debouncer:deb|divisor_frequencia:div_inst|dividir_5:div6|d_flipflop:b1|flipflop_inst ; -0.540   ; 0.000   ; -0.448   ; 0.000   ; -1.403              ;
;  top:comb_3|switch_debouncer:deb|divisor_frequencia:div_inst|dividir_5:div6|d_flipflop:b2|flipflop_inst ; -0.404   ; 0.000   ; N/A      ; N/A     ; -1.403              ;
+---------------------------------------------------------------------------------------------------------+----------+---------+----------+---------+---------------------+


+-------------------------------------------------------------------------------------------------------------------------------------------------------------------------------------------------------------------------------------------------------------------------------------------------------------------------------------------------------------------------------------------------------------------------+
; Board Trace Model Assignments                                                                                                                                                                                                                                                                                                                                                                                           ;
+----------------------+--------------+-------------------+-------------------------+-------------------------+---------------+---------------------+----------------+------------------+--------+------------------+------------------------+------------------------+--------------+---------------+-----------------+-------+---------------------+--------------------+---------------+-----------------+-------------+
; Pin                  ; I/O Standard ; Near Tline Length ; Near Tline L per Length ; Near Tline C per Length ; Near Series R ; Near Differential R ; Near Pull-up R ; Near Pull-down R ; Near C ; Far Tline Length ; Far Tline L per Length ; Far Tline C per Length ; Far Series R ; Far Pull-up R ; Far Pull-down R ; Far C ; Termination Voltage ; Far Differential R ; EBD File Name ; EBD Signal Name ; EBD Far-end ;
+----------------------+--------------+-------------------+-------------------------+-------------------------+---------------+---------------------+----------------+------------------+--------+------------------+------------------------+------------------------+--------------+---------------+-----------------+-------+---------------------+--------------------+---------------+-----------------+-------------+
; d1[0]                ; 2.5 V        ; 0 in              ; 0 H/in                  ; 0 F/in                  ; short         ; -                   ; open           ; open             ; open   ; 0 in             ; 0 H/in                 ; 0 F/in                 ; short        ; open          ; open            ; open  ; 0 V                 ; -                  ; n/a           ; n/a             ; n/a         ;
; d1[1]                ; 2.5 V        ; 0 in              ; 0 H/in                  ; 0 F/in                  ; short         ; -                   ; open           ; open             ; open   ; 0 in             ; 0 H/in                 ; 0 F/in                 ; short        ; open          ; open            ; open  ; 0 V                 ; -                  ; n/a           ; n/a             ; n/a         ;
; d1[2]                ; 2.5 V        ; 0 in              ; 0 H/in                  ; 0 F/in                  ; short         ; -                   ; open           ; open             ; open   ; 0 in             ; 0 H/in                 ; 0 F/in                 ; short        ; open          ; open            ; open  ; 0 V                 ; -                  ; n/a           ; n/a             ; n/a         ;
; d1[3]                ; 2.5 V        ; 0 in              ; 0 H/in                  ; 0 F/in                  ; short         ; -                   ; open           ; open             ; open   ; 0 in             ; 0 H/in                 ; 0 F/in                 ; short        ; open          ; open            ; open  ; 0 V                 ; -                  ; n/a           ; n/a             ; n/a         ;
; d1[4]                ; 2.5 V        ; 0 in              ; 0 H/in                  ; 0 F/in                  ; short         ; -                   ; open           ; open             ; open   ; 0 in             ; 0 H/in                 ; 0 F/in                 ; short        ; open          ; open            ; open  ; 0 V                 ; -                  ; n/a           ; n/a             ; n/a         ;
; d1[5]                ; 2.5 V        ; 0 in              ; 0 H/in                  ; 0 F/in                  ; short         ; -                   ; open           ; open             ; open   ; 0 in             ; 0 H/in                 ; 0 F/in                 ; short        ; open          ; open            ; open  ; 0 V                 ; -                  ; n/a           ; n/a             ; n/a         ;
; d1[6]                ; 2.5 V        ; 0 in              ; 0 H/in                  ; 0 F/in                  ; short         ; -                   ; open           ; open             ; open   ; 0 in             ; 0 H/in                 ; 0 F/in                 ; short        ; open          ; open            ; open  ; 0 V                 ; -                  ; n/a           ; n/a             ; n/a         ;
; d2[0]                ; 2.5 V        ; 0 in              ; 0 H/in                  ; 0 F/in                  ; short         ; -                   ; open           ; open             ; open   ; 0 in             ; 0 H/in                 ; 0 F/in                 ; short        ; open          ; open            ; open  ; 0 V                 ; -                  ; n/a           ; n/a             ; n/a         ;
; d2[1]                ; 2.5 V        ; 0 in              ; 0 H/in                  ; 0 F/in                  ; short         ; -                   ; open           ; open             ; open   ; 0 in             ; 0 H/in                 ; 0 F/in                 ; short        ; open          ; open            ; open  ; 0 V                 ; -                  ; n/a           ; n/a             ; n/a         ;
; d2[2]                ; 2.5 V        ; 0 in              ; 0 H/in                  ; 0 F/in                  ; short         ; -                   ; open           ; open             ; open   ; 0 in             ; 0 H/in                 ; 0 F/in                 ; short        ; open          ; open            ; open  ; 0 V                 ; -                  ; n/a           ; n/a             ; n/a         ;
; d2[3]                ; 2.5 V        ; 0 in              ; 0 H/in                  ; 0 F/in                  ; short         ; -                   ; open           ; open             ; open   ; 0 in             ; 0 H/in                 ; 0 F/in                 ; short        ; open          ; open            ; open  ; 0 V                 ; -                  ; n/a           ; n/a             ; n/a         ;
; d2[4]                ; 2.5 V        ; 0 in              ; 0 H/in                  ; 0 F/in                  ; short         ; -                   ; open           ; open             ; open   ; 0 in             ; 0 H/in                 ; 0 F/in                 ; short        ; open          ; open            ; open  ; 0 V                 ; -                  ; n/a           ; n/a             ; n/a         ;
; d2[5]                ; 2.5 V        ; 0 in              ; 0 H/in                  ; 0 F/in                  ; short         ; -                   ; open           ; open             ; open   ; 0 in             ; 0 H/in                 ; 0 F/in                 ; short        ; open          ; open            ; open  ; 0 V                 ; -                  ; n/a           ; n/a             ; n/a         ;
; d2[6]                ; 2.5 V        ; 0 in              ; 0 H/in                  ; 0 F/in                  ; short         ; -                   ; open           ; open             ; open   ; 0 in             ; 0 H/in                 ; 0 F/in                 ; short        ; open          ; open            ; open  ; 0 V                 ; -                  ; n/a           ; n/a             ; n/a         ;
; d3[0]                ; 2.5 V        ; 0 in              ; 0 H/in                  ; 0 F/in                  ; short         ; -                   ; open           ; open             ; open   ; 0 in             ; 0 H/in                 ; 0 F/in                 ; short        ; open          ; open            ; open  ; 0 V                 ; -                  ; n/a           ; n/a             ; n/a         ;
; d3[1]                ; 2.5 V        ; 0 in              ; 0 H/in                  ; 0 F/in                  ; short         ; -                   ; open           ; open             ; open   ; 0 in             ; 0 H/in                 ; 0 F/in                 ; short        ; open          ; open            ; open  ; 0 V                 ; -                  ; n/a           ; n/a             ; n/a         ;
; d3[2]                ; 2.5 V        ; 0 in              ; 0 H/in                  ; 0 F/in                  ; short         ; -                   ; open           ; open             ; open   ; 0 in             ; 0 H/in                 ; 0 F/in                 ; short        ; open          ; open            ; open  ; 0 V                 ; -                  ; n/a           ; n/a             ; n/a         ;
; d3[3]                ; 2.5 V        ; 0 in              ; 0 H/in                  ; 0 F/in                  ; short         ; -                   ; open           ; open             ; open   ; 0 in             ; 0 H/in                 ; 0 F/in                 ; short        ; open          ; open            ; open  ; 0 V                 ; -                  ; n/a           ; n/a             ; n/a         ;
; d3[4]                ; 2.5 V        ; 0 in              ; 0 H/in                  ; 0 F/in                  ; short         ; -                   ; open           ; open             ; open   ; 0 in             ; 0 H/in                 ; 0 F/in                 ; short        ; open          ; open            ; open  ; 0 V                 ; -                  ; n/a           ; n/a             ; n/a         ;
; d3[5]                ; 2.5 V        ; 0 in              ; 0 H/in                  ; 0 F/in                  ; short         ; -                   ; open           ; open             ; open   ; 0 in             ; 0 H/in                 ; 0 F/in                 ; short        ; open          ; open            ; open  ; 0 V                 ; -                  ; n/a           ; n/a             ; n/a         ;
; d3[6]                ; 2.5 V        ; 0 in              ; 0 H/in                  ; 0 F/in                  ; short         ; -                   ; open           ; open             ; open   ; 0 in             ; 0 H/in                 ; 0 F/in                 ; short        ; open          ; open            ; open  ; 0 V                 ; -                  ; n/a           ; n/a             ; n/a         ;
; d4[0]                ; 2.5 V        ; 0 in              ; 0 H/in                  ; 0 F/in                  ; short         ; -                   ; open           ; open             ; open   ; 0 in             ; 0 H/in                 ; 0 F/in                 ; short        ; open          ; open            ; open  ; 0 V                 ; -                  ; n/a           ; n/a             ; n/a         ;
; d4[1]                ; 2.5 V        ; 0 in              ; 0 H/in                  ; 0 F/in                  ; short         ; -                   ; open           ; open             ; open   ; 0 in             ; 0 H/in                 ; 0 F/in                 ; short        ; open          ; open            ; open  ; 0 V                 ; -                  ; n/a           ; n/a             ; n/a         ;
; d4[2]                ; 2.5 V        ; 0 in              ; 0 H/in                  ; 0 F/in                  ; short         ; -                   ; open           ; open             ; open   ; 0 in             ; 0 H/in                 ; 0 F/in                 ; short        ; open          ; open            ; open  ; 0 V                 ; -                  ; n/a           ; n/a             ; n/a         ;
; d4[3]                ; 2.5 V        ; 0 in              ; 0 H/in                  ; 0 F/in                  ; short         ; -                   ; open           ; open             ; open   ; 0 in             ; 0 H/in                 ; 0 F/in                 ; short        ; open          ; open            ; open  ; 0 V                 ; -                  ; n/a           ; n/a             ; n/a         ;
; d4[4]                ; 2.5 V        ; 0 in              ; 0 H/in                  ; 0 F/in                  ; short         ; -                   ; open           ; open             ; open   ; 0 in             ; 0 H/in                 ; 0 F/in                 ; short        ; open          ; open            ; open  ; 0 V                 ; -                  ; n/a           ; n/a             ; n/a         ;
; d4[5]                ; 2.5 V        ; 0 in              ; 0 H/in                  ; 0 F/in                  ; short         ; -                   ; open           ; open             ; open   ; 0 in             ; 0 H/in                 ; 0 F/in                 ; short        ; open          ; open            ; open  ; 0 V                 ; -                  ; n/a           ; n/a             ; n/a         ;
; d4[6]                ; 2.5 V        ; 0 in              ; 0 H/in                  ; 0 F/in                  ; short         ; -                   ; open           ; open             ; open   ; 0 in             ; 0 H/in                 ; 0 F/in                 ; short        ; open          ; open            ; open  ; 0 V                 ; -                  ; n/a           ; n/a             ; n/a         ;
; FlagCarryOut         ; 2.5 V        ; 0 in              ; 0 H/in                  ; 0 F/in                  ; short         ; -                   ; open           ; open             ; open   ; 0 in             ; 0 H/in                 ; 0 F/in                 ; short        ; open          ; open            ; open  ; 0 V                 ; -                  ; n/a           ; n/a             ; n/a         ;
; FlagErro             ; 2.5 V        ; 0 in              ; 0 H/in                  ; 0 F/in                  ; short         ; -                   ; open           ; open             ; open   ; 0 in             ; 0 H/in                 ; 0 F/in                 ; short        ; open          ; open            ; open  ; 0 V                 ; -                  ; n/a           ; n/a             ; n/a         ;
; FlagZero             ; 2.5 V        ; 0 in              ; 0 H/in                  ; 0 F/in                  ; short         ; -                   ; open           ; open             ; open   ; 0 in             ; 0 H/in                 ; 0 F/in                 ; short        ; open          ; open            ; open  ; 0 V                 ; -                  ; n/a           ; n/a             ; n/a         ;
; FlagOverflow         ; 2.5 V        ; 0 in              ; 0 H/in                  ; 0 F/in                  ; short         ; -                   ; open           ; open             ; open   ; 0 in             ; 0 H/in                 ; 0 F/in                 ; short        ; open          ; open            ; open  ; 0 V                 ; -                  ; n/a           ; n/a             ; n/a         ;
; overflow_result      ; 2.5 V        ; 0 in              ; 0 H/in                  ; 0 F/in                  ; short         ; -                   ; open           ; open             ; open   ; 0 in             ; 0 H/in                 ; 0 F/in                 ; short        ; open          ; open            ; open  ; 0 V                 ; -                  ; n/a           ; n/a             ; n/a         ;
; overflow_muitos_bits ; 2.5 V        ; 0 in              ; 0 H/in                  ; 0 F/in                  ; short         ; -                   ; open           ; open             ; open   ; 0 in             ; 0 H/in                 ; 0 F/in                 ; short        ; open          ; open            ; open  ; 0 V                 ; -                  ; n/a           ; n/a             ; n/a         ;
; d6[0]                ; 2.5 V        ; 0 in              ; 0 H/in                  ; 0 F/in                  ; short         ; -                   ; open           ; open             ; open   ; 0 in             ; 0 H/in                 ; 0 F/in                 ; short        ; open          ; open            ; open  ; 0 V                 ; -                  ; n/a           ; n/a             ; n/a         ;
; d6[1]                ; 2.5 V        ; 0 in              ; 0 H/in                  ; 0 F/in                  ; short         ; -                   ; open           ; open             ; open   ; 0 in             ; 0 H/in                 ; 0 F/in                 ; short        ; open          ; open            ; open  ; 0 V                 ; -                  ; n/a           ; n/a             ; n/a         ;
; ~ALTERA_TDO~         ; 2.5 V        ; 0 in              ; 0 H/in                  ; 0 F/in                  ; short         ; -                   ; open           ; open             ; open   ; 0 in             ; 0 H/in                 ; 0 F/in                 ; short        ; open          ; open            ; open  ; 0 V                 ; -                  ; n/a           ; n/a             ; n/a         ;
+----------------------+--------------+-------------------+-------------------------+-------------------------+---------------+---------------------+----------------+------------------+--------+------------------+------------------------+------------------------+--------------+---------------+-----------------+-------+---------------------+--------------------+---------------+-----------------+-------------+


+---------------------------------------------------------------------------------+
; Input Transition Times                                                          ;
+---------------------+-----------------------+-----------------+-----------------+
; Pin                 ; I/O Standard          ; 10-90 Rise Time ; 90-10 Fall Time ;
+---------------------+-----------------------+-----------------+-----------------+
; sel_ope[0]          ; 2.5 V                 ; 2000 ps         ; 2000 ps         ;
; sel_ope[1]          ; 2.5 V                 ; 2000 ps         ; 2000 ps         ;
; A[1]                ; 2.5 V                 ; 2000 ps         ; 2000 ps         ;
; last_operation      ; 2.5 V                 ; 2000 ps         ; 2000 ps         ;
; A[0]                ; 2.5 V                 ; 2000 ps         ; 2000 ps         ;
; A[2]                ; 2.5 V                 ; 2000 ps         ; 2000 ps         ;
; A[3]                ; 2.5 V                 ; 2000 ps         ; 2000 ps         ;
; A[4]                ; 2.5 V                 ; 2000 ps         ; 2000 ps         ;
; A[5]                ; 2.5 V                 ; 2000 ps         ; 2000 ps         ;
; A[6]                ; 2.5 V                 ; 2000 ps         ; 2000 ps         ;
; A[7]                ; 2.5 V                 ; 2000 ps         ; 2000 ps         ;
; clk                 ; 2.5 V                 ; 2000 ps         ; 2000 ps         ;
; Enable              ; 2.5 V                 ; 2000 ps         ; 2000 ps         ;
; ~ALTERA_TMS~        ; 2.5 V Schmitt Trigger ; 2000 ps         ; 2000 ps         ;
; ~ALTERA_TCK~        ; 2.5 V Schmitt Trigger ; 2000 ps         ; 2000 ps         ;
; ~ALTERA_TDI~        ; 2.5 V Schmitt Trigger ; 2000 ps         ; 2000 ps         ;
; ~ALTERA_CONFIG_SEL~ ; 2.5 V                 ; 2000 ps         ; 2000 ps         ;
; ~ALTERA_nCONFIG~    ; 2.5 V Schmitt Trigger ; 2000 ps         ; 2000 ps         ;
; ~ALTERA_nSTATUS~    ; 2.5 V Schmitt Trigger ; 2000 ps         ; 2000 ps         ;
; ~ALTERA_CONF_DONE~  ; 2.5 V Schmitt Trigger ; 2000 ps         ; 2000 ps         ;
+---------------------+-----------------------+-----------------+-----------------+


+---------------------------------------------------------------------------------------------------------------------------------------------------------------------------------------------------------------------------------------------------------------------------------------------------------------------------------------------------------------------------------------------------------------------------------------------------------------------------------------------------------------------------------------------------------------------------------------------------------------------------------------------------------------------------------------------------+
; Signal Integrity Metrics (Slow 1200mv 0c Model)                                                                                                                                                                                                                                                                                                                                                                                                                                                                                                                                                                                                                                                   ;
+----------------------+--------------+---------------------+---------------------+------------------------------+------------------------------+---------------------+---------------------+--------------------------------------+--------------------------------------+-----------------------------+-----------------------------+----------------------------+----------------------------+-----------------------------+-----------------------------+--------------------+--------------------+-------------------------------------+-------------------------------------+----------------------------+----------------------------+---------------------------+---------------------------+
; Pin                  ; I/O Standard ; Board Delay on Rise ; Board Delay on Fall ; Steady State Voh at FPGA Pin ; Steady State Vol at FPGA Pin ; Voh Max at FPGA Pin ; Vol Min at FPGA Pin ; Ringback Voltage on Rise at FPGA Pin ; Ringback Voltage on Fall at FPGA Pin ; 10-90 Rise Time at FPGA Pin ; 90-10 Fall Time at FPGA Pin ; Monotonic Rise at FPGA Pin ; Monotonic Fall at FPGA Pin ; Steady State Voh at Far-end ; Steady State Vol at Far-end ; Voh Max at Far-end ; Vol Min at Far-end ; Ringback Voltage on Rise at Far-end ; Ringback Voltage on Fall at Far-end ; 10-90 Rise Time at Far-end ; 90-10 Fall Time at Far-end ; Monotonic Rise at Far-end ; Monotonic Fall at Far-end ;
+----------------------+--------------+---------------------+---------------------+------------------------------+------------------------------+---------------------+---------------------+--------------------------------------+--------------------------------------+-----------------------------+-----------------------------+----------------------------+----------------------------+-----------------------------+-----------------------------+--------------------+--------------------+-------------------------------------+-------------------------------------+----------------------------+----------------------------+---------------------------+---------------------------+
; d1[0]                ; 2.5 V        ; 0 s                 ; 0 s                 ; 2.32 V                       ; 8.25e-09 V                   ; 2.41 V              ; -0.0871 V           ; 0.291 V                              ; 0.138 V                              ; 3.15e-10 s                  ; 4.16e-10 s                  ; No                         ; Yes                        ; 2.32 V                      ; 8.25e-09 V                  ; 2.41 V             ; -0.0871 V          ; 0.291 V                             ; 0.138 V                             ; 3.15e-10 s                 ; 4.16e-10 s                 ; No                        ; Yes                       ;
; d1[1]                ; 2.5 V        ; 0 s                 ; 0 s                 ; 2.32 V                       ; 8.25e-09 V                   ; 2.41 V              ; -0.0859 V           ; 0.289 V                              ; 0.136 V                              ; 3.15e-10 s                  ; 4.16e-10 s                  ; No                         ; Yes                        ; 2.32 V                      ; 8.25e-09 V                  ; 2.41 V             ; -0.0859 V          ; 0.289 V                             ; 0.136 V                             ; 3.15e-10 s                 ; 4.16e-10 s                 ; No                        ; Yes                       ;
; d1[2]                ; 2.5 V        ; 0 s                 ; 0 s                 ; 2.32 V                       ; 8.25e-09 V                   ; 2.41 V              ; -0.0859 V           ; 0.289 V                              ; 0.136 V                              ; 3.15e-10 s                  ; 4.16e-10 s                  ; No                         ; Yes                        ; 2.32 V                      ; 8.25e-09 V                  ; 2.41 V             ; -0.0859 V          ; 0.289 V                             ; 0.136 V                             ; 3.15e-10 s                 ; 4.16e-10 s                 ; No                        ; Yes                       ;
; d1[3]                ; 2.5 V        ; 0 s                 ; 0 s                 ; 2.32 V                       ; 8.25e-09 V                   ; 2.41 V              ; -0.0871 V           ; 0.291 V                              ; 0.138 V                              ; 3.15e-10 s                  ; 4.16e-10 s                  ; No                         ; Yes                        ; 2.32 V                      ; 8.25e-09 V                  ; 2.41 V             ; -0.0871 V          ; 0.291 V                             ; 0.138 V                             ; 3.15e-10 s                 ; 4.16e-10 s                 ; No                        ; Yes                       ;
; d1[4]                ; 2.5 V        ; 0 s                 ; 0 s                 ; 2.32 V                       ; 8.25e-09 V                   ; 2.41 V              ; -0.0871 V           ; 0.291 V                              ; 0.138 V                              ; 3.15e-10 s                  ; 4.16e-10 s                  ; No                         ; Yes                        ; 2.32 V                      ; 8.25e-09 V                  ; 2.41 V             ; -0.0871 V          ; 0.291 V                             ; 0.138 V                             ; 3.15e-10 s                 ; 4.16e-10 s                 ; No                        ; Yes                       ;
; d1[5]                ; 2.5 V        ; 0 s                 ; 0 s                 ; 2.32 V                       ; 8.25e-09 V                   ; 2.41 V              ; -0.0871 V           ; 0.291 V                              ; 0.138 V                              ; 3.15e-10 s                  ; 4.16e-10 s                  ; No                         ; Yes                        ; 2.32 V                      ; 8.25e-09 V                  ; 2.41 V             ; -0.0871 V          ; 0.291 V                             ; 0.138 V                             ; 3.15e-10 s                 ; 4.16e-10 s                 ; No                        ; Yes                       ;
; d1[6]                ; 2.5 V        ; 0 s                 ; 0 s                 ; 2.32 V                       ; 8.25e-09 V                   ; 2.41 V              ; -0.0859 V           ; 0.289 V                              ; 0.136 V                              ; 3.15e-10 s                  ; 4.16e-10 s                  ; No                         ; Yes                        ; 2.32 V                      ; 8.25e-09 V                  ; 2.41 V             ; -0.0859 V          ; 0.289 V                             ; 0.136 V                             ; 3.15e-10 s                 ; 4.16e-10 s                 ; No                        ; Yes                       ;
; d2[0]                ; 2.5 V        ; 0 s                 ; 0 s                 ; 2.32 V                       ; 8.25e-09 V                   ; 2.41 V              ; -0.0871 V           ; 0.291 V                              ; 0.138 V                              ; 3.15e-10 s                  ; 4.16e-10 s                  ; No                         ; Yes                        ; 2.32 V                      ; 8.25e-09 V                  ; 2.41 V             ; -0.0871 V          ; 0.291 V                             ; 0.138 V                             ; 3.15e-10 s                 ; 4.16e-10 s                 ; No                        ; Yes                       ;
; d2[1]                ; 2.5 V        ; 0 s                 ; 0 s                 ; 2.32 V                       ; 8.25e-09 V                   ; 2.41 V              ; -0.0871 V           ; 0.291 V                              ; 0.138 V                              ; 3.15e-10 s                  ; 4.16e-10 s                  ; No                         ; Yes                        ; 2.32 V                      ; 8.25e-09 V                  ; 2.41 V             ; -0.0871 V          ; 0.291 V                             ; 0.138 V                             ; 3.15e-10 s                 ; 4.16e-10 s                 ; No                        ; Yes                       ;
; d2[2]                ; 2.5 V        ; 0 s                 ; 0 s                 ; 2.32 V                       ; 8.25e-09 V                   ; 2.41 V              ; -0.0859 V           ; 0.289 V                              ; 0.136 V                              ; 3.15e-10 s                  ; 4.16e-10 s                  ; No                         ; Yes                        ; 2.32 V                      ; 8.25e-09 V                  ; 2.41 V             ; -0.0859 V          ; 0.289 V                             ; 0.136 V                             ; 3.15e-10 s                 ; 4.16e-10 s                 ; No                        ; Yes                       ;
; d2[3]                ; 2.5 V        ; 0 s                 ; 0 s                 ; 2.32 V                       ; 8.25e-09 V                   ; 2.41 V              ; -0.0871 V           ; 0.291 V                              ; 0.138 V                              ; 3.15e-10 s                  ; 4.16e-10 s                  ; No                         ; Yes                        ; 2.32 V                      ; 8.25e-09 V                  ; 2.41 V             ; -0.0871 V          ; 0.291 V                             ; 0.138 V                             ; 3.15e-10 s                 ; 4.16e-10 s                 ; No                        ; Yes                       ;
; d2[4]                ; 2.5 V        ; 0 s                 ; 0 s                 ; 2.32 V                       ; 8.25e-09 V                   ; 2.41 V              ; -0.0859 V           ; 0.289 V                              ; 0.136 V                              ; 3.15e-10 s                  ; 4.16e-10 s                  ; No                         ; Yes                        ; 2.32 V                      ; 8.25e-09 V                  ; 2.41 V             ; -0.0859 V          ; 0.289 V                             ; 0.136 V                             ; 3.15e-10 s                 ; 4.16e-10 s                 ; No                        ; Yes                       ;
; d2[5]                ; 2.5 V        ; 0 s                 ; 0 s                 ; 2.32 V                       ; 8.25e-09 V                   ; 2.41 V              ; -0.0871 V           ; 0.291 V                              ; 0.138 V                              ; 3.15e-10 s                  ; 4.16e-10 s                  ; No                         ; Yes                        ; 2.32 V                      ; 8.25e-09 V                  ; 2.41 V             ; -0.0871 V          ; 0.291 V                             ; 0.138 V                             ; 3.15e-10 s                 ; 4.16e-10 s                 ; No                        ; Yes                       ;
; d2[6]                ; 2.5 V        ; 0 s                 ; 0 s                 ; 2.32 V                       ; 8.25e-09 V                   ; 2.41 V              ; -0.0859 V           ; 0.289 V                              ; 0.136 V                              ; 3.15e-10 s                  ; 4.16e-10 s                  ; No                         ; Yes                        ; 2.32 V                      ; 8.25e-09 V                  ; 2.41 V             ; -0.0859 V          ; 0.289 V                             ; 0.136 V                             ; 3.15e-10 s                 ; 4.16e-10 s                 ; No                        ; Yes                       ;
; d3[0]                ; 2.5 V        ; 0 s                 ; 0 s                 ; 2.32 V                       ; 8.25e-09 V                   ; 2.41 V              ; -0.0871 V           ; 0.291 V                              ; 0.138 V                              ; 3.15e-10 s                  ; 4.16e-10 s                  ; No                         ; Yes                        ; 2.32 V                      ; 8.25e-09 V                  ; 2.41 V             ; -0.0871 V          ; 0.291 V                             ; 0.138 V                             ; 3.15e-10 s                 ; 4.16e-10 s                 ; No                        ; Yes                       ;
; d3[1]                ; 2.5 V        ; 0 s                 ; 0 s                 ; 2.32 V                       ; 8.25e-09 V                   ; 2.41 V              ; -0.0871 V           ; 0.291 V                              ; 0.138 V                              ; 3.15e-10 s                  ; 4.16e-10 s                  ; No                         ; Yes                        ; 2.32 V                      ; 8.25e-09 V                  ; 2.41 V             ; -0.0871 V          ; 0.291 V                             ; 0.138 V                             ; 3.15e-10 s                 ; 4.16e-10 s                 ; No                        ; Yes                       ;
; d3[2]                ; 2.5 V        ; 0 s                 ; 0 s                 ; 2.32 V                       ; 8.25e-09 V                   ; 2.41 V              ; -0.0859 V           ; 0.289 V                              ; 0.136 V                              ; 3.15e-10 s                  ; 4.16e-10 s                  ; No                         ; Yes                        ; 2.32 V                      ; 8.25e-09 V                  ; 2.41 V             ; -0.0859 V          ; 0.289 V                             ; 0.136 V                             ; 3.15e-10 s                 ; 4.16e-10 s                 ; No                        ; Yes                       ;
; d3[3]                ; 2.5 V        ; 0 s                 ; 0 s                 ; 2.32 V                       ; 8.25e-09 V                   ; 2.41 V              ; -0.0859 V           ; 0.289 V                              ; 0.136 V                              ; 3.15e-10 s                  ; 4.16e-10 s                  ; No                         ; Yes                        ; 2.32 V                      ; 8.25e-09 V                  ; 2.41 V             ; -0.0859 V          ; 0.289 V                             ; 0.136 V                             ; 3.15e-10 s                 ; 4.16e-10 s                 ; No                        ; Yes                       ;
; d3[4]                ; 2.5 V        ; 0 s                 ; 0 s                 ; 2.32 V                       ; 8.25e-09 V                   ; 2.41 V              ; -0.0859 V           ; 0.289 V                              ; 0.136 V                              ; 3.15e-10 s                  ; 4.16e-10 s                  ; No                         ; Yes                        ; 2.32 V                      ; 8.25e-09 V                  ; 2.41 V             ; -0.0859 V          ; 0.289 V                             ; 0.136 V                             ; 3.15e-10 s                 ; 4.16e-10 s                 ; No                        ; Yes                       ;
; d3[5]                ; 2.5 V        ; 0 s                 ; 0 s                 ; 2.32 V                       ; 8.25e-09 V                   ; 2.41 V              ; -0.0859 V           ; 0.289 V                              ; 0.136 V                              ; 3.15e-10 s                  ; 4.16e-10 s                  ; No                         ; Yes                        ; 2.32 V                      ; 8.25e-09 V                  ; 2.41 V             ; -0.0859 V          ; 0.289 V                             ; 0.136 V                             ; 3.15e-10 s                 ; 4.16e-10 s                 ; No                        ; Yes                       ;
; d3[6]                ; 2.5 V        ; 0 s                 ; 0 s                 ; 2.32 V                       ; 8.25e-09 V                   ; 2.41 V              ; -0.0871 V           ; 0.291 V                              ; 0.138 V                              ; 3.15e-10 s                  ; 4.16e-10 s                  ; No                         ; Yes                        ; 2.32 V                      ; 8.25e-09 V                  ; 2.41 V             ; -0.0871 V          ; 0.291 V                             ; 0.138 V                             ; 3.15e-10 s                 ; 4.16e-10 s                 ; No                        ; Yes                       ;
; d4[0]                ; 2.5 V        ; 0 s                 ; 0 s                 ; 2.32 V                       ; 8.25e-09 V                   ; 2.41 V              ; -0.0871 V           ; 0.291 V                              ; 0.138 V                              ; 3.15e-10 s                  ; 4.16e-10 s                  ; No                         ; Yes                        ; 2.32 V                      ; 8.25e-09 V                  ; 2.41 V             ; -0.0871 V          ; 0.291 V                             ; 0.138 V                             ; 3.15e-10 s                 ; 4.16e-10 s                 ; No                        ; Yes                       ;
; d4[1]                ; 2.5 V        ; 0 s                 ; 0 s                 ; 2.32 V                       ; 8.25e-09 V                   ; 2.41 V              ; -0.0871 V           ; 0.291 V                              ; 0.138 V                              ; 3.15e-10 s                  ; 4.16e-10 s                  ; No                         ; Yes                        ; 2.32 V                      ; 8.25e-09 V                  ; 2.41 V             ; -0.0871 V          ; 0.291 V                             ; 0.138 V                             ; 3.15e-10 s                 ; 4.16e-10 s                 ; No                        ; Yes                       ;
; d4[2]                ; 2.5 V        ; 0 s                 ; 0 s                 ; 2.32 V                       ; 8.25e-09 V                   ; 2.41 V              ; -0.0859 V           ; 0.289 V                              ; 0.136 V                              ; 3.15e-10 s                  ; 4.16e-10 s                  ; No                         ; Yes                        ; 2.32 V                      ; 8.25e-09 V                  ; 2.41 V             ; -0.0859 V          ; 0.289 V                             ; 0.136 V                             ; 3.15e-10 s                 ; 4.16e-10 s                 ; No                        ; Yes                       ;
; d4[3]                ; 2.5 V        ; 0 s                 ; 0 s                 ; 2.32 V                       ; 8.25e-09 V                   ; 2.41 V              ; -0.0871 V           ; 0.291 V                              ; 0.138 V                              ; 3.15e-10 s                  ; 4.16e-10 s                  ; No                         ; Yes                        ; 2.32 V                      ; 8.25e-09 V                  ; 2.41 V             ; -0.0871 V          ; 0.291 V                             ; 0.138 V                             ; 3.15e-10 s                 ; 4.16e-10 s                 ; No                        ; Yes                       ;
; d4[4]                ; 2.5 V        ; 0 s                 ; 0 s                 ; 2.32 V                       ; 8.25e-09 V                   ; 2.41 V              ; -0.0871 V           ; 0.291 V                              ; 0.138 V                              ; 3.15e-10 s                  ; 4.16e-10 s                  ; No                         ; Yes                        ; 2.32 V                      ; 8.25e-09 V                  ; 2.41 V             ; -0.0871 V          ; 0.291 V                             ; 0.138 V                             ; 3.15e-10 s                 ; 4.16e-10 s                 ; No                        ; Yes                       ;
; d4[5]                ; 2.5 V        ; 0 s                 ; 0 s                 ; 2.32 V                       ; 8.25e-09 V                   ; 2.41 V              ; -0.0859 V           ; 0.289 V                              ; 0.136 V                              ; 3.15e-10 s                  ; 4.16e-10 s                  ; No                         ; Yes                        ; 2.32 V                      ; 8.25e-09 V                  ; 2.41 V             ; -0.0859 V          ; 0.289 V                             ; 0.136 V                             ; 3.15e-10 s                 ; 4.16e-10 s                 ; No                        ; Yes                       ;
; d4[6]                ; 2.5 V        ; 0 s                 ; 0 s                 ; 2.32 V                       ; 8.25e-09 V                   ; 2.41 V              ; -0.0859 V           ; 0.289 V                              ; 0.136 V                              ; 3.15e-10 s                  ; 4.16e-10 s                  ; No                         ; Yes                        ; 2.32 V                      ; 8.25e-09 V                  ; 2.41 V             ; -0.0859 V          ; 0.289 V                             ; 0.136 V                             ; 3.15e-10 s                 ; 4.16e-10 s                 ; No                        ; Yes                       ;
; FlagCarryOut         ; 2.5 V        ; 0 s                 ; 0 s                 ; 2.32 V                       ; 8.25e-09 V                   ; 2.41 V              ; -0.0859 V           ; 0.289 V                              ; 0.136 V                              ; 3.15e-10 s                  ; 4.16e-10 s                  ; No                         ; Yes                        ; 2.32 V                      ; 8.25e-09 V                  ; 2.41 V             ; -0.0859 V          ; 0.289 V                             ; 0.136 V                             ; 3.15e-10 s                 ; 4.16e-10 s                 ; No                        ; Yes                       ;
; FlagErro             ; 2.5 V        ; 0 s                 ; 0 s                 ; 2.32 V                       ; 8.25e-09 V                   ; 2.41 V              ; -0.0859 V           ; 0.289 V                              ; 0.136 V                              ; 3.15e-10 s                  ; 4.16e-10 s                  ; No                         ; Yes                        ; 2.32 V                      ; 8.25e-09 V                  ; 2.41 V             ; -0.0859 V          ; 0.289 V                             ; 0.136 V                             ; 3.15e-10 s                 ; 4.16e-10 s                 ; No                        ; Yes                       ;
; FlagZero             ; 2.5 V        ; 0 s                 ; 0 s                 ; 2.32 V                       ; 8.25e-09 V                   ; 2.41 V              ; -0.0871 V           ; 0.291 V                              ; 0.138 V                              ; 3.15e-10 s                  ; 4.16e-10 s                  ; No                         ; Yes                        ; 2.32 V                      ; 8.25e-09 V                  ; 2.41 V             ; -0.0871 V          ; 0.291 V                             ; 0.138 V                             ; 3.15e-10 s                 ; 4.16e-10 s                 ; No                        ; Yes                       ;
; FlagOverflow         ; 2.5 V        ; 0 s                 ; 0 s                 ; 2.32 V                       ; 8.25e-09 V                   ; 2.41 V              ; -0.0871 V           ; 0.291 V                              ; 0.138 V                              ; 3.15e-10 s                  ; 4.16e-10 s                  ; No                         ; Yes                        ; 2.32 V                      ; 8.25e-09 V                  ; 2.41 V             ; -0.0871 V          ; 0.291 V                             ; 0.138 V                             ; 3.15e-10 s                 ; 4.16e-10 s                 ; No                        ; Yes                       ;
; overflow_result      ; 2.5 V        ; 0 s                 ; 0 s                 ; 2.32 V                       ; 8.25e-09 V                   ; 2.41 V              ; -0.0859 V           ; 0.289 V                              ; 0.136 V                              ; 3.15e-10 s                  ; 4.16e-10 s                  ; No                         ; Yes                        ; 2.32 V                      ; 8.25e-09 V                  ; 2.41 V             ; -0.0859 V          ; 0.289 V                             ; 0.136 V                             ; 3.15e-10 s                 ; 4.16e-10 s                 ; No                        ; Yes                       ;
; overflow_muitos_bits ; 2.5 V        ; 0 s                 ; 0 s                 ; 2.32 V                       ; 8.25e-09 V                   ; 2.41 V              ; -0.0859 V           ; 0.289 V                              ; 0.136 V                              ; 3.15e-10 s                  ; 4.16e-10 s                  ; No                         ; Yes                        ; 2.32 V                      ; 8.25e-09 V                  ; 2.41 V             ; -0.0859 V          ; 0.289 V                             ; 0.136 V                             ; 3.15e-10 s                 ; 4.16e-10 s                 ; No                        ; Yes                       ;
; d6[0]                ; 2.5 V        ; 0 s                 ; 0 s                 ; 2.32 V                       ; 8.25e-09 V                   ; 2.41 V              ; -0.0859 V           ; 0.289 V                              ; 0.136 V                              ; 3.15e-10 s                  ; 4.16e-10 s                  ; No                         ; Yes                        ; 2.32 V                      ; 8.25e-09 V                  ; 2.41 V             ; -0.0859 V          ; 0.289 V                             ; 0.136 V                             ; 3.15e-10 s                 ; 4.16e-10 s                 ; No                        ; Yes                       ;
; d6[1]                ; 2.5 V        ; 0 s                 ; 0 s                 ; 2.32 V                       ; 8.25e-09 V                   ; 2.41 V              ; -0.0871 V           ; 0.291 V                              ; 0.138 V                              ; 3.15e-10 s                  ; 4.16e-10 s                  ; No                         ; Yes                        ; 2.32 V                      ; 8.25e-09 V                  ; 2.41 V             ; -0.0871 V          ; 0.291 V                             ; 0.138 V                             ; 3.15e-10 s                 ; 4.16e-10 s                 ; No                        ; Yes                       ;
; ~ALTERA_TDO~         ; 2.5 V        ; 0 s                 ; 0 s                 ; 2.32 V                       ; 1.39e-08 V                   ; 2.39 V              ; -0.0409 V           ; 0.21 V                               ; 0.121 V                              ; 4.7e-10 s                   ; 5.93e-10 s                  ; No                         ; Yes                        ; 2.32 V                      ; 1.39e-08 V                  ; 2.39 V             ; -0.0409 V          ; 0.21 V                              ; 0.121 V                             ; 4.7e-10 s                  ; 5.93e-10 s                 ; No                        ; Yes                       ;
+----------------------+--------------+---------------------+---------------------+------------------------------+------------------------------+---------------------+---------------------+--------------------------------------+--------------------------------------+-----------------------------+-----------------------------+----------------------------+----------------------------+-----------------------------+-----------------------------+--------------------+--------------------+-------------------------------------+-------------------------------------+----------------------------+----------------------------+---------------------------+---------------------------+


+---------------------------------------------------------------------------------------------------------------------------------------------------------------------------------------------------------------------------------------------------------------------------------------------------------------------------------------------------------------------------------------------------------------------------------------------------------------------------------------------------------------------------------------------------------------------------------------------------------------------------------------------------------------------------------------------------+
; Signal Integrity Metrics (Slow 1200mv 85c Model)                                                                                                                                                                                                                                                                                                                                                                                                                                                                                                                                                                                                                                                  ;
+----------------------+--------------+---------------------+---------------------+------------------------------+------------------------------+---------------------+---------------------+--------------------------------------+--------------------------------------+-----------------------------+-----------------------------+----------------------------+----------------------------+-----------------------------+-----------------------------+--------------------+--------------------+-------------------------------------+-------------------------------------+----------------------------+----------------------------+---------------------------+---------------------------+
; Pin                  ; I/O Standard ; Board Delay on Rise ; Board Delay on Fall ; Steady State Voh at FPGA Pin ; Steady State Vol at FPGA Pin ; Voh Max at FPGA Pin ; Vol Min at FPGA Pin ; Ringback Voltage on Rise at FPGA Pin ; Ringback Voltage on Fall at FPGA Pin ; 10-90 Rise Time at FPGA Pin ; 90-10 Fall Time at FPGA Pin ; Monotonic Rise at FPGA Pin ; Monotonic Fall at FPGA Pin ; Steady State Voh at Far-end ; Steady State Vol at Far-end ; Voh Max at Far-end ; Vol Min at Far-end ; Ringback Voltage on Rise at Far-end ; Ringback Voltage on Fall at Far-end ; 10-90 Rise Time at Far-end ; 90-10 Fall Time at Far-end ; Monotonic Rise at Far-end ; Monotonic Fall at Far-end ;
+----------------------+--------------+---------------------+---------------------+------------------------------+------------------------------+---------------------+---------------------+--------------------------------------+--------------------------------------+-----------------------------+-----------------------------+----------------------------+----------------------------+-----------------------------+-----------------------------+--------------------+--------------------+-------------------------------------+-------------------------------------+----------------------------+----------------------------+---------------------------+---------------------------+
; d1[0]                ; 2.5 V        ; 0 s                 ; 0 s                 ; 2.32 V                       ; 1.16e-06 V                   ; 2.37 V              ; -0.0508 V           ; 0.153 V                              ; 0.187 V                              ; 4.63e-10 s                  ; 4.49e-10 s                  ; Yes                        ; Yes                        ; 2.32 V                      ; 1.16e-06 V                  ; 2.37 V             ; -0.0508 V          ; 0.153 V                             ; 0.187 V                             ; 4.63e-10 s                 ; 4.49e-10 s                 ; Yes                       ; Yes                       ;
; d1[1]                ; 2.5 V        ; 0 s                 ; 0 s                 ; 2.32 V                       ; 1.16e-06 V                   ; 2.37 V              ; -0.049 V            ; 0.154 V                              ; 0.186 V                              ; 4.63e-10 s                  ; 4.5e-10 s                   ; Yes                        ; Yes                        ; 2.32 V                      ; 1.16e-06 V                  ; 2.37 V             ; -0.049 V           ; 0.154 V                             ; 0.186 V                             ; 4.63e-10 s                 ; 4.5e-10 s                  ; Yes                       ; Yes                       ;
; d1[2]                ; 2.5 V        ; 0 s                 ; 0 s                 ; 2.32 V                       ; 1.16e-06 V                   ; 2.37 V              ; -0.049 V            ; 0.154 V                              ; 0.186 V                              ; 4.63e-10 s                  ; 4.5e-10 s                   ; Yes                        ; Yes                        ; 2.32 V                      ; 1.16e-06 V                  ; 2.37 V             ; -0.049 V           ; 0.154 V                             ; 0.186 V                             ; 4.63e-10 s                 ; 4.5e-10 s                  ; Yes                       ; Yes                       ;
; d1[3]                ; 2.5 V        ; 0 s                 ; 0 s                 ; 2.32 V                       ; 1.16e-06 V                   ; 2.37 V              ; -0.0508 V           ; 0.153 V                              ; 0.187 V                              ; 4.63e-10 s                  ; 4.49e-10 s                  ; Yes                        ; Yes                        ; 2.32 V                      ; 1.16e-06 V                  ; 2.37 V             ; -0.0508 V          ; 0.153 V                             ; 0.187 V                             ; 4.63e-10 s                 ; 4.49e-10 s                 ; Yes                       ; Yes                       ;
; d1[4]                ; 2.5 V        ; 0 s                 ; 0 s                 ; 2.32 V                       ; 1.16e-06 V                   ; 2.37 V              ; -0.0508 V           ; 0.153 V                              ; 0.187 V                              ; 4.63e-10 s                  ; 4.49e-10 s                  ; Yes                        ; Yes                        ; 2.32 V                      ; 1.16e-06 V                  ; 2.37 V             ; -0.0508 V          ; 0.153 V                             ; 0.187 V                             ; 4.63e-10 s                 ; 4.49e-10 s                 ; Yes                       ; Yes                       ;
; d1[5]                ; 2.5 V        ; 0 s                 ; 0 s                 ; 2.32 V                       ; 1.16e-06 V                   ; 2.37 V              ; -0.0508 V           ; 0.153 V                              ; 0.187 V                              ; 4.63e-10 s                  ; 4.49e-10 s                  ; Yes                        ; Yes                        ; 2.32 V                      ; 1.16e-06 V                  ; 2.37 V             ; -0.0508 V          ; 0.153 V                             ; 0.187 V                             ; 4.63e-10 s                 ; 4.49e-10 s                 ; Yes                       ; Yes                       ;
; d1[6]                ; 2.5 V        ; 0 s                 ; 0 s                 ; 2.32 V                       ; 1.16e-06 V                   ; 2.37 V              ; -0.049 V            ; 0.154 V                              ; 0.186 V                              ; 4.63e-10 s                  ; 4.5e-10 s                   ; Yes                        ; Yes                        ; 2.32 V                      ; 1.16e-06 V                  ; 2.37 V             ; -0.049 V           ; 0.154 V                             ; 0.186 V                             ; 4.63e-10 s                 ; 4.5e-10 s                  ; Yes                       ; Yes                       ;
; d2[0]                ; 2.5 V        ; 0 s                 ; 0 s                 ; 2.32 V                       ; 1.16e-06 V                   ; 2.37 V              ; -0.0508 V           ; 0.153 V                              ; 0.187 V                              ; 4.63e-10 s                  ; 4.49e-10 s                  ; Yes                        ; Yes                        ; 2.32 V                      ; 1.16e-06 V                  ; 2.37 V             ; -0.0508 V          ; 0.153 V                             ; 0.187 V                             ; 4.63e-10 s                 ; 4.49e-10 s                 ; Yes                       ; Yes                       ;
; d2[1]                ; 2.5 V        ; 0 s                 ; 0 s                 ; 2.32 V                       ; 1.16e-06 V                   ; 2.37 V              ; -0.0508 V           ; 0.153 V                              ; 0.187 V                              ; 4.63e-10 s                  ; 4.49e-10 s                  ; Yes                        ; Yes                        ; 2.32 V                      ; 1.16e-06 V                  ; 2.37 V             ; -0.0508 V          ; 0.153 V                             ; 0.187 V                             ; 4.63e-10 s                 ; 4.49e-10 s                 ; Yes                       ; Yes                       ;
; d2[2]                ; 2.5 V        ; 0 s                 ; 0 s                 ; 2.32 V                       ; 1.16e-06 V                   ; 2.37 V              ; -0.049 V            ; 0.154 V                              ; 0.186 V                              ; 4.63e-10 s                  ; 4.5e-10 s                   ; Yes                        ; Yes                        ; 2.32 V                      ; 1.16e-06 V                  ; 2.37 V             ; -0.049 V           ; 0.154 V                             ; 0.186 V                             ; 4.63e-10 s                 ; 4.5e-10 s                  ; Yes                       ; Yes                       ;
; d2[3]                ; 2.5 V        ; 0 s                 ; 0 s                 ; 2.32 V                       ; 1.16e-06 V                   ; 2.37 V              ; -0.0508 V           ; 0.153 V                              ; 0.187 V                              ; 4.63e-10 s                  ; 4.49e-10 s                  ; Yes                        ; Yes                        ; 2.32 V                      ; 1.16e-06 V                  ; 2.37 V             ; -0.0508 V          ; 0.153 V                             ; 0.187 V                             ; 4.63e-10 s                 ; 4.49e-10 s                 ; Yes                       ; Yes                       ;
; d2[4]                ; 2.5 V        ; 0 s                 ; 0 s                 ; 2.32 V                       ; 1.16e-06 V                   ; 2.37 V              ; -0.049 V            ; 0.154 V                              ; 0.186 V                              ; 4.63e-10 s                  ; 4.5e-10 s                   ; Yes                        ; Yes                        ; 2.32 V                      ; 1.16e-06 V                  ; 2.37 V             ; -0.049 V           ; 0.154 V                             ; 0.186 V                             ; 4.63e-10 s                 ; 4.5e-10 s                  ; Yes                       ; Yes                       ;
; d2[5]                ; 2.5 V        ; 0 s                 ; 0 s                 ; 2.32 V                       ; 1.16e-06 V                   ; 2.37 V              ; -0.0508 V           ; 0.153 V                              ; 0.187 V                              ; 4.63e-10 s                  ; 4.49e-10 s                  ; Yes                        ; Yes                        ; 2.32 V                      ; 1.16e-06 V                  ; 2.37 V             ; -0.0508 V          ; 0.153 V                             ; 0.187 V                             ; 4.63e-10 s                 ; 4.49e-10 s                 ; Yes                       ; Yes                       ;
; d2[6]                ; 2.5 V        ; 0 s                 ; 0 s                 ; 2.32 V                       ; 1.16e-06 V                   ; 2.37 V              ; -0.049 V            ; 0.154 V                              ; 0.186 V                              ; 4.63e-10 s                  ; 4.5e-10 s                   ; Yes                        ; Yes                        ; 2.32 V                      ; 1.16e-06 V                  ; 2.37 V             ; -0.049 V           ; 0.154 V                             ; 0.186 V                             ; 4.63e-10 s                 ; 4.5e-10 s                  ; Yes                       ; Yes                       ;
; d3[0]                ; 2.5 V        ; 0 s                 ; 0 s                 ; 2.32 V                       ; 1.16e-06 V                   ; 2.37 V              ; -0.0508 V           ; 0.153 V                              ; 0.187 V                              ; 4.63e-10 s                  ; 4.49e-10 s                  ; Yes                        ; Yes                        ; 2.32 V                      ; 1.16e-06 V                  ; 2.37 V             ; -0.0508 V          ; 0.153 V                             ; 0.187 V                             ; 4.63e-10 s                 ; 4.49e-10 s                 ; Yes                       ; Yes                       ;
; d3[1]                ; 2.5 V        ; 0 s                 ; 0 s                 ; 2.32 V                       ; 1.16e-06 V                   ; 2.37 V              ; -0.0508 V           ; 0.153 V                              ; 0.187 V                              ; 4.63e-10 s                  ; 4.49e-10 s                  ; Yes                        ; Yes                        ; 2.32 V                      ; 1.16e-06 V                  ; 2.37 V             ; -0.0508 V          ; 0.153 V                             ; 0.187 V                             ; 4.63e-10 s                 ; 4.49e-10 s                 ; Yes                       ; Yes                       ;
; d3[2]                ; 2.5 V        ; 0 s                 ; 0 s                 ; 2.32 V                       ; 1.16e-06 V                   ; 2.37 V              ; -0.049 V            ; 0.154 V                              ; 0.186 V                              ; 4.63e-10 s                  ; 4.5e-10 s                   ; Yes                        ; Yes                        ; 2.32 V                      ; 1.16e-06 V                  ; 2.37 V             ; -0.049 V           ; 0.154 V                             ; 0.186 V                             ; 4.63e-10 s                 ; 4.5e-10 s                  ; Yes                       ; Yes                       ;
; d3[3]                ; 2.5 V        ; 0 s                 ; 0 s                 ; 2.32 V                       ; 1.16e-06 V                   ; 2.37 V              ; -0.049 V            ; 0.154 V                              ; 0.186 V                              ; 4.63e-10 s                  ; 4.5e-10 s                   ; Yes                        ; Yes                        ; 2.32 V                      ; 1.16e-06 V                  ; 2.37 V             ; -0.049 V           ; 0.154 V                             ; 0.186 V                             ; 4.63e-10 s                 ; 4.5e-10 s                  ; Yes                       ; Yes                       ;
; d3[4]                ; 2.5 V        ; 0 s                 ; 0 s                 ; 2.32 V                       ; 1.16e-06 V                   ; 2.37 V              ; -0.049 V            ; 0.154 V                              ; 0.186 V                              ; 4.63e-10 s                  ; 4.5e-10 s                   ; Yes                        ; Yes                        ; 2.32 V                      ; 1.16e-06 V                  ; 2.37 V             ; -0.049 V           ; 0.154 V                             ; 0.186 V                             ; 4.63e-10 s                 ; 4.5e-10 s                  ; Yes                       ; Yes                       ;
; d3[5]                ; 2.5 V        ; 0 s                 ; 0 s                 ; 2.32 V                       ; 1.16e-06 V                   ; 2.37 V              ; -0.049 V            ; 0.154 V                              ; 0.186 V                              ; 4.63e-10 s                  ; 4.5e-10 s                   ; Yes                        ; Yes                        ; 2.32 V                      ; 1.16e-06 V                  ; 2.37 V             ; -0.049 V           ; 0.154 V                             ; 0.186 V                             ; 4.63e-10 s                 ; 4.5e-10 s                  ; Yes                       ; Yes                       ;
; d3[6]                ; 2.5 V        ; 0 s                 ; 0 s                 ; 2.32 V                       ; 1.16e-06 V                   ; 2.37 V              ; -0.0508 V           ; 0.153 V                              ; 0.187 V                              ; 4.63e-10 s                  ; 4.49e-10 s                  ; Yes                        ; Yes                        ; 2.32 V                      ; 1.16e-06 V                  ; 2.37 V             ; -0.0508 V          ; 0.153 V                             ; 0.187 V                             ; 4.63e-10 s                 ; 4.49e-10 s                 ; Yes                       ; Yes                       ;
; d4[0]                ; 2.5 V        ; 0 s                 ; 0 s                 ; 2.32 V                       ; 1.16e-06 V                   ; 2.37 V              ; -0.0508 V           ; 0.153 V                              ; 0.187 V                              ; 4.63e-10 s                  ; 4.49e-10 s                  ; Yes                        ; Yes                        ; 2.32 V                      ; 1.16e-06 V                  ; 2.37 V             ; -0.0508 V          ; 0.153 V                             ; 0.187 V                             ; 4.63e-10 s                 ; 4.49e-10 s                 ; Yes                       ; Yes                       ;
; d4[1]                ; 2.5 V        ; 0 s                 ; 0 s                 ; 2.32 V                       ; 1.16e-06 V                   ; 2.37 V              ; -0.0508 V           ; 0.153 V                              ; 0.187 V                              ; 4.63e-10 s                  ; 4.49e-10 s                  ; Yes                        ; Yes                        ; 2.32 V                      ; 1.16e-06 V                  ; 2.37 V             ; -0.0508 V          ; 0.153 V                             ; 0.187 V                             ; 4.63e-10 s                 ; 4.49e-10 s                 ; Yes                       ; Yes                       ;
; d4[2]                ; 2.5 V        ; 0 s                 ; 0 s                 ; 2.32 V                       ; 1.16e-06 V                   ; 2.37 V              ; -0.049 V            ; 0.154 V                              ; 0.186 V                              ; 4.63e-10 s                  ; 4.5e-10 s                   ; Yes                        ; Yes                        ; 2.32 V                      ; 1.16e-06 V                  ; 2.37 V             ; -0.049 V           ; 0.154 V                             ; 0.186 V                             ; 4.63e-10 s                 ; 4.5e-10 s                  ; Yes                       ; Yes                       ;
; d4[3]                ; 2.5 V        ; 0 s                 ; 0 s                 ; 2.32 V                       ; 1.16e-06 V                   ; 2.37 V              ; -0.0508 V           ; 0.153 V                              ; 0.187 V                              ; 4.63e-10 s                  ; 4.49e-10 s                  ; Yes                        ; Yes                        ; 2.32 V                      ; 1.16e-06 V                  ; 2.37 V             ; -0.0508 V          ; 0.153 V                             ; 0.187 V                             ; 4.63e-10 s                 ; 4.49e-10 s                 ; Yes                       ; Yes                       ;
; d4[4]                ; 2.5 V        ; 0 s                 ; 0 s                 ; 2.32 V                       ; 1.16e-06 V                   ; 2.37 V              ; -0.0508 V           ; 0.153 V                              ; 0.187 V                              ; 4.63e-10 s                  ; 4.49e-10 s                  ; Yes                        ; Yes                        ; 2.32 V                      ; 1.16e-06 V                  ; 2.37 V             ; -0.0508 V          ; 0.153 V                             ; 0.187 V                             ; 4.63e-10 s                 ; 4.49e-10 s                 ; Yes                       ; Yes                       ;
; d4[5]                ; 2.5 V        ; 0 s                 ; 0 s                 ; 2.32 V                       ; 1.16e-06 V                   ; 2.37 V              ; -0.049 V            ; 0.154 V                              ; 0.186 V                              ; 4.63e-10 s                  ; 4.5e-10 s                   ; Yes                        ; Yes                        ; 2.32 V                      ; 1.16e-06 V                  ; 2.37 V             ; -0.049 V           ; 0.154 V                             ; 0.186 V                             ; 4.63e-10 s                 ; 4.5e-10 s                  ; Yes                       ; Yes                       ;
; d4[6]                ; 2.5 V        ; 0 s                 ; 0 s                 ; 2.32 V                       ; 1.16e-06 V                   ; 2.37 V              ; -0.049 V            ; 0.154 V                              ; 0.186 V                              ; 4.63e-10 s                  ; 4.5e-10 s                   ; Yes                        ; Yes                        ; 2.32 V                      ; 1.16e-06 V                  ; 2.37 V             ; -0.049 V           ; 0.154 V                             ; 0.186 V                             ; 4.63e-10 s                 ; 4.5e-10 s                  ; Yes                       ; Yes                       ;
; FlagCarryOut         ; 2.5 V        ; 0 s                 ; 0 s                 ; 2.32 V                       ; 1.16e-06 V                   ; 2.37 V              ; -0.049 V            ; 0.154 V                              ; 0.186 V                              ; 4.63e-10 s                  ; 4.5e-10 s                   ; Yes                        ; Yes                        ; 2.32 V                      ; 1.16e-06 V                  ; 2.37 V             ; -0.049 V           ; 0.154 V                             ; 0.186 V                             ; 4.63e-10 s                 ; 4.5e-10 s                  ; Yes                       ; Yes                       ;
; FlagErro             ; 2.5 V        ; 0 s                 ; 0 s                 ; 2.32 V                       ; 1.16e-06 V                   ; 2.37 V              ; -0.049 V            ; 0.154 V                              ; 0.186 V                              ; 4.63e-10 s                  ; 4.5e-10 s                   ; Yes                        ; Yes                        ; 2.32 V                      ; 1.16e-06 V                  ; 2.37 V             ; -0.049 V           ; 0.154 V                             ; 0.186 V                             ; 4.63e-10 s                 ; 4.5e-10 s                  ; Yes                       ; Yes                       ;
; FlagZero             ; 2.5 V        ; 0 s                 ; 0 s                 ; 2.32 V                       ; 1.16e-06 V                   ; 2.37 V              ; -0.0508 V           ; 0.153 V                              ; 0.187 V                              ; 4.63e-10 s                  ; 4.49e-10 s                  ; Yes                        ; Yes                        ; 2.32 V                      ; 1.16e-06 V                  ; 2.37 V             ; -0.0508 V          ; 0.153 V                             ; 0.187 V                             ; 4.63e-10 s                 ; 4.49e-10 s                 ; Yes                       ; Yes                       ;
; FlagOverflow         ; 2.5 V        ; 0 s                 ; 0 s                 ; 2.32 V                       ; 1.16e-06 V                   ; 2.37 V              ; -0.0508 V           ; 0.153 V                              ; 0.187 V                              ; 4.63e-10 s                  ; 4.49e-10 s                  ; Yes                        ; Yes                        ; 2.32 V                      ; 1.16e-06 V                  ; 2.37 V             ; -0.0508 V          ; 0.153 V                             ; 0.187 V                             ; 4.63e-10 s                 ; 4.49e-10 s                 ; Yes                       ; Yes                       ;
; overflow_result      ; 2.5 V        ; 0 s                 ; 0 s                 ; 2.32 V                       ; 1.16e-06 V                   ; 2.37 V              ; -0.049 V            ; 0.154 V                              ; 0.186 V                              ; 4.63e-10 s                  ; 4.5e-10 s                   ; Yes                        ; Yes                        ; 2.32 V                      ; 1.16e-06 V                  ; 2.37 V             ; -0.049 V           ; 0.154 V                             ; 0.186 V                             ; 4.63e-10 s                 ; 4.5e-10 s                  ; Yes                       ; Yes                       ;
; overflow_muitos_bits ; 2.5 V        ; 0 s                 ; 0 s                 ; 2.32 V                       ; 1.16e-06 V                   ; 2.37 V              ; -0.049 V            ; 0.154 V                              ; 0.186 V                              ; 4.63e-10 s                  ; 4.5e-10 s                   ; Yes                        ; Yes                        ; 2.32 V                      ; 1.16e-06 V                  ; 2.37 V             ; -0.049 V           ; 0.154 V                             ; 0.186 V                             ; 4.63e-10 s                 ; 4.5e-10 s                  ; Yes                       ; Yes                       ;
; d6[0]                ; 2.5 V        ; 0 s                 ; 0 s                 ; 2.32 V                       ; 1.16e-06 V                   ; 2.37 V              ; -0.049 V            ; 0.154 V                              ; 0.186 V                              ; 4.63e-10 s                  ; 4.5e-10 s                   ; Yes                        ; Yes                        ; 2.32 V                      ; 1.16e-06 V                  ; 2.37 V             ; -0.049 V           ; 0.154 V                             ; 0.186 V                             ; 4.63e-10 s                 ; 4.5e-10 s                  ; Yes                       ; Yes                       ;
; d6[1]                ; 2.5 V        ; 0 s                 ; 0 s                 ; 2.32 V                       ; 1.16e-06 V                   ; 2.37 V              ; -0.0508 V           ; 0.153 V                              ; 0.187 V                              ; 4.63e-10 s                  ; 4.49e-10 s                  ; Yes                        ; Yes                        ; 2.32 V                      ; 1.16e-06 V                  ; 2.37 V             ; -0.0508 V          ; 0.153 V                             ; 0.187 V                             ; 4.63e-10 s                 ; 4.49e-10 s                 ; Yes                       ; Yes                       ;
; ~ALTERA_TDO~         ; 2.5 V        ; 0 s                 ; 0 s                 ; 2.32 V                       ; 1.97e-06 V                   ; 2.36 V              ; -0.0173 V           ; 0.144 V                              ; 0.094 V                              ; 6.44e-10 s                  ; 7.2e-10 s                   ; No                         ; Yes                        ; 2.32 V                      ; 1.97e-06 V                  ; 2.36 V             ; -0.0173 V          ; 0.144 V                             ; 0.094 V                             ; 6.44e-10 s                 ; 7.2e-10 s                  ; No                        ; Yes                       ;
+----------------------+--------------+---------------------+---------------------+------------------------------+------------------------------+---------------------+---------------------+--------------------------------------+--------------------------------------+-----------------------------+-----------------------------+----------------------------+----------------------------+-----------------------------+-----------------------------+--------------------+--------------------+-------------------------------------+-------------------------------------+----------------------------+----------------------------+---------------------------+---------------------------+


+---------------------------------------------------------------------------------------------------------------------------------------------------------------------------------------------------------------------------------------------------------------------------------------------------------------------------------------------------------------------------------------------------------------------------------------------------------------------------------------------------------------------------------------------------------------------------------------------------------------------------------------------------------------------------------------------------+
; Signal Integrity Metrics (Fast 1200mv 0c Model)                                                                                                                                                                                                                                                                                                                                                                                                                                                                                                                                                                                                                                                   ;
+----------------------+--------------+---------------------+---------------------+------------------------------+------------------------------+---------------------+---------------------+--------------------------------------+--------------------------------------+-----------------------------+-----------------------------+----------------------------+----------------------------+-----------------------------+-----------------------------+--------------------+--------------------+-------------------------------------+-------------------------------------+----------------------------+----------------------------+---------------------------+---------------------------+
; Pin                  ; I/O Standard ; Board Delay on Rise ; Board Delay on Fall ; Steady State Voh at FPGA Pin ; Steady State Vol at FPGA Pin ; Voh Max at FPGA Pin ; Vol Min at FPGA Pin ; Ringback Voltage on Rise at FPGA Pin ; Ringback Voltage on Fall at FPGA Pin ; 10-90 Rise Time at FPGA Pin ; 90-10 Fall Time at FPGA Pin ; Monotonic Rise at FPGA Pin ; Monotonic Fall at FPGA Pin ; Steady State Voh at Far-end ; Steady State Vol at Far-end ; Voh Max at Far-end ; Vol Min at Far-end ; Ringback Voltage on Rise at Far-end ; Ringback Voltage on Fall at Far-end ; 10-90 Rise Time at Far-end ; 90-10 Fall Time at Far-end ; Monotonic Rise at Far-end ; Monotonic Fall at Far-end ;
+----------------------+--------------+---------------------+---------------------+------------------------------+------------------------------+---------------------+---------------------+--------------------------------------+--------------------------------------+-----------------------------+-----------------------------+----------------------------+----------------------------+-----------------------------+-----------------------------+--------------------+--------------------+-------------------------------------+-------------------------------------+----------------------------+----------------------------+---------------------------+---------------------------+
; d1[0]                ; 2.5 V        ; 0 s                 ; 0 s                 ; 2.62 V                       ; 9.94e-08 V                   ; 2.78 V              ; -0.0444 V           ; 0.25 V                               ; 0.107 V                              ; 2.67e-10 s                  ; 2.75e-10 s                  ; No                         ; Yes                        ; 2.62 V                      ; 9.94e-08 V                  ; 2.78 V             ; -0.0444 V          ; 0.25 V                              ; 0.107 V                             ; 2.67e-10 s                 ; 2.75e-10 s                 ; No                        ; Yes                       ;
; d1[1]                ; 2.5 V        ; 0 s                 ; 0 s                 ; 2.62 V                       ; 9.95e-08 V                   ; 2.78 V              ; -0.0452 V           ; 0.248 V                              ; 0.108 V                              ; 2.67e-10 s                  ; 2.75e-10 s                  ; No                         ; Yes                        ; 2.62 V                      ; 9.95e-08 V                  ; 2.78 V             ; -0.0452 V          ; 0.248 V                             ; 0.108 V                             ; 2.67e-10 s                 ; 2.75e-10 s                 ; No                        ; Yes                       ;
; d1[2]                ; 2.5 V        ; 0 s                 ; 0 s                 ; 2.62 V                       ; 9.95e-08 V                   ; 2.78 V              ; -0.0452 V           ; 0.248 V                              ; 0.108 V                              ; 2.67e-10 s                  ; 2.75e-10 s                  ; No                         ; Yes                        ; 2.62 V                      ; 9.95e-08 V                  ; 2.78 V             ; -0.0452 V          ; 0.248 V                             ; 0.108 V                             ; 2.67e-10 s                 ; 2.75e-10 s                 ; No                        ; Yes                       ;
; d1[3]                ; 2.5 V        ; 0 s                 ; 0 s                 ; 2.62 V                       ; 9.94e-08 V                   ; 2.78 V              ; -0.0444 V           ; 0.25 V                               ; 0.107 V                              ; 2.67e-10 s                  ; 2.75e-10 s                  ; No                         ; Yes                        ; 2.62 V                      ; 9.94e-08 V                  ; 2.78 V             ; -0.0444 V          ; 0.25 V                              ; 0.107 V                             ; 2.67e-10 s                 ; 2.75e-10 s                 ; No                        ; Yes                       ;
; d1[4]                ; 2.5 V        ; 0 s                 ; 0 s                 ; 2.62 V                       ; 9.94e-08 V                   ; 2.78 V              ; -0.0444 V           ; 0.25 V                               ; 0.107 V                              ; 2.67e-10 s                  ; 2.75e-10 s                  ; No                         ; Yes                        ; 2.62 V                      ; 9.94e-08 V                  ; 2.78 V             ; -0.0444 V          ; 0.25 V                              ; 0.107 V                             ; 2.67e-10 s                 ; 2.75e-10 s                 ; No                        ; Yes                       ;
; d1[5]                ; 2.5 V        ; 0 s                 ; 0 s                 ; 2.62 V                       ; 9.94e-08 V                   ; 2.78 V              ; -0.0444 V           ; 0.25 V                               ; 0.107 V                              ; 2.67e-10 s                  ; 2.75e-10 s                  ; No                         ; Yes                        ; 2.62 V                      ; 9.94e-08 V                  ; 2.78 V             ; -0.0444 V          ; 0.25 V                              ; 0.107 V                             ; 2.67e-10 s                 ; 2.75e-10 s                 ; No                        ; Yes                       ;
; d1[6]                ; 2.5 V        ; 0 s                 ; 0 s                 ; 2.62 V                       ; 9.95e-08 V                   ; 2.78 V              ; -0.0452 V           ; 0.248 V                              ; 0.108 V                              ; 2.67e-10 s                  ; 2.75e-10 s                  ; No                         ; Yes                        ; 2.62 V                      ; 9.95e-08 V                  ; 2.78 V             ; -0.0452 V          ; 0.248 V                             ; 0.108 V                             ; 2.67e-10 s                 ; 2.75e-10 s                 ; No                        ; Yes                       ;
; d2[0]                ; 2.5 V        ; 0 s                 ; 0 s                 ; 2.62 V                       ; 9.94e-08 V                   ; 2.78 V              ; -0.0444 V           ; 0.25 V                               ; 0.107 V                              ; 2.67e-10 s                  ; 2.75e-10 s                  ; No                         ; Yes                        ; 2.62 V                      ; 9.94e-08 V                  ; 2.78 V             ; -0.0444 V          ; 0.25 V                              ; 0.107 V                             ; 2.67e-10 s                 ; 2.75e-10 s                 ; No                        ; Yes                       ;
; d2[1]                ; 2.5 V        ; 0 s                 ; 0 s                 ; 2.62 V                       ; 9.94e-08 V                   ; 2.78 V              ; -0.0444 V           ; 0.25 V                               ; 0.107 V                              ; 2.67e-10 s                  ; 2.75e-10 s                  ; No                         ; Yes                        ; 2.62 V                      ; 9.94e-08 V                  ; 2.78 V             ; -0.0444 V          ; 0.25 V                              ; 0.107 V                             ; 2.67e-10 s                 ; 2.75e-10 s                 ; No                        ; Yes                       ;
; d2[2]                ; 2.5 V        ; 0 s                 ; 0 s                 ; 2.62 V                       ; 9.95e-08 V                   ; 2.78 V              ; -0.0452 V           ; 0.248 V                              ; 0.108 V                              ; 2.67e-10 s                  ; 2.75e-10 s                  ; No                         ; Yes                        ; 2.62 V                      ; 9.95e-08 V                  ; 2.78 V             ; -0.0452 V          ; 0.248 V                             ; 0.108 V                             ; 2.67e-10 s                 ; 2.75e-10 s                 ; No                        ; Yes                       ;
; d2[3]                ; 2.5 V        ; 0 s                 ; 0 s                 ; 2.62 V                       ; 9.94e-08 V                   ; 2.78 V              ; -0.0444 V           ; 0.25 V                               ; 0.107 V                              ; 2.67e-10 s                  ; 2.75e-10 s                  ; No                         ; Yes                        ; 2.62 V                      ; 9.94e-08 V                  ; 2.78 V             ; -0.0444 V          ; 0.25 V                              ; 0.107 V                             ; 2.67e-10 s                 ; 2.75e-10 s                 ; No                        ; Yes                       ;
; d2[4]                ; 2.5 V        ; 0 s                 ; 0 s                 ; 2.62 V                       ; 9.95e-08 V                   ; 2.78 V              ; -0.0452 V           ; 0.248 V                              ; 0.108 V                              ; 2.67e-10 s                  ; 2.75e-10 s                  ; No                         ; Yes                        ; 2.62 V                      ; 9.95e-08 V                  ; 2.78 V             ; -0.0452 V          ; 0.248 V                             ; 0.108 V                             ; 2.67e-10 s                 ; 2.75e-10 s                 ; No                        ; Yes                       ;
; d2[5]                ; 2.5 V        ; 0 s                 ; 0 s                 ; 2.62 V                       ; 9.94e-08 V                   ; 2.78 V              ; -0.0444 V           ; 0.25 V                               ; 0.107 V                              ; 2.67e-10 s                  ; 2.75e-10 s                  ; No                         ; Yes                        ; 2.62 V                      ; 9.94e-08 V                  ; 2.78 V             ; -0.0444 V          ; 0.25 V                              ; 0.107 V                             ; 2.67e-10 s                 ; 2.75e-10 s                 ; No                        ; Yes                       ;
; d2[6]                ; 2.5 V        ; 0 s                 ; 0 s                 ; 2.62 V                       ; 9.95e-08 V                   ; 2.78 V              ; -0.0452 V           ; 0.248 V                              ; 0.108 V                              ; 2.67e-10 s                  ; 2.75e-10 s                  ; No                         ; Yes                        ; 2.62 V                      ; 9.95e-08 V                  ; 2.78 V             ; -0.0452 V          ; 0.248 V                             ; 0.108 V                             ; 2.67e-10 s                 ; 2.75e-10 s                 ; No                        ; Yes                       ;
; d3[0]                ; 2.5 V        ; 0 s                 ; 0 s                 ; 2.62 V                       ; 9.94e-08 V                   ; 2.78 V              ; -0.0444 V           ; 0.25 V                               ; 0.107 V                              ; 2.67e-10 s                  ; 2.75e-10 s                  ; No                         ; Yes                        ; 2.62 V                      ; 9.94e-08 V                  ; 2.78 V             ; -0.0444 V          ; 0.25 V                              ; 0.107 V                             ; 2.67e-10 s                 ; 2.75e-10 s                 ; No                        ; Yes                       ;
; d3[1]                ; 2.5 V        ; 0 s                 ; 0 s                 ; 2.62 V                       ; 9.94e-08 V                   ; 2.78 V              ; -0.0444 V           ; 0.25 V                               ; 0.107 V                              ; 2.67e-10 s                  ; 2.75e-10 s                  ; No                         ; Yes                        ; 2.62 V                      ; 9.94e-08 V                  ; 2.78 V             ; -0.0444 V          ; 0.25 V                              ; 0.107 V                             ; 2.67e-10 s                 ; 2.75e-10 s                 ; No                        ; Yes                       ;
; d3[2]                ; 2.5 V        ; 0 s                 ; 0 s                 ; 2.62 V                       ; 9.95e-08 V                   ; 2.78 V              ; -0.0452 V           ; 0.248 V                              ; 0.108 V                              ; 2.67e-10 s                  ; 2.75e-10 s                  ; No                         ; Yes                        ; 2.62 V                      ; 9.95e-08 V                  ; 2.78 V             ; -0.0452 V          ; 0.248 V                             ; 0.108 V                             ; 2.67e-10 s                 ; 2.75e-10 s                 ; No                        ; Yes                       ;
; d3[3]                ; 2.5 V        ; 0 s                 ; 0 s                 ; 2.62 V                       ; 9.95e-08 V                   ; 2.78 V              ; -0.0452 V           ; 0.248 V                              ; 0.108 V                              ; 2.67e-10 s                  ; 2.75e-10 s                  ; No                         ; Yes                        ; 2.62 V                      ; 9.95e-08 V                  ; 2.78 V             ; -0.0452 V          ; 0.248 V                             ; 0.108 V                             ; 2.67e-10 s                 ; 2.75e-10 s                 ; No                        ; Yes                       ;
; d3[4]                ; 2.5 V        ; 0 s                 ; 0 s                 ; 2.62 V                       ; 9.95e-08 V                   ; 2.78 V              ; -0.0452 V           ; 0.248 V                              ; 0.108 V                              ; 2.67e-10 s                  ; 2.75e-10 s                  ; No                         ; Yes                        ; 2.62 V                      ; 9.95e-08 V                  ; 2.78 V             ; -0.0452 V          ; 0.248 V                             ; 0.108 V                             ; 2.67e-10 s                 ; 2.75e-10 s                 ; No                        ; Yes                       ;
; d3[5]                ; 2.5 V        ; 0 s                 ; 0 s                 ; 2.62 V                       ; 9.95e-08 V                   ; 2.78 V              ; -0.0452 V           ; 0.248 V                              ; 0.108 V                              ; 2.67e-10 s                  ; 2.75e-10 s                  ; No                         ; Yes                        ; 2.62 V                      ; 9.95e-08 V                  ; 2.78 V             ; -0.0452 V          ; 0.248 V                             ; 0.108 V                             ; 2.67e-10 s                 ; 2.75e-10 s                 ; No                        ; Yes                       ;
; d3[6]                ; 2.5 V        ; 0 s                 ; 0 s                 ; 2.62 V                       ; 9.94e-08 V                   ; 2.78 V              ; -0.0444 V           ; 0.25 V                               ; 0.107 V                              ; 2.67e-10 s                  ; 2.75e-10 s                  ; No                         ; Yes                        ; 2.62 V                      ; 9.94e-08 V                  ; 2.78 V             ; -0.0444 V          ; 0.25 V                              ; 0.107 V                             ; 2.67e-10 s                 ; 2.75e-10 s                 ; No                        ; Yes                       ;
; d4[0]                ; 2.5 V        ; 0 s                 ; 0 s                 ; 2.62 V                       ; 9.94e-08 V                   ; 2.78 V              ; -0.0444 V           ; 0.25 V                               ; 0.107 V                              ; 2.67e-10 s                  ; 2.75e-10 s                  ; No                         ; Yes                        ; 2.62 V                      ; 9.94e-08 V                  ; 2.78 V             ; -0.0444 V          ; 0.25 V                              ; 0.107 V                             ; 2.67e-10 s                 ; 2.75e-10 s                 ; No                        ; Yes                       ;
; d4[1]                ; 2.5 V        ; 0 s                 ; 0 s                 ; 2.62 V                       ; 9.94e-08 V                   ; 2.78 V              ; -0.0444 V           ; 0.25 V                               ; 0.107 V                              ; 2.67e-10 s                  ; 2.75e-10 s                  ; No                         ; Yes                        ; 2.62 V                      ; 9.94e-08 V                  ; 2.78 V             ; -0.0444 V          ; 0.25 V                              ; 0.107 V                             ; 2.67e-10 s                 ; 2.75e-10 s                 ; No                        ; Yes                       ;
; d4[2]                ; 2.5 V        ; 0 s                 ; 0 s                 ; 2.62 V                       ; 9.95e-08 V                   ; 2.78 V              ; -0.0452 V           ; 0.248 V                              ; 0.108 V                              ; 2.67e-10 s                  ; 2.75e-10 s                  ; No                         ; Yes                        ; 2.62 V                      ; 9.95e-08 V                  ; 2.78 V             ; -0.0452 V          ; 0.248 V                             ; 0.108 V                             ; 2.67e-10 s                 ; 2.75e-10 s                 ; No                        ; Yes                       ;
; d4[3]                ; 2.5 V        ; 0 s                 ; 0 s                 ; 2.62 V                       ; 9.94e-08 V                   ; 2.78 V              ; -0.0444 V           ; 0.25 V                               ; 0.107 V                              ; 2.67e-10 s                  ; 2.75e-10 s                  ; No                         ; Yes                        ; 2.62 V                      ; 9.94e-08 V                  ; 2.78 V             ; -0.0444 V          ; 0.25 V                              ; 0.107 V                             ; 2.67e-10 s                 ; 2.75e-10 s                 ; No                        ; Yes                       ;
; d4[4]                ; 2.5 V        ; 0 s                 ; 0 s                 ; 2.62 V                       ; 9.94e-08 V                   ; 2.78 V              ; -0.0444 V           ; 0.25 V                               ; 0.107 V                              ; 2.67e-10 s                  ; 2.75e-10 s                  ; No                         ; Yes                        ; 2.62 V                      ; 9.94e-08 V                  ; 2.78 V             ; -0.0444 V          ; 0.25 V                              ; 0.107 V                             ; 2.67e-10 s                 ; 2.75e-10 s                 ; No                        ; Yes                       ;
; d4[5]                ; 2.5 V        ; 0 s                 ; 0 s                 ; 2.62 V                       ; 9.95e-08 V                   ; 2.78 V              ; -0.0452 V           ; 0.248 V                              ; 0.108 V                              ; 2.67e-10 s                  ; 2.75e-10 s                  ; No                         ; Yes                        ; 2.62 V                      ; 9.95e-08 V                  ; 2.78 V             ; -0.0452 V          ; 0.248 V                             ; 0.108 V                             ; 2.67e-10 s                 ; 2.75e-10 s                 ; No                        ; Yes                       ;
; d4[6]                ; 2.5 V        ; 0 s                 ; 0 s                 ; 2.62 V                       ; 9.95e-08 V                   ; 2.78 V              ; -0.0452 V           ; 0.248 V                              ; 0.108 V                              ; 2.67e-10 s                  ; 2.75e-10 s                  ; No                         ; Yes                        ; 2.62 V                      ; 9.95e-08 V                  ; 2.78 V             ; -0.0452 V          ; 0.248 V                             ; 0.108 V                             ; 2.67e-10 s                 ; 2.75e-10 s                 ; No                        ; Yes                       ;
; FlagCarryOut         ; 2.5 V        ; 0 s                 ; 0 s                 ; 2.62 V                       ; 9.95e-08 V                   ; 2.78 V              ; -0.0452 V           ; 0.248 V                              ; 0.108 V                              ; 2.67e-10 s                  ; 2.75e-10 s                  ; No                         ; Yes                        ; 2.62 V                      ; 9.95e-08 V                  ; 2.78 V             ; -0.0452 V          ; 0.248 V                             ; 0.108 V                             ; 2.67e-10 s                 ; 2.75e-10 s                 ; No                        ; Yes                       ;
; FlagErro             ; 2.5 V        ; 0 s                 ; 0 s                 ; 2.62 V                       ; 9.95e-08 V                   ; 2.78 V              ; -0.0452 V           ; 0.248 V                              ; 0.108 V                              ; 2.67e-10 s                  ; 2.75e-10 s                  ; No                         ; Yes                        ; 2.62 V                      ; 9.95e-08 V                  ; 2.78 V             ; -0.0452 V          ; 0.248 V                             ; 0.108 V                             ; 2.67e-10 s                 ; 2.75e-10 s                 ; No                        ; Yes                       ;
; FlagZero             ; 2.5 V        ; 0 s                 ; 0 s                 ; 2.62 V                       ; 9.94e-08 V                   ; 2.78 V              ; -0.0444 V           ; 0.25 V                               ; 0.107 V                              ; 2.67e-10 s                  ; 2.75e-10 s                  ; No                         ; Yes                        ; 2.62 V                      ; 9.94e-08 V                  ; 2.78 V             ; -0.0444 V          ; 0.25 V                              ; 0.107 V                             ; 2.67e-10 s                 ; 2.75e-10 s                 ; No                        ; Yes                       ;
; FlagOverflow         ; 2.5 V        ; 0 s                 ; 0 s                 ; 2.62 V                       ; 9.94e-08 V                   ; 2.78 V              ; -0.0444 V           ; 0.25 V                               ; 0.107 V                              ; 2.67e-10 s                  ; 2.75e-10 s                  ; No                         ; Yes                        ; 2.62 V                      ; 9.94e-08 V                  ; 2.78 V             ; -0.0444 V          ; 0.25 V                              ; 0.107 V                             ; 2.67e-10 s                 ; 2.75e-10 s                 ; No                        ; Yes                       ;
; overflow_result      ; 2.5 V        ; 0 s                 ; 0 s                 ; 2.62 V                       ; 9.95e-08 V                   ; 2.78 V              ; -0.0452 V           ; 0.248 V                              ; 0.108 V                              ; 2.67e-10 s                  ; 2.75e-10 s                  ; No                         ; Yes                        ; 2.62 V                      ; 9.95e-08 V                  ; 2.78 V             ; -0.0452 V          ; 0.248 V                             ; 0.108 V                             ; 2.67e-10 s                 ; 2.75e-10 s                 ; No                        ; Yes                       ;
; overflow_muitos_bits ; 2.5 V        ; 0 s                 ; 0 s                 ; 2.62 V                       ; 9.95e-08 V                   ; 2.78 V              ; -0.0452 V           ; 0.248 V                              ; 0.108 V                              ; 2.67e-10 s                  ; 2.75e-10 s                  ; No                         ; Yes                        ; 2.62 V                      ; 9.95e-08 V                  ; 2.78 V             ; -0.0452 V          ; 0.248 V                             ; 0.108 V                             ; 2.67e-10 s                 ; 2.75e-10 s                 ; No                        ; Yes                       ;
; d6[0]                ; 2.5 V        ; 0 s                 ; 0 s                 ; 2.62 V                       ; 9.95e-08 V                   ; 2.78 V              ; -0.0452 V           ; 0.248 V                              ; 0.108 V                              ; 2.67e-10 s                  ; 2.75e-10 s                  ; No                         ; Yes                        ; 2.62 V                      ; 9.95e-08 V                  ; 2.78 V             ; -0.0452 V          ; 0.248 V                             ; 0.108 V                             ; 2.67e-10 s                 ; 2.75e-10 s                 ; No                        ; Yes                       ;
; d6[1]                ; 2.5 V        ; 0 s                 ; 0 s                 ; 2.62 V                       ; 9.94e-08 V                   ; 2.78 V              ; -0.0444 V           ; 0.25 V                               ; 0.107 V                              ; 2.67e-10 s                  ; 2.75e-10 s                  ; No                         ; Yes                        ; 2.62 V                      ; 9.94e-08 V                  ; 2.78 V             ; -0.0444 V          ; 0.25 V                              ; 0.107 V                             ; 2.67e-10 s                 ; 2.75e-10 s                 ; No                        ; Yes                       ;
; ~ALTERA_TDO~         ; 2.5 V        ; 0 s                 ; 0 s                 ; 2.62 V                       ; 1.68e-07 V                   ; 2.73 V              ; -0.0395 V           ; 0.361 V                              ; 0.109 V                              ; 3.1e-10 s                   ; 4.41e-10 s                  ; No                         ; Yes                        ; 2.62 V                      ; 1.68e-07 V                  ; 2.73 V             ; -0.0395 V          ; 0.361 V                             ; 0.109 V                             ; 3.1e-10 s                  ; 4.41e-10 s                 ; No                        ; Yes                       ;
+----------------------+--------------+---------------------+---------------------+------------------------------+------------------------------+---------------------+---------------------+--------------------------------------+--------------------------------------+-----------------------------+-----------------------------+----------------------------+----------------------------+-----------------------------+-----------------------------+--------------------+--------------------+-------------------------------------+-------------------------------------+----------------------------+----------------------------+---------------------------+---------------------------+


+-------------------------------------------------------------------------------------------------------------------------------------------------------------------------------------------------------------------------------------------------------------+
; Setup Transfers                                                                                                                                                                                                                                             ;
+--------------------------------------------------------------------------------------------------------+--------------------------------------------------------------------------------------------------------+----------+----------+----------+----------+
; From Clock                                                                                             ; To Clock                                                                                               ; RR Paths ; FR Paths ; RF Paths ; FF Paths ;
+--------------------------------------------------------------------------------------------------------+--------------------------------------------------------------------------------------------------------+----------+----------+----------+----------+
; clk                                                                                                    ; clk                                                                                                    ; 39       ; 0        ; 0        ; 0        ;
; dividir_5:div_clk|d_flipflop:b0|flipflop_inst                                                          ; clk                                                                                                    ; 1        ; 1        ; 0        ; 0        ;
; multiplicador_alternativo:multiplicador|contador_mod255:ctr|d_flipflop:dff0|flipflop_inst              ; clk                                                                                                    ; 40       ; 1        ; 0        ; 0        ;
; multiplicador_alternativo:multiplicador|contador_mod255:ctr|d_flipflop:dff1|flipflop_inst              ; clk                                                                                                    ; 39       ; 0        ; 0        ; 0        ;
; multiplicador_alternativo:multiplicador|contador_mod255:ctr|d_flipflop:dff2|flipflop_inst              ; clk                                                                                                    ; 39       ; 0        ; 0        ; 0        ;
; multiplicador_alternativo:multiplicador|contador_mod255:ctr|d_flipflop:dff3|flipflop_inst              ; clk                                                                                                    ; 39       ; 0        ; 0        ; 0        ;
; multiplicador_alternativo:multiplicador|contador_mod255:ctr|d_flipflop:dff4|flipflop_inst              ; clk                                                                                                    ; 39       ; 0        ; 0        ; 0        ;
; multiplicador_alternativo:multiplicador|contador_mod255:ctr|d_flipflop:dff5|flipflop_inst              ; clk                                                                                                    ; 39       ; 0        ; 0        ; 0        ;
; multiplicador_alternativo:multiplicador|contador_mod255:ctr|d_flipflop:dff6|flipflop_inst              ; clk                                                                                                    ; 39       ; 0        ; 0        ; 0        ;
; top:comb_3|switch_debouncer:deb|divisor_frequencia:div_inst|dividir_5:div1|d_flipflop:b0|flipflop_inst ; clk                                                                                                    ; 1        ; 1        ; 0        ; 0        ;
; dividir_5:div_clk|d_flipflop:b1|flipflop_inst                                                          ; dividir_5:div_clk|d_flipflop:b0|flipflop_inst                                                          ; 0        ; 0        ; 1        ; 1        ;
; dividir_5:div_clk|d_flipflop:b2|flipflop_inst                                                          ; dividir_5:div_clk|d_flipflop:b1|flipflop_inst                                                          ; 0        ; 0        ; 1        ; 1        ;
; clk                                                                                                    ; dividir_5:div_clk|d_flipflop:b2|flipflop_inst                                                          ; 1        ; 0        ; 0        ; 0        ;
; multiplicador_alternativo:multiplicador|contador_mod255:ctr|d_flipflop:dff0|flipflop_inst              ; dividir_5:div_clk|d_flipflop:b2|flipflop_inst                                                          ; 2        ; 1        ; 0        ; 0        ;
; multiplicador_alternativo:multiplicador|contador_mod255:ctr|d_flipflop:dff1|flipflop_inst              ; dividir_5:div_clk|d_flipflop:b2|flipflop_inst                                                          ; 2        ; 1        ; 0        ; 0        ;
; multiplicador_alternativo:multiplicador|contador_mod255:ctr|d_flipflop:dff2|flipflop_inst              ; dividir_5:div_clk|d_flipflop:b2|flipflop_inst                                                          ; 2        ; 1        ; 0        ; 0        ;
; multiplicador_alternativo:multiplicador|contador_mod255:ctr|d_flipflop:dff3|flipflop_inst              ; dividir_5:div_clk|d_flipflop:b2|flipflop_inst                                                          ; 2        ; 1        ; 0        ; 0        ;
; multiplicador_alternativo:multiplicador|contador_mod255:ctr|d_flipflop:dff4|flipflop_inst              ; dividir_5:div_clk|d_flipflop:b2|flipflop_inst                                                          ; 2        ; 1        ; 0        ; 0        ;
; multiplicador_alternativo:multiplicador|contador_mod255:ctr|d_flipflop:dff5|flipflop_inst              ; dividir_5:div_clk|d_flipflop:b2|flipflop_inst                                                          ; 2        ; 1        ; 0        ; 0        ;
; multiplicador_alternativo:multiplicador|contador_mod255:ctr|d_flipflop:dff6|flipflop_inst              ; dividir_5:div_clk|d_flipflop:b2|flipflop_inst                                                          ; 2        ; 2        ; 0        ; 0        ;
; top:comb_3|switch_debouncer:deb|d_flipflop:stable|flipflop_inst                                        ; dividir_5:div_clk|d_flipflop:b2|flipflop_inst                                                          ; 4742527  ; 0        ; 0        ; 0        ;
; clk                                                                                                    ; multiplicador_alternativo:multiplicador|contador_mod255:ctr|d_flipflop:dff0|flipflop_inst              ; 39       ; 0        ; 0        ; 0        ;
; multiplicador_alternativo:multiplicador|contador_mod255:ctr|d_flipflop:dff0|flipflop_inst              ; multiplicador_alternativo:multiplicador|contador_mod255:ctr|d_flipflop:dff0|flipflop_inst              ; 39       ; 0        ; 0        ; 0        ;
; multiplicador_alternativo:multiplicador|contador_mod255:ctr|d_flipflop:dff1|flipflop_inst              ; multiplicador_alternativo:multiplicador|contador_mod255:ctr|d_flipflop:dff0|flipflop_inst              ; 39       ; 0        ; 1        ; 1        ;
; multiplicador_alternativo:multiplicador|contador_mod255:ctr|d_flipflop:dff2|flipflop_inst              ; multiplicador_alternativo:multiplicador|contador_mod255:ctr|d_flipflop:dff0|flipflop_inst              ; 39       ; 0        ; 0        ; 0        ;
; multiplicador_alternativo:multiplicador|contador_mod255:ctr|d_flipflop:dff3|flipflop_inst              ; multiplicador_alternativo:multiplicador|contador_mod255:ctr|d_flipflop:dff0|flipflop_inst              ; 39       ; 0        ; 0        ; 0        ;
; multiplicador_alternativo:multiplicador|contador_mod255:ctr|d_flipflop:dff4|flipflop_inst              ; multiplicador_alternativo:multiplicador|contador_mod255:ctr|d_flipflop:dff0|flipflop_inst              ; 39       ; 0        ; 0        ; 0        ;
; multiplicador_alternativo:multiplicador|contador_mod255:ctr|d_flipflop:dff5|flipflop_inst              ; multiplicador_alternativo:multiplicador|contador_mod255:ctr|d_flipflop:dff0|flipflop_inst              ; 39       ; 0        ; 0        ; 0        ;
; multiplicador_alternativo:multiplicador|contador_mod255:ctr|d_flipflop:dff6|flipflop_inst              ; multiplicador_alternativo:multiplicador|contador_mod255:ctr|d_flipflop:dff0|flipflop_inst              ; 39       ; 0        ; 0        ; 0        ;
; clk                                                                                                    ; multiplicador_alternativo:multiplicador|contador_mod255:ctr|d_flipflop:dff1|flipflop_inst              ; 39       ; 0        ; 0        ; 0        ;
; multiplicador_alternativo:multiplicador|contador_mod255:ctr|d_flipflop:dff0|flipflop_inst              ; multiplicador_alternativo:multiplicador|contador_mod255:ctr|d_flipflop:dff1|flipflop_inst              ; 40       ; 1        ; 0        ; 0        ;
; multiplicador_alternativo:multiplicador|contador_mod255:ctr|d_flipflop:dff1|flipflop_inst              ; multiplicador_alternativo:multiplicador|contador_mod255:ctr|d_flipflop:dff1|flipflop_inst              ; 39       ; 0        ; 0        ; 0        ;
; multiplicador_alternativo:multiplicador|contador_mod255:ctr|d_flipflop:dff2|flipflop_inst              ; multiplicador_alternativo:multiplicador|contador_mod255:ctr|d_flipflop:dff1|flipflop_inst              ; 39       ; 0        ; 1        ; 1        ;
; multiplicador_alternativo:multiplicador|contador_mod255:ctr|d_flipflop:dff3|flipflop_inst              ; multiplicador_alternativo:multiplicador|contador_mod255:ctr|d_flipflop:dff1|flipflop_inst              ; 39       ; 0        ; 0        ; 0        ;
; multiplicador_alternativo:multiplicador|contador_mod255:ctr|d_flipflop:dff4|flipflop_inst              ; multiplicador_alternativo:multiplicador|contador_mod255:ctr|d_flipflop:dff1|flipflop_inst              ; 39       ; 0        ; 0        ; 0        ;
; multiplicador_alternativo:multiplicador|contador_mod255:ctr|d_flipflop:dff5|flipflop_inst              ; multiplicador_alternativo:multiplicador|contador_mod255:ctr|d_flipflop:dff1|flipflop_inst              ; 39       ; 0        ; 0        ; 0        ;
; multiplicador_alternativo:multiplicador|contador_mod255:ctr|d_flipflop:dff6|flipflop_inst              ; multiplicador_alternativo:multiplicador|contador_mod255:ctr|d_flipflop:dff1|flipflop_inst              ; 39       ; 0        ; 0        ; 0        ;
; clk                                                                                                    ; multiplicador_alternativo:multiplicador|contador_mod255:ctr|d_flipflop:dff2|flipflop_inst              ; 39       ; 0        ; 0        ; 0        ;
; multiplicador_alternativo:multiplicador|contador_mod255:ctr|d_flipflop:dff0|flipflop_inst              ; multiplicador_alternativo:multiplicador|contador_mod255:ctr|d_flipflop:dff2|flipflop_inst              ; 40       ; 1        ; 0        ; 0        ;
; multiplicador_alternativo:multiplicador|contador_mod255:ctr|d_flipflop:dff1|flipflop_inst              ; multiplicador_alternativo:multiplicador|contador_mod255:ctr|d_flipflop:dff2|flipflop_inst              ; 39       ; 0        ; 0        ; 0        ;
; multiplicador_alternativo:multiplicador|contador_mod255:ctr|d_flipflop:dff2|flipflop_inst              ; multiplicador_alternativo:multiplicador|contador_mod255:ctr|d_flipflop:dff2|flipflop_inst              ; 39       ; 0        ; 0        ; 0        ;
; multiplicador_alternativo:multiplicador|contador_mod255:ctr|d_flipflop:dff3|flipflop_inst              ; multiplicador_alternativo:multiplicador|contador_mod255:ctr|d_flipflop:dff2|flipflop_inst              ; 39       ; 0        ; 1        ; 1        ;
; multiplicador_alternativo:multiplicador|contador_mod255:ctr|d_flipflop:dff4|flipflop_inst              ; multiplicador_alternativo:multiplicador|contador_mod255:ctr|d_flipflop:dff2|flipflop_inst              ; 39       ; 0        ; 0        ; 0        ;
; multiplicador_alternativo:multiplicador|contador_mod255:ctr|d_flipflop:dff5|flipflop_inst              ; multiplicador_alternativo:multiplicador|contador_mod255:ctr|d_flipflop:dff2|flipflop_inst              ; 39       ; 0        ; 0        ; 0        ;
; multiplicador_alternativo:multiplicador|contador_mod255:ctr|d_flipflop:dff6|flipflop_inst              ; multiplicador_alternativo:multiplicador|contador_mod255:ctr|d_flipflop:dff2|flipflop_inst              ; 39       ; 0        ; 0        ; 0        ;
; clk                                                                                                    ; multiplicador_alternativo:multiplicador|contador_mod255:ctr|d_flipflop:dff3|flipflop_inst              ; 39       ; 0        ; 0        ; 0        ;
; multiplicador_alternativo:multiplicador|contador_mod255:ctr|d_flipflop:dff0|flipflop_inst              ; multiplicador_alternativo:multiplicador|contador_mod255:ctr|d_flipflop:dff3|flipflop_inst              ; 40       ; 1        ; 0        ; 0        ;
; multiplicador_alternativo:multiplicador|contador_mod255:ctr|d_flipflop:dff1|flipflop_inst              ; multiplicador_alternativo:multiplicador|contador_mod255:ctr|d_flipflop:dff3|flipflop_inst              ; 39       ; 0        ; 0        ; 0        ;
; multiplicador_alternativo:multiplicador|contador_mod255:ctr|d_flipflop:dff2|flipflop_inst              ; multiplicador_alternativo:multiplicador|contador_mod255:ctr|d_flipflop:dff3|flipflop_inst              ; 39       ; 0        ; 0        ; 0        ;
; multiplicador_alternativo:multiplicador|contador_mod255:ctr|d_flipflop:dff3|flipflop_inst              ; multiplicador_alternativo:multiplicador|contador_mod255:ctr|d_flipflop:dff3|flipflop_inst              ; 39       ; 0        ; 0        ; 0        ;
; multiplicador_alternativo:multiplicador|contador_mod255:ctr|d_flipflop:dff4|flipflop_inst              ; multiplicador_alternativo:multiplicador|contador_mod255:ctr|d_flipflop:dff3|flipflop_inst              ; 39       ; 0        ; 1        ; 1        ;
; multiplicador_alternativo:multiplicador|contador_mod255:ctr|d_flipflop:dff5|flipflop_inst              ; multiplicador_alternativo:multiplicador|contador_mod255:ctr|d_flipflop:dff3|flipflop_inst              ; 39       ; 0        ; 0        ; 0        ;
; multiplicador_alternativo:multiplicador|contador_mod255:ctr|d_flipflop:dff6|flipflop_inst              ; multiplicador_alternativo:multiplicador|contador_mod255:ctr|d_flipflop:dff3|flipflop_inst              ; 39       ; 0        ; 0        ; 0        ;
; clk                                                                                                    ; multiplicador_alternativo:multiplicador|contador_mod255:ctr|d_flipflop:dff4|flipflop_inst              ; 39       ; 0        ; 0        ; 0        ;
; multiplicador_alternativo:multiplicador|contador_mod255:ctr|d_flipflop:dff0|flipflop_inst              ; multiplicador_alternativo:multiplicador|contador_mod255:ctr|d_flipflop:dff4|flipflop_inst              ; 40       ; 1        ; 0        ; 0        ;
; multiplicador_alternativo:multiplicador|contador_mod255:ctr|d_flipflop:dff1|flipflop_inst              ; multiplicador_alternativo:multiplicador|contador_mod255:ctr|d_flipflop:dff4|flipflop_inst              ; 39       ; 0        ; 0        ; 0        ;
; multiplicador_alternativo:multiplicador|contador_mod255:ctr|d_flipflop:dff2|flipflop_inst              ; multiplicador_alternativo:multiplicador|contador_mod255:ctr|d_flipflop:dff4|flipflop_inst              ; 39       ; 0        ; 0        ; 0        ;
; multiplicador_alternativo:multiplicador|contador_mod255:ctr|d_flipflop:dff3|flipflop_inst              ; multiplicador_alternativo:multiplicador|contador_mod255:ctr|d_flipflop:dff4|flipflop_inst              ; 39       ; 0        ; 0        ; 0        ;
; multiplicador_alternativo:multiplicador|contador_mod255:ctr|d_flipflop:dff4|flipflop_inst              ; multiplicador_alternativo:multiplicador|contador_mod255:ctr|d_flipflop:dff4|flipflop_inst              ; 39       ; 0        ; 0        ; 0        ;
; multiplicador_alternativo:multiplicador|contador_mod255:ctr|d_flipflop:dff5|flipflop_inst              ; multiplicador_alternativo:multiplicador|contador_mod255:ctr|d_flipflop:dff4|flipflop_inst              ; 39       ; 0        ; 1        ; 1        ;
; multiplicador_alternativo:multiplicador|contador_mod255:ctr|d_flipflop:dff6|flipflop_inst              ; multiplicador_alternativo:multiplicador|contador_mod255:ctr|d_flipflop:dff4|flipflop_inst              ; 39       ; 0        ; 0        ; 0        ;
; clk                                                                                                    ; multiplicador_alternativo:multiplicador|contador_mod255:ctr|d_flipflop:dff5|flipflop_inst              ; 39       ; 0        ; 0        ; 0        ;
; multiplicador_alternativo:multiplicador|contador_mod255:ctr|d_flipflop:dff0|flipflop_inst              ; multiplicador_alternativo:multiplicador|contador_mod255:ctr|d_flipflop:dff5|flipflop_inst              ; 40       ; 1        ; 0        ; 0        ;
; multiplicador_alternativo:multiplicador|contador_mod255:ctr|d_flipflop:dff1|flipflop_inst              ; multiplicador_alternativo:multiplicador|contador_mod255:ctr|d_flipflop:dff5|flipflop_inst              ; 39       ; 0        ; 0        ; 0        ;
; multiplicador_alternativo:multiplicador|contador_mod255:ctr|d_flipflop:dff2|flipflop_inst              ; multiplicador_alternativo:multiplicador|contador_mod255:ctr|d_flipflop:dff5|flipflop_inst              ; 39       ; 0        ; 0        ; 0        ;
; multiplicador_alternativo:multiplicador|contador_mod255:ctr|d_flipflop:dff3|flipflop_inst              ; multiplicador_alternativo:multiplicador|contador_mod255:ctr|d_flipflop:dff5|flipflop_inst              ; 39       ; 0        ; 0        ; 0        ;
; multiplicador_alternativo:multiplicador|contador_mod255:ctr|d_flipflop:dff4|flipflop_inst              ; multiplicador_alternativo:multiplicador|contador_mod255:ctr|d_flipflop:dff5|flipflop_inst              ; 39       ; 0        ; 0        ; 0        ;
; multiplicador_alternativo:multiplicador|contador_mod255:ctr|d_flipflop:dff5|flipflop_inst              ; multiplicador_alternativo:multiplicador|contador_mod255:ctr|d_flipflop:dff5|flipflop_inst              ; 39       ; 0        ; 0        ; 0        ;
; multiplicador_alternativo:multiplicador|contador_mod255:ctr|d_flipflop:dff6|flipflop_inst              ; multiplicador_alternativo:multiplicador|contador_mod255:ctr|d_flipflop:dff5|flipflop_inst              ; 39       ; 0        ; 1        ; 1        ;
; clk                                                                                                    ; multiplicador_alternativo:multiplicador|contador_mod255:ctr|d_flipflop:dff6|flipflop_inst              ; 39       ; 0        ; 0        ; 0        ;
; multiplicador_alternativo:multiplicador|contador_mod255:ctr|d_flipflop:dff0|flipflop_inst              ; multiplicador_alternativo:multiplicador|contador_mod255:ctr|d_flipflop:dff6|flipflop_inst              ; 40       ; 1        ; 0        ; 0        ;
; multiplicador_alternativo:multiplicador|contador_mod255:ctr|d_flipflop:dff1|flipflop_inst              ; multiplicador_alternativo:multiplicador|contador_mod255:ctr|d_flipflop:dff6|flipflop_inst              ; 39       ; 0        ; 0        ; 0        ;
; multiplicador_alternativo:multiplicador|contador_mod255:ctr|d_flipflop:dff2|flipflop_inst              ; multiplicador_alternativo:multiplicador|contador_mod255:ctr|d_flipflop:dff6|flipflop_inst              ; 39       ; 0        ; 0        ; 0        ;
; multiplicador_alternativo:multiplicador|contador_mod255:ctr|d_flipflop:dff3|flipflop_inst              ; multiplicador_alternativo:multiplicador|contador_mod255:ctr|d_flipflop:dff6|flipflop_inst              ; 39       ; 0        ; 0        ; 0        ;
; multiplicador_alternativo:multiplicador|contador_mod255:ctr|d_flipflop:dff4|flipflop_inst              ; multiplicador_alternativo:multiplicador|contador_mod255:ctr|d_flipflop:dff6|flipflop_inst              ; 39       ; 0        ; 0        ; 0        ;
; multiplicador_alternativo:multiplicador|contador_mod255:ctr|d_flipflop:dff5|flipflop_inst              ; multiplicador_alternativo:multiplicador|contador_mod255:ctr|d_flipflop:dff6|flipflop_inst              ; 39       ; 0        ; 0        ; 0        ;
; multiplicador_alternativo:multiplicador|contador_mod255:ctr|d_flipflop:dff6|flipflop_inst              ; multiplicador_alternativo:multiplicador|contador_mod255:ctr|d_flipflop:dff6|flipflop_inst              ; 39       ; 0        ; 0        ; 1        ;
; dividir_5:div_clk|d_flipflop:b2|flipflop_inst                                                          ; top:comb_3|switch_debouncer:deb|d_flipflop:stable|flipflop_inst                                        ; 1        ; 0        ; 0        ; 0        ;
; top:comb_3|switch_debouncer:deb|d_flipflop:stable|flipflop_inst                                        ; top:comb_3|switch_debouncer:deb|d_flipflop:stable|flipflop_inst                                        ; 21       ; 0        ; 0        ; 0        ;
; top:comb_3|switch_debouncer:deb|divisor_frequencia:div_inst|d_flipflop:div8|flipflop_inst              ; top:comb_3|switch_debouncer:deb|divisor_frequencia:div_inst|d_flipflop:div7|flipflop_inst              ; 0        ; 0        ; 1        ; 1        ;
; top:comb_3|switch_debouncer:deb|divisor_frequencia:div_inst|d_flipflop:div8|flipflop_inst              ; top:comb_3|switch_debouncer:deb|divisor_frequencia:div_inst|d_flipflop:div8|flipflop_inst              ; 1        ; 0        ; 0        ; 0        ;
; top:comb_3|switch_debouncer:deb|divisor_frequencia:div_inst|dividir_5:div1|d_flipflop:b1|flipflop_inst ; top:comb_3|switch_debouncer:deb|divisor_frequencia:div_inst|dividir_5:div1|d_flipflop:b0|flipflop_inst ; 0        ; 0        ; 1        ; 1        ;
; top:comb_3|switch_debouncer:deb|divisor_frequencia:div_inst|dividir_5:div1|d_flipflop:b2|flipflop_inst ; top:comb_3|switch_debouncer:deb|divisor_frequencia:div_inst|dividir_5:div1|d_flipflop:b1|flipflop_inst ; 0        ; 0        ; 1        ; 1        ;
; top:comb_3|switch_debouncer:deb|divisor_frequencia:div_inst|dividir_5:div2|d_flipflop:b0|flipflop_inst ; top:comb_3|switch_debouncer:deb|divisor_frequencia:div_inst|dividir_5:div1|d_flipflop:b2|flipflop_inst ; 1        ; 1        ; 0        ; 0        ;
; top:comb_3|switch_debouncer:deb|divisor_frequencia:div_inst|dividir_5:div2|d_flipflop:b1|flipflop_inst ; top:comb_3|switch_debouncer:deb|divisor_frequencia:div_inst|dividir_5:div2|d_flipflop:b0|flipflop_inst ; 0        ; 0        ; 1        ; 1        ;
; top:comb_3|switch_debouncer:deb|divisor_frequencia:div_inst|dividir_5:div2|d_flipflop:b2|flipflop_inst ; top:comb_3|switch_debouncer:deb|divisor_frequencia:div_inst|dividir_5:div2|d_flipflop:b1|flipflop_inst ; 0        ; 0        ; 1        ; 1        ;
; top:comb_3|switch_debouncer:deb|divisor_frequencia:div_inst|dividir_5:div3|d_flipflop:b0|flipflop_inst ; top:comb_3|switch_debouncer:deb|divisor_frequencia:div_inst|dividir_5:div2|d_flipflop:b2|flipflop_inst ; 1        ; 1        ; 0        ; 0        ;
; top:comb_3|switch_debouncer:deb|divisor_frequencia:div_inst|dividir_5:div3|d_flipflop:b1|flipflop_inst ; top:comb_3|switch_debouncer:deb|divisor_frequencia:div_inst|dividir_5:div3|d_flipflop:b0|flipflop_inst ; 0        ; 0        ; 1        ; 1        ;
; top:comb_3|switch_debouncer:deb|divisor_frequencia:div_inst|dividir_5:div3|d_flipflop:b2|flipflop_inst ; top:comb_3|switch_debouncer:deb|divisor_frequencia:div_inst|dividir_5:div3|d_flipflop:b1|flipflop_inst ; 0        ; 0        ; 1        ; 1        ;
; top:comb_3|switch_debouncer:deb|divisor_frequencia:div_inst|dividir_5:div4|d_flipflop:b0|flipflop_inst ; top:comb_3|switch_debouncer:deb|divisor_frequencia:div_inst|dividir_5:div3|d_flipflop:b2|flipflop_inst ; 1        ; 1        ; 0        ; 0        ;
; top:comb_3|switch_debouncer:deb|divisor_frequencia:div_inst|dividir_5:div4|d_flipflop:b1|flipflop_inst ; top:comb_3|switch_debouncer:deb|divisor_frequencia:div_inst|dividir_5:div4|d_flipflop:b0|flipflop_inst ; 0        ; 0        ; 1        ; 1        ;
; top:comb_3|switch_debouncer:deb|divisor_frequencia:div_inst|dividir_5:div4|d_flipflop:b2|flipflop_inst ; top:comb_3|switch_debouncer:deb|divisor_frequencia:div_inst|dividir_5:div4|d_flipflop:b1|flipflop_inst ; 0        ; 0        ; 1        ; 1        ;
; top:comb_3|switch_debouncer:deb|divisor_frequencia:div_inst|dividir_5:div6|d_flipflop:b0|flipflop_inst ; top:comb_3|switch_debouncer:deb|divisor_frequencia:div_inst|dividir_5:div4|d_flipflop:b2|flipflop_inst ; 1        ; 1        ; 0        ; 0        ;
; top:comb_3|switch_debouncer:deb|divisor_frequencia:div_inst|dividir_5:div6|d_flipflop:b1|flipflop_inst ; top:comb_3|switch_debouncer:deb|divisor_frequencia:div_inst|dividir_5:div6|d_flipflop:b0|flipflop_inst ; 0        ; 0        ; 1        ; 1        ;
; top:comb_3|switch_debouncer:deb|divisor_frequencia:div_inst|dividir_5:div6|d_flipflop:b2|flipflop_inst ; top:comb_3|switch_debouncer:deb|divisor_frequencia:div_inst|dividir_5:div6|d_flipflop:b1|flipflop_inst ; 0        ; 0        ; 1        ; 1        ;
; top:comb_3|switch_debouncer:deb|divisor_frequencia:div_inst|d_flipflop:div7|flipflop_inst              ; top:comb_3|switch_debouncer:deb|divisor_frequencia:div_inst|dividir_5:div6|d_flipflop:b2|flipflop_inst ; 1        ; 1        ; 0        ; 0        ;
+--------------------------------------------------------------------------------------------------------+--------------------------------------------------------------------------------------------------------+----------+----------+----------+----------+
Entries labeled "false path" only account for clock-to-clock false paths and not path-based false paths. As a result, actual path counts may be lower than reported.


+-------------------------------------------------------------------------------------------------------------------------------------------------------------------------------------------------------------------------------------------------------------+
; Hold Transfers                                                                                                                                                                                                                                              ;
+--------------------------------------------------------------------------------------------------------+--------------------------------------------------------------------------------------------------------+----------+----------+----------+----------+
; From Clock                                                                                             ; To Clock                                                                                               ; RR Paths ; FR Paths ; RF Paths ; FF Paths ;
+--------------------------------------------------------------------------------------------------------+--------------------------------------------------------------------------------------------------------+----------+----------+----------+----------+
; clk                                                                                                    ; clk                                                                                                    ; 39       ; 0        ; 0        ; 0        ;
; dividir_5:div_clk|d_flipflop:b0|flipflop_inst                                                          ; clk                                                                                                    ; 1        ; 1        ; 0        ; 0        ;
; multiplicador_alternativo:multiplicador|contador_mod255:ctr|d_flipflop:dff0|flipflop_inst              ; clk                                                                                                    ; 40       ; 1        ; 0        ; 0        ;
; multiplicador_alternativo:multiplicador|contador_mod255:ctr|d_flipflop:dff1|flipflop_inst              ; clk                                                                                                    ; 39       ; 0        ; 0        ; 0        ;
; multiplicador_alternativo:multiplicador|contador_mod255:ctr|d_flipflop:dff2|flipflop_inst              ; clk                                                                                                    ; 39       ; 0        ; 0        ; 0        ;
; multiplicador_alternativo:multiplicador|contador_mod255:ctr|d_flipflop:dff3|flipflop_inst              ; clk                                                                                                    ; 39       ; 0        ; 0        ; 0        ;
; multiplicador_alternativo:multiplicador|contador_mod255:ctr|d_flipflop:dff4|flipflop_inst              ; clk                                                                                                    ; 39       ; 0        ; 0        ; 0        ;
; multiplicador_alternativo:multiplicador|contador_mod255:ctr|d_flipflop:dff5|flipflop_inst              ; clk                                                                                                    ; 39       ; 0        ; 0        ; 0        ;
; multiplicador_alternativo:multiplicador|contador_mod255:ctr|d_flipflop:dff6|flipflop_inst              ; clk                                                                                                    ; 39       ; 0        ; 0        ; 0        ;
; top:comb_3|switch_debouncer:deb|divisor_frequencia:div_inst|dividir_5:div1|d_flipflop:b0|flipflop_inst ; clk                                                                                                    ; 1        ; 1        ; 0        ; 0        ;
; dividir_5:div_clk|d_flipflop:b1|flipflop_inst                                                          ; dividir_5:div_clk|d_flipflop:b0|flipflop_inst                                                          ; 0        ; 0        ; 1        ; 1        ;
; dividir_5:div_clk|d_flipflop:b2|flipflop_inst                                                          ; dividir_5:div_clk|d_flipflop:b1|flipflop_inst                                                          ; 0        ; 0        ; 1        ; 1        ;
; clk                                                                                                    ; dividir_5:div_clk|d_flipflop:b2|flipflop_inst                                                          ; 1        ; 0        ; 0        ; 0        ;
; multiplicador_alternativo:multiplicador|contador_mod255:ctr|d_flipflop:dff0|flipflop_inst              ; dividir_5:div_clk|d_flipflop:b2|flipflop_inst                                                          ; 2        ; 1        ; 0        ; 0        ;
; multiplicador_alternativo:multiplicador|contador_mod255:ctr|d_flipflop:dff1|flipflop_inst              ; dividir_5:div_clk|d_flipflop:b2|flipflop_inst                                                          ; 2        ; 1        ; 0        ; 0        ;
; multiplicador_alternativo:multiplicador|contador_mod255:ctr|d_flipflop:dff2|flipflop_inst              ; dividir_5:div_clk|d_flipflop:b2|flipflop_inst                                                          ; 2        ; 1        ; 0        ; 0        ;
; multiplicador_alternativo:multiplicador|contador_mod255:ctr|d_flipflop:dff3|flipflop_inst              ; dividir_5:div_clk|d_flipflop:b2|flipflop_inst                                                          ; 2        ; 1        ; 0        ; 0        ;
; multiplicador_alternativo:multiplicador|contador_mod255:ctr|d_flipflop:dff4|flipflop_inst              ; dividir_5:div_clk|d_flipflop:b2|flipflop_inst                                                          ; 2        ; 1        ; 0        ; 0        ;
; multiplicador_alternativo:multiplicador|contador_mod255:ctr|d_flipflop:dff5|flipflop_inst              ; dividir_5:div_clk|d_flipflop:b2|flipflop_inst                                                          ; 2        ; 1        ; 0        ; 0        ;
; multiplicador_alternativo:multiplicador|contador_mod255:ctr|d_flipflop:dff6|flipflop_inst              ; dividir_5:div_clk|d_flipflop:b2|flipflop_inst                                                          ; 2        ; 2        ; 0        ; 0        ;
; top:comb_3|switch_debouncer:deb|d_flipflop:stable|flipflop_inst                                        ; dividir_5:div_clk|d_flipflop:b2|flipflop_inst                                                          ; 4742527  ; 0        ; 0        ; 0        ;
; clk                                                                                                    ; multiplicador_alternativo:multiplicador|contador_mod255:ctr|d_flipflop:dff0|flipflop_inst              ; 39       ; 0        ; 0        ; 0        ;
; multiplicador_alternativo:multiplicador|contador_mod255:ctr|d_flipflop:dff0|flipflop_inst              ; multiplicador_alternativo:multiplicador|contador_mod255:ctr|d_flipflop:dff0|flipflop_inst              ; 39       ; 0        ; 0        ; 0        ;
; multiplicador_alternativo:multiplicador|contador_mod255:ctr|d_flipflop:dff1|flipflop_inst              ; multiplicador_alternativo:multiplicador|contador_mod255:ctr|d_flipflop:dff0|flipflop_inst              ; 39       ; 0        ; 1        ; 1        ;
; multiplicador_alternativo:multiplicador|contador_mod255:ctr|d_flipflop:dff2|flipflop_inst              ; multiplicador_alternativo:multiplicador|contador_mod255:ctr|d_flipflop:dff0|flipflop_inst              ; 39       ; 0        ; 0        ; 0        ;
; multiplicador_alternativo:multiplicador|contador_mod255:ctr|d_flipflop:dff3|flipflop_inst              ; multiplicador_alternativo:multiplicador|contador_mod255:ctr|d_flipflop:dff0|flipflop_inst              ; 39       ; 0        ; 0        ; 0        ;
; multiplicador_alternativo:multiplicador|contador_mod255:ctr|d_flipflop:dff4|flipflop_inst              ; multiplicador_alternativo:multiplicador|contador_mod255:ctr|d_flipflop:dff0|flipflop_inst              ; 39       ; 0        ; 0        ; 0        ;
; multiplicador_alternativo:multiplicador|contador_mod255:ctr|d_flipflop:dff5|flipflop_inst              ; multiplicador_alternativo:multiplicador|contador_mod255:ctr|d_flipflop:dff0|flipflop_inst              ; 39       ; 0        ; 0        ; 0        ;
; multiplicador_alternativo:multiplicador|contador_mod255:ctr|d_flipflop:dff6|flipflop_inst              ; multiplicador_alternativo:multiplicador|contador_mod255:ctr|d_flipflop:dff0|flipflop_inst              ; 39       ; 0        ; 0        ; 0        ;
; clk                                                                                                    ; multiplicador_alternativo:multiplicador|contador_mod255:ctr|d_flipflop:dff1|flipflop_inst              ; 39       ; 0        ; 0        ; 0        ;
; multiplicador_alternativo:multiplicador|contador_mod255:ctr|d_flipflop:dff0|flipflop_inst              ; multiplicador_alternativo:multiplicador|contador_mod255:ctr|d_flipflop:dff1|flipflop_inst              ; 40       ; 1        ; 0        ; 0        ;
; multiplicador_alternativo:multiplicador|contador_mod255:ctr|d_flipflop:dff1|flipflop_inst              ; multiplicador_alternativo:multiplicador|contador_mod255:ctr|d_flipflop:dff1|flipflop_inst              ; 39       ; 0        ; 0        ; 0        ;
; multiplicador_alternativo:multiplicador|contador_mod255:ctr|d_flipflop:dff2|flipflop_inst              ; multiplicador_alternativo:multiplicador|contador_mod255:ctr|d_flipflop:dff1|flipflop_inst              ; 39       ; 0        ; 1        ; 1        ;
; multiplicador_alternativo:multiplicador|contador_mod255:ctr|d_flipflop:dff3|flipflop_inst              ; multiplicador_alternativo:multiplicador|contador_mod255:ctr|d_flipflop:dff1|flipflop_inst              ; 39       ; 0        ; 0        ; 0        ;
; multiplicador_alternativo:multiplicador|contador_mod255:ctr|d_flipflop:dff4|flipflop_inst              ; multiplicador_alternativo:multiplicador|contador_mod255:ctr|d_flipflop:dff1|flipflop_inst              ; 39       ; 0        ; 0        ; 0        ;
; multiplicador_alternativo:multiplicador|contador_mod255:ctr|d_flipflop:dff5|flipflop_inst              ; multiplicador_alternativo:multiplicador|contador_mod255:ctr|d_flipflop:dff1|flipflop_inst              ; 39       ; 0        ; 0        ; 0        ;
; multiplicador_alternativo:multiplicador|contador_mod255:ctr|d_flipflop:dff6|flipflop_inst              ; multiplicador_alternativo:multiplicador|contador_mod255:ctr|d_flipflop:dff1|flipflop_inst              ; 39       ; 0        ; 0        ; 0        ;
; clk                                                                                                    ; multiplicador_alternativo:multiplicador|contador_mod255:ctr|d_flipflop:dff2|flipflop_inst              ; 39       ; 0        ; 0        ; 0        ;
; multiplicador_alternativo:multiplicador|contador_mod255:ctr|d_flipflop:dff0|flipflop_inst              ; multiplicador_alternativo:multiplicador|contador_mod255:ctr|d_flipflop:dff2|flipflop_inst              ; 40       ; 1        ; 0        ; 0        ;
; multiplicador_alternativo:multiplicador|contador_mod255:ctr|d_flipflop:dff1|flipflop_inst              ; multiplicador_alternativo:multiplicador|contador_mod255:ctr|d_flipflop:dff2|flipflop_inst              ; 39       ; 0        ; 0        ; 0        ;
; multiplicador_alternativo:multiplicador|contador_mod255:ctr|d_flipflop:dff2|flipflop_inst              ; multiplicador_alternativo:multiplicador|contador_mod255:ctr|d_flipflop:dff2|flipflop_inst              ; 39       ; 0        ; 0        ; 0        ;
; multiplicador_alternativo:multiplicador|contador_mod255:ctr|d_flipflop:dff3|flipflop_inst              ; multiplicador_alternativo:multiplicador|contador_mod255:ctr|d_flipflop:dff2|flipflop_inst              ; 39       ; 0        ; 1        ; 1        ;
; multiplicador_alternativo:multiplicador|contador_mod255:ctr|d_flipflop:dff4|flipflop_inst              ; multiplicador_alternativo:multiplicador|contador_mod255:ctr|d_flipflop:dff2|flipflop_inst              ; 39       ; 0        ; 0        ; 0        ;
; multiplicador_alternativo:multiplicador|contador_mod255:ctr|d_flipflop:dff5|flipflop_inst              ; multiplicador_alternativo:multiplicador|contador_mod255:ctr|d_flipflop:dff2|flipflop_inst              ; 39       ; 0        ; 0        ; 0        ;
; multiplicador_alternativo:multiplicador|contador_mod255:ctr|d_flipflop:dff6|flipflop_inst              ; multiplicador_alternativo:multiplicador|contador_mod255:ctr|d_flipflop:dff2|flipflop_inst              ; 39       ; 0        ; 0        ; 0        ;
; clk                                                                                                    ; multiplicador_alternativo:multiplicador|contador_mod255:ctr|d_flipflop:dff3|flipflop_inst              ; 39       ; 0        ; 0        ; 0        ;
; multiplicador_alternativo:multiplicador|contador_mod255:ctr|d_flipflop:dff0|flipflop_inst              ; multiplicador_alternativo:multiplicador|contador_mod255:ctr|d_flipflop:dff3|flipflop_inst              ; 40       ; 1        ; 0        ; 0        ;
; multiplicador_alternativo:multiplicador|contador_mod255:ctr|d_flipflop:dff1|flipflop_inst              ; multiplicador_alternativo:multiplicador|contador_mod255:ctr|d_flipflop:dff3|flipflop_inst              ; 39       ; 0        ; 0        ; 0        ;
; multiplicador_alternativo:multiplicador|contador_mod255:ctr|d_flipflop:dff2|flipflop_inst              ; multiplicador_alternativo:multiplicador|contador_mod255:ctr|d_flipflop:dff3|flipflop_inst              ; 39       ; 0        ; 0        ; 0        ;
; multiplicador_alternativo:multiplicador|contador_mod255:ctr|d_flipflop:dff3|flipflop_inst              ; multiplicador_alternativo:multiplicador|contador_mod255:ctr|d_flipflop:dff3|flipflop_inst              ; 39       ; 0        ; 0        ; 0        ;
; multiplicador_alternativo:multiplicador|contador_mod255:ctr|d_flipflop:dff4|flipflop_inst              ; multiplicador_alternativo:multiplicador|contador_mod255:ctr|d_flipflop:dff3|flipflop_inst              ; 39       ; 0        ; 1        ; 1        ;
; multiplicador_alternativo:multiplicador|contador_mod255:ctr|d_flipflop:dff5|flipflop_inst              ; multiplicador_alternativo:multiplicador|contador_mod255:ctr|d_flipflop:dff3|flipflop_inst              ; 39       ; 0        ; 0        ; 0        ;
; multiplicador_alternativo:multiplicador|contador_mod255:ctr|d_flipflop:dff6|flipflop_inst              ; multiplicador_alternativo:multiplicador|contador_mod255:ctr|d_flipflop:dff3|flipflop_inst              ; 39       ; 0        ; 0        ; 0        ;
; clk                                                                                                    ; multiplicador_alternativo:multiplicador|contador_mod255:ctr|d_flipflop:dff4|flipflop_inst              ; 39       ; 0        ; 0        ; 0        ;
; multiplicador_alternativo:multiplicador|contador_mod255:ctr|d_flipflop:dff0|flipflop_inst              ; multiplicador_alternativo:multiplicador|contador_mod255:ctr|d_flipflop:dff4|flipflop_inst              ; 40       ; 1        ; 0        ; 0        ;
; multiplicador_alternativo:multiplicador|contador_mod255:ctr|d_flipflop:dff1|flipflop_inst              ; multiplicador_alternativo:multiplicador|contador_mod255:ctr|d_flipflop:dff4|flipflop_inst              ; 39       ; 0        ; 0        ; 0        ;
; multiplicador_alternativo:multiplicador|contador_mod255:ctr|d_flipflop:dff2|flipflop_inst              ; multiplicador_alternativo:multiplicador|contador_mod255:ctr|d_flipflop:dff4|flipflop_inst              ; 39       ; 0        ; 0        ; 0        ;
; multiplicador_alternativo:multiplicador|contador_mod255:ctr|d_flipflop:dff3|flipflop_inst              ; multiplicador_alternativo:multiplicador|contador_mod255:ctr|d_flipflop:dff4|flipflop_inst              ; 39       ; 0        ; 0        ; 0        ;
; multiplicador_alternativo:multiplicador|contador_mod255:ctr|d_flipflop:dff4|flipflop_inst              ; multiplicador_alternativo:multiplicador|contador_mod255:ctr|d_flipflop:dff4|flipflop_inst              ; 39       ; 0        ; 0        ; 0        ;
; multiplicador_alternativo:multiplicador|contador_mod255:ctr|d_flipflop:dff5|flipflop_inst              ; multiplicador_alternativo:multiplicador|contador_mod255:ctr|d_flipflop:dff4|flipflop_inst              ; 39       ; 0        ; 1        ; 1        ;
; multiplicador_alternativo:multiplicador|contador_mod255:ctr|d_flipflop:dff6|flipflop_inst              ; multiplicador_alternativo:multiplicador|contador_mod255:ctr|d_flipflop:dff4|flipflop_inst              ; 39       ; 0        ; 0        ; 0        ;
; clk                                                                                                    ; multiplicador_alternativo:multiplicador|contador_mod255:ctr|d_flipflop:dff5|flipflop_inst              ; 39       ; 0        ; 0        ; 0        ;
; multiplicador_alternativo:multiplicador|contador_mod255:ctr|d_flipflop:dff0|flipflop_inst              ; multiplicador_alternativo:multiplicador|contador_mod255:ctr|d_flipflop:dff5|flipflop_inst              ; 40       ; 1        ; 0        ; 0        ;
; multiplicador_alternativo:multiplicador|contador_mod255:ctr|d_flipflop:dff1|flipflop_inst              ; multiplicador_alternativo:multiplicador|contador_mod255:ctr|d_flipflop:dff5|flipflop_inst              ; 39       ; 0        ; 0        ; 0        ;
; multiplicador_alternativo:multiplicador|contador_mod255:ctr|d_flipflop:dff2|flipflop_inst              ; multiplicador_alternativo:multiplicador|contador_mod255:ctr|d_flipflop:dff5|flipflop_inst              ; 39       ; 0        ; 0        ; 0        ;
; multiplicador_alternativo:multiplicador|contador_mod255:ctr|d_flipflop:dff3|flipflop_inst              ; multiplicador_alternativo:multiplicador|contador_mod255:ctr|d_flipflop:dff5|flipflop_inst              ; 39       ; 0        ; 0        ; 0        ;
; multiplicador_alternativo:multiplicador|contador_mod255:ctr|d_flipflop:dff4|flipflop_inst              ; multiplicador_alternativo:multiplicador|contador_mod255:ctr|d_flipflop:dff5|flipflop_inst              ; 39       ; 0        ; 0        ; 0        ;
; multiplicador_alternativo:multiplicador|contador_mod255:ctr|d_flipflop:dff5|flipflop_inst              ; multiplicador_alternativo:multiplicador|contador_mod255:ctr|d_flipflop:dff5|flipflop_inst              ; 39       ; 0        ; 0        ; 0        ;
; multiplicador_alternativo:multiplicador|contador_mod255:ctr|d_flipflop:dff6|flipflop_inst              ; multiplicador_alternativo:multiplicador|contador_mod255:ctr|d_flipflop:dff5|flipflop_inst              ; 39       ; 0        ; 1        ; 1        ;
; clk                                                                                                    ; multiplicador_alternativo:multiplicador|contador_mod255:ctr|d_flipflop:dff6|flipflop_inst              ; 39       ; 0        ; 0        ; 0        ;
; multiplicador_alternativo:multiplicador|contador_mod255:ctr|d_flipflop:dff0|flipflop_inst              ; multiplicador_alternativo:multiplicador|contador_mod255:ctr|d_flipflop:dff6|flipflop_inst              ; 40       ; 1        ; 0        ; 0        ;
; multiplicador_alternativo:multiplicador|contador_mod255:ctr|d_flipflop:dff1|flipflop_inst              ; multiplicador_alternativo:multiplicador|contador_mod255:ctr|d_flipflop:dff6|flipflop_inst              ; 39       ; 0        ; 0        ; 0        ;
; multiplicador_alternativo:multiplicador|contador_mod255:ctr|d_flipflop:dff2|flipflop_inst              ; multiplicador_alternativo:multiplicador|contador_mod255:ctr|d_flipflop:dff6|flipflop_inst              ; 39       ; 0        ; 0        ; 0        ;
; multiplicador_alternativo:multiplicador|contador_mod255:ctr|d_flipflop:dff3|flipflop_inst              ; multiplicador_alternativo:multiplicador|contador_mod255:ctr|d_flipflop:dff6|flipflop_inst              ; 39       ; 0        ; 0        ; 0        ;
; multiplicador_alternativo:multiplicador|contador_mod255:ctr|d_flipflop:dff4|flipflop_inst              ; multiplicador_alternativo:multiplicador|contador_mod255:ctr|d_flipflop:dff6|flipflop_inst              ; 39       ; 0        ; 0        ; 0        ;
; multiplicador_alternativo:multiplicador|contador_mod255:ctr|d_flipflop:dff5|flipflop_inst              ; multiplicador_alternativo:multiplicador|contador_mod255:ctr|d_flipflop:dff6|flipflop_inst              ; 39       ; 0        ; 0        ; 0        ;
; multiplicador_alternativo:multiplicador|contador_mod255:ctr|d_flipflop:dff6|flipflop_inst              ; multiplicador_alternativo:multiplicador|contador_mod255:ctr|d_flipflop:dff6|flipflop_inst              ; 39       ; 0        ; 0        ; 1        ;
; dividir_5:div_clk|d_flipflop:b2|flipflop_inst                                                          ; top:comb_3|switch_debouncer:deb|d_flipflop:stable|flipflop_inst                                        ; 1        ; 0        ; 0        ; 0        ;
; top:comb_3|switch_debouncer:deb|d_flipflop:stable|flipflop_inst                                        ; top:comb_3|switch_debouncer:deb|d_flipflop:stable|flipflop_inst                                        ; 21       ; 0        ; 0        ; 0        ;
; top:comb_3|switch_debouncer:deb|divisor_frequencia:div_inst|d_flipflop:div8|flipflop_inst              ; top:comb_3|switch_debouncer:deb|divisor_frequencia:div_inst|d_flipflop:div7|flipflop_inst              ; 0        ; 0        ; 1        ; 1        ;
; top:comb_3|switch_debouncer:deb|divisor_frequencia:div_inst|d_flipflop:div8|flipflop_inst              ; top:comb_3|switch_debouncer:deb|divisor_frequencia:div_inst|d_flipflop:div8|flipflop_inst              ; 1        ; 0        ; 0        ; 0        ;
; top:comb_3|switch_debouncer:deb|divisor_frequencia:div_inst|dividir_5:div1|d_flipflop:b1|flipflop_inst ; top:comb_3|switch_debouncer:deb|divisor_frequencia:div_inst|dividir_5:div1|d_flipflop:b0|flipflop_inst ; 0        ; 0        ; 1        ; 1        ;
; top:comb_3|switch_debouncer:deb|divisor_frequencia:div_inst|dividir_5:div1|d_flipflop:b2|flipflop_inst ; top:comb_3|switch_debouncer:deb|divisor_frequencia:div_inst|dividir_5:div1|d_flipflop:b1|flipflop_inst ; 0        ; 0        ; 1        ; 1        ;
; top:comb_3|switch_debouncer:deb|divisor_frequencia:div_inst|dividir_5:div2|d_flipflop:b0|flipflop_inst ; top:comb_3|switch_debouncer:deb|divisor_frequencia:div_inst|dividir_5:div1|d_flipflop:b2|flipflop_inst ; 1        ; 1        ; 0        ; 0        ;
; top:comb_3|switch_debouncer:deb|divisor_frequencia:div_inst|dividir_5:div2|d_flipflop:b1|flipflop_inst ; top:comb_3|switch_debouncer:deb|divisor_frequencia:div_inst|dividir_5:div2|d_flipflop:b0|flipflop_inst ; 0        ; 0        ; 1        ; 1        ;
; top:comb_3|switch_debouncer:deb|divisor_frequencia:div_inst|dividir_5:div2|d_flipflop:b2|flipflop_inst ; top:comb_3|switch_debouncer:deb|divisor_frequencia:div_inst|dividir_5:div2|d_flipflop:b1|flipflop_inst ; 0        ; 0        ; 1        ; 1        ;
; top:comb_3|switch_debouncer:deb|divisor_frequencia:div_inst|dividir_5:div3|d_flipflop:b0|flipflop_inst ; top:comb_3|switch_debouncer:deb|divisor_frequencia:div_inst|dividir_5:div2|d_flipflop:b2|flipflop_inst ; 1        ; 1        ; 0        ; 0        ;
; top:comb_3|switch_debouncer:deb|divisor_frequencia:div_inst|dividir_5:div3|d_flipflop:b1|flipflop_inst ; top:comb_3|switch_debouncer:deb|divisor_frequencia:div_inst|dividir_5:div3|d_flipflop:b0|flipflop_inst ; 0        ; 0        ; 1        ; 1        ;
; top:comb_3|switch_debouncer:deb|divisor_frequencia:div_inst|dividir_5:div3|d_flipflop:b2|flipflop_inst ; top:comb_3|switch_debouncer:deb|divisor_frequencia:div_inst|dividir_5:div3|d_flipflop:b1|flipflop_inst ; 0        ; 0        ; 1        ; 1        ;
; top:comb_3|switch_debouncer:deb|divisor_frequencia:div_inst|dividir_5:div4|d_flipflop:b0|flipflop_inst ; top:comb_3|switch_debouncer:deb|divisor_frequencia:div_inst|dividir_5:div3|d_flipflop:b2|flipflop_inst ; 1        ; 1        ; 0        ; 0        ;
; top:comb_3|switch_debouncer:deb|divisor_frequencia:div_inst|dividir_5:div4|d_flipflop:b1|flipflop_inst ; top:comb_3|switch_debouncer:deb|divisor_frequencia:div_inst|dividir_5:div4|d_flipflop:b0|flipflop_inst ; 0        ; 0        ; 1        ; 1        ;
; top:comb_3|switch_debouncer:deb|divisor_frequencia:div_inst|dividir_5:div4|d_flipflop:b2|flipflop_inst ; top:comb_3|switch_debouncer:deb|divisor_frequencia:div_inst|dividir_5:div4|d_flipflop:b1|flipflop_inst ; 0        ; 0        ; 1        ; 1        ;
; top:comb_3|switch_debouncer:deb|divisor_frequencia:div_inst|dividir_5:div6|d_flipflop:b0|flipflop_inst ; top:comb_3|switch_debouncer:deb|divisor_frequencia:div_inst|dividir_5:div4|d_flipflop:b2|flipflop_inst ; 1        ; 1        ; 0        ; 0        ;
; top:comb_3|switch_debouncer:deb|divisor_frequencia:div_inst|dividir_5:div6|d_flipflop:b1|flipflop_inst ; top:comb_3|switch_debouncer:deb|divisor_frequencia:div_inst|dividir_5:div6|d_flipflop:b0|flipflop_inst ; 0        ; 0        ; 1        ; 1        ;
; top:comb_3|switch_debouncer:deb|divisor_frequencia:div_inst|dividir_5:div6|d_flipflop:b2|flipflop_inst ; top:comb_3|switch_debouncer:deb|divisor_frequencia:div_inst|dividir_5:div6|d_flipflop:b1|flipflop_inst ; 0        ; 0        ; 1        ; 1        ;
; top:comb_3|switch_debouncer:deb|divisor_frequencia:div_inst|d_flipflop:div7|flipflop_inst              ; top:comb_3|switch_debouncer:deb|divisor_frequencia:div_inst|dividir_5:div6|d_flipflop:b2|flipflop_inst ; 1        ; 1        ; 0        ; 0        ;
+--------------------------------------------------------------------------------------------------------+--------------------------------------------------------------------------------------------------------+----------+----------+----------+----------+
Entries labeled "false path" only account for clock-to-clock false paths and not path-based false paths. As a result, actual path counts may be lower than reported.


+-------------------------------------------------------------------------------------------------------------------------------------------------------------------------------------------------------------------------------------------------------------+
; Recovery Transfers                                                                                                                                                                                                                                          ;
+--------------------------------------------------------------------------------------------------------+--------------------------------------------------------------------------------------------------------+----------+----------+----------+----------+
; From Clock                                                                                             ; To Clock                                                                                               ; RR Paths ; FR Paths ; RF Paths ; FF Paths ;
+--------------------------------------------------------------------------------------------------------+--------------------------------------------------------------------------------------------------------+----------+----------+----------+----------+
; dividir_5:div_clk|d_flipflop:b0|flipflop_inst                                                          ; clk                                                                                                    ; 1        ; 1        ; 0        ; 0        ;
; dividir_5:div_clk|d_flipflop:b2|flipflop_inst                                                          ; clk                                                                                                    ; 1        ; 1        ; 0        ; 0        ;
; top:comb_3|switch_debouncer:deb|d_flipflop:stable|flipflop_inst                                        ; clk                                                                                                    ; 9        ; 0        ; 0        ; 0        ;
; top:comb_3|switch_debouncer:deb|divisor_frequencia:div_inst|dividir_5:div1|d_flipflop:b0|flipflop_inst ; clk                                                                                                    ; 1        ; 1        ; 0        ; 0        ;
; top:comb_3|switch_debouncer:deb|divisor_frequencia:div_inst|dividir_5:div1|d_flipflop:b2|flipflop_inst ; clk                                                                                                    ; 1        ; 1        ; 0        ; 0        ;
; dividir_5:div_clk|d_flipflop:b0|flipflop_inst                                                          ; dividir_5:div_clk|d_flipflop:b0|flipflop_inst                                                          ; 0        ; 0        ; 1        ; 1        ;
; dividir_5:div_clk|d_flipflop:b2|flipflop_inst                                                          ; dividir_5:div_clk|d_flipflop:b0|flipflop_inst                                                          ; 0        ; 0        ; 1        ; 1        ;
; dividir_5:div_clk|d_flipflop:b0|flipflop_inst                                                          ; dividir_5:div_clk|d_flipflop:b1|flipflop_inst                                                          ; 0        ; 0        ; 1        ; 1        ;
; dividir_5:div_clk|d_flipflop:b2|flipflop_inst                                                          ; dividir_5:div_clk|d_flipflop:b1|flipflop_inst                                                          ; 0        ; 0        ; 1        ; 1        ;
; top:comb_3|switch_debouncer:deb|d_flipflop:stable|flipflop_inst                                        ; multiplicador_alternativo:multiplicador|contador_mod255:ctr|d_flipflop:dff0|flipflop_inst              ; 8        ; 0        ; 1        ; 0        ;
; top:comb_3|switch_debouncer:deb|d_flipflop:stable|flipflop_inst                                        ; multiplicador_alternativo:multiplicador|contador_mod255:ctr|d_flipflop:dff1|flipflop_inst              ; 9        ; 0        ; 1        ; 0        ;
; top:comb_3|switch_debouncer:deb|d_flipflop:stable|flipflop_inst                                        ; multiplicador_alternativo:multiplicador|contador_mod255:ctr|d_flipflop:dff2|flipflop_inst              ; 9        ; 0        ; 1        ; 0        ;
; top:comb_3|switch_debouncer:deb|d_flipflop:stable|flipflop_inst                                        ; multiplicador_alternativo:multiplicador|contador_mod255:ctr|d_flipflop:dff3|flipflop_inst              ; 9        ; 0        ; 1        ; 0        ;
; top:comb_3|switch_debouncer:deb|d_flipflop:stable|flipflop_inst                                        ; multiplicador_alternativo:multiplicador|contador_mod255:ctr|d_flipflop:dff4|flipflop_inst              ; 9        ; 0        ; 1        ; 0        ;
; top:comb_3|switch_debouncer:deb|d_flipflop:stable|flipflop_inst                                        ; multiplicador_alternativo:multiplicador|contador_mod255:ctr|d_flipflop:dff5|flipflop_inst              ; 9        ; 0        ; 1        ; 0        ;
; top:comb_3|switch_debouncer:deb|d_flipflop:stable|flipflop_inst                                        ; multiplicador_alternativo:multiplicador|contador_mod255:ctr|d_flipflop:dff6|flipflop_inst              ; 9        ; 0        ; 1        ; 0        ;
; top:comb_3|switch_debouncer:deb|divisor_frequencia:div_inst|dividir_5:div1|d_flipflop:b0|flipflop_inst ; top:comb_3|switch_debouncer:deb|divisor_frequencia:div_inst|dividir_5:div1|d_flipflop:b0|flipflop_inst ; 0        ; 0        ; 1        ; 1        ;
; top:comb_3|switch_debouncer:deb|divisor_frequencia:div_inst|dividir_5:div1|d_flipflop:b2|flipflop_inst ; top:comb_3|switch_debouncer:deb|divisor_frequencia:div_inst|dividir_5:div1|d_flipflop:b0|flipflop_inst ; 0        ; 0        ; 1        ; 1        ;
; top:comb_3|switch_debouncer:deb|divisor_frequencia:div_inst|dividir_5:div1|d_flipflop:b0|flipflop_inst ; top:comb_3|switch_debouncer:deb|divisor_frequencia:div_inst|dividir_5:div1|d_flipflop:b1|flipflop_inst ; 0        ; 0        ; 1        ; 1        ;
; top:comb_3|switch_debouncer:deb|divisor_frequencia:div_inst|dividir_5:div1|d_flipflop:b2|flipflop_inst ; top:comb_3|switch_debouncer:deb|divisor_frequencia:div_inst|dividir_5:div1|d_flipflop:b1|flipflop_inst ; 0        ; 0        ; 1        ; 1        ;
; top:comb_3|switch_debouncer:deb|divisor_frequencia:div_inst|dividir_5:div2|d_flipflop:b0|flipflop_inst ; top:comb_3|switch_debouncer:deb|divisor_frequencia:div_inst|dividir_5:div1|d_flipflop:b2|flipflop_inst ; 1        ; 1        ; 0        ; 0        ;
; top:comb_3|switch_debouncer:deb|divisor_frequencia:div_inst|dividir_5:div2|d_flipflop:b2|flipflop_inst ; top:comb_3|switch_debouncer:deb|divisor_frequencia:div_inst|dividir_5:div1|d_flipflop:b2|flipflop_inst ; 1        ; 1        ; 0        ; 0        ;
; top:comb_3|switch_debouncer:deb|divisor_frequencia:div_inst|dividir_5:div2|d_flipflop:b0|flipflop_inst ; top:comb_3|switch_debouncer:deb|divisor_frequencia:div_inst|dividir_5:div2|d_flipflop:b0|flipflop_inst ; 0        ; 0        ; 1        ; 1        ;
; top:comb_3|switch_debouncer:deb|divisor_frequencia:div_inst|dividir_5:div2|d_flipflop:b2|flipflop_inst ; top:comb_3|switch_debouncer:deb|divisor_frequencia:div_inst|dividir_5:div2|d_flipflop:b0|flipflop_inst ; 0        ; 0        ; 1        ; 1        ;
; top:comb_3|switch_debouncer:deb|divisor_frequencia:div_inst|dividir_5:div2|d_flipflop:b0|flipflop_inst ; top:comb_3|switch_debouncer:deb|divisor_frequencia:div_inst|dividir_5:div2|d_flipflop:b1|flipflop_inst ; 0        ; 0        ; 1        ; 1        ;
; top:comb_3|switch_debouncer:deb|divisor_frequencia:div_inst|dividir_5:div2|d_flipflop:b2|flipflop_inst ; top:comb_3|switch_debouncer:deb|divisor_frequencia:div_inst|dividir_5:div2|d_flipflop:b1|flipflop_inst ; 0        ; 0        ; 1        ; 1        ;
; top:comb_3|switch_debouncer:deb|divisor_frequencia:div_inst|dividir_5:div3|d_flipflop:b0|flipflop_inst ; top:comb_3|switch_debouncer:deb|divisor_frequencia:div_inst|dividir_5:div2|d_flipflop:b2|flipflop_inst ; 1        ; 1        ; 0        ; 0        ;
; top:comb_3|switch_debouncer:deb|divisor_frequencia:div_inst|dividir_5:div3|d_flipflop:b2|flipflop_inst ; top:comb_3|switch_debouncer:deb|divisor_frequencia:div_inst|dividir_5:div2|d_flipflop:b2|flipflop_inst ; 1        ; 1        ; 0        ; 0        ;
; top:comb_3|switch_debouncer:deb|divisor_frequencia:div_inst|dividir_5:div3|d_flipflop:b0|flipflop_inst ; top:comb_3|switch_debouncer:deb|divisor_frequencia:div_inst|dividir_5:div3|d_flipflop:b0|flipflop_inst ; 0        ; 0        ; 1        ; 1        ;
; top:comb_3|switch_debouncer:deb|divisor_frequencia:div_inst|dividir_5:div3|d_flipflop:b2|flipflop_inst ; top:comb_3|switch_debouncer:deb|divisor_frequencia:div_inst|dividir_5:div3|d_flipflop:b0|flipflop_inst ; 0        ; 0        ; 1        ; 1        ;
; top:comb_3|switch_debouncer:deb|divisor_frequencia:div_inst|dividir_5:div3|d_flipflop:b0|flipflop_inst ; top:comb_3|switch_debouncer:deb|divisor_frequencia:div_inst|dividir_5:div3|d_flipflop:b1|flipflop_inst ; 0        ; 0        ; 1        ; 1        ;
; top:comb_3|switch_debouncer:deb|divisor_frequencia:div_inst|dividir_5:div3|d_flipflop:b2|flipflop_inst ; top:comb_3|switch_debouncer:deb|divisor_frequencia:div_inst|dividir_5:div3|d_flipflop:b1|flipflop_inst ; 0        ; 0        ; 1        ; 1        ;
; top:comb_3|switch_debouncer:deb|divisor_frequencia:div_inst|dividir_5:div4|d_flipflop:b0|flipflop_inst ; top:comb_3|switch_debouncer:deb|divisor_frequencia:div_inst|dividir_5:div3|d_flipflop:b2|flipflop_inst ; 1        ; 1        ; 0        ; 0        ;
; top:comb_3|switch_debouncer:deb|divisor_frequencia:div_inst|dividir_5:div4|d_flipflop:b2|flipflop_inst ; top:comb_3|switch_debouncer:deb|divisor_frequencia:div_inst|dividir_5:div3|d_flipflop:b2|flipflop_inst ; 1        ; 1        ; 0        ; 0        ;
; top:comb_3|switch_debouncer:deb|divisor_frequencia:div_inst|dividir_5:div4|d_flipflop:b0|flipflop_inst ; top:comb_3|switch_debouncer:deb|divisor_frequencia:div_inst|dividir_5:div4|d_flipflop:b0|flipflop_inst ; 0        ; 0        ; 1        ; 1        ;
; top:comb_3|switch_debouncer:deb|divisor_frequencia:div_inst|dividir_5:div4|d_flipflop:b2|flipflop_inst ; top:comb_3|switch_debouncer:deb|divisor_frequencia:div_inst|dividir_5:div4|d_flipflop:b0|flipflop_inst ; 0        ; 0        ; 1        ; 1        ;
; top:comb_3|switch_debouncer:deb|divisor_frequencia:div_inst|dividir_5:div4|d_flipflop:b0|flipflop_inst ; top:comb_3|switch_debouncer:deb|divisor_frequencia:div_inst|dividir_5:div4|d_flipflop:b1|flipflop_inst ; 0        ; 0        ; 1        ; 1        ;
; top:comb_3|switch_debouncer:deb|divisor_frequencia:div_inst|dividir_5:div4|d_flipflop:b2|flipflop_inst ; top:comb_3|switch_debouncer:deb|divisor_frequencia:div_inst|dividir_5:div4|d_flipflop:b1|flipflop_inst ; 0        ; 0        ; 1        ; 1        ;
; top:comb_3|switch_debouncer:deb|divisor_frequencia:div_inst|dividir_5:div6|d_flipflop:b0|flipflop_inst ; top:comb_3|switch_debouncer:deb|divisor_frequencia:div_inst|dividir_5:div4|d_flipflop:b2|flipflop_inst ; 1        ; 1        ; 0        ; 0        ;
; top:comb_3|switch_debouncer:deb|divisor_frequencia:div_inst|dividir_5:div6|d_flipflop:b2|flipflop_inst ; top:comb_3|switch_debouncer:deb|divisor_frequencia:div_inst|dividir_5:div4|d_flipflop:b2|flipflop_inst ; 1        ; 1        ; 0        ; 0        ;
; top:comb_3|switch_debouncer:deb|divisor_frequencia:div_inst|dividir_5:div6|d_flipflop:b0|flipflop_inst ; top:comb_3|switch_debouncer:deb|divisor_frequencia:div_inst|dividir_5:div6|d_flipflop:b0|flipflop_inst ; 0        ; 0        ; 1        ; 1        ;
; top:comb_3|switch_debouncer:deb|divisor_frequencia:div_inst|dividir_5:div6|d_flipflop:b2|flipflop_inst ; top:comb_3|switch_debouncer:deb|divisor_frequencia:div_inst|dividir_5:div6|d_flipflop:b0|flipflop_inst ; 0        ; 0        ; 1        ; 1        ;
; top:comb_3|switch_debouncer:deb|divisor_frequencia:div_inst|dividir_5:div6|d_flipflop:b0|flipflop_inst ; top:comb_3|switch_debouncer:deb|divisor_frequencia:div_inst|dividir_5:div6|d_flipflop:b1|flipflop_inst ; 0        ; 0        ; 1        ; 1        ;
; top:comb_3|switch_debouncer:deb|divisor_frequencia:div_inst|dividir_5:div6|d_flipflop:b2|flipflop_inst ; top:comb_3|switch_debouncer:deb|divisor_frequencia:div_inst|dividir_5:div6|d_flipflop:b1|flipflop_inst ; 0        ; 0        ; 1        ; 1        ;
+--------------------------------------------------------------------------------------------------------+--------------------------------------------------------------------------------------------------------+----------+----------+----------+----------+
Entries labeled "false path" only account for clock-to-clock false paths and not path-based false paths. As a result, actual path counts may be lower than reported.


+-------------------------------------------------------------------------------------------------------------------------------------------------------------------------------------------------------------------------------------------------------------+
; Removal Transfers                                                                                                                                                                                                                                           ;
+--------------------------------------------------------------------------------------------------------+--------------------------------------------------------------------------------------------------------+----------+----------+----------+----------+
; From Clock                                                                                             ; To Clock                                                                                               ; RR Paths ; FR Paths ; RF Paths ; FF Paths ;
+--------------------------------------------------------------------------------------------------------+--------------------------------------------------------------------------------------------------------+----------+----------+----------+----------+
; dividir_5:div_clk|d_flipflop:b0|flipflop_inst                                                          ; clk                                                                                                    ; 1        ; 1        ; 0        ; 0        ;
; dividir_5:div_clk|d_flipflop:b2|flipflop_inst                                                          ; clk                                                                                                    ; 1        ; 1        ; 0        ; 0        ;
; top:comb_3|switch_debouncer:deb|d_flipflop:stable|flipflop_inst                                        ; clk                                                                                                    ; 9        ; 0        ; 0        ; 0        ;
; top:comb_3|switch_debouncer:deb|divisor_frequencia:div_inst|dividir_5:div1|d_flipflop:b0|flipflop_inst ; clk                                                                                                    ; 1        ; 1        ; 0        ; 0        ;
; top:comb_3|switch_debouncer:deb|divisor_frequencia:div_inst|dividir_5:div1|d_flipflop:b2|flipflop_inst ; clk                                                                                                    ; 1        ; 1        ; 0        ; 0        ;
; dividir_5:div_clk|d_flipflop:b0|flipflop_inst                                                          ; dividir_5:div_clk|d_flipflop:b0|flipflop_inst                                                          ; 0        ; 0        ; 1        ; 1        ;
; dividir_5:div_clk|d_flipflop:b2|flipflop_inst                                                          ; dividir_5:div_clk|d_flipflop:b0|flipflop_inst                                                          ; 0        ; 0        ; 1        ; 1        ;
; dividir_5:div_clk|d_flipflop:b0|flipflop_inst                                                          ; dividir_5:div_clk|d_flipflop:b1|flipflop_inst                                                          ; 0        ; 0        ; 1        ; 1        ;
; dividir_5:div_clk|d_flipflop:b2|flipflop_inst                                                          ; dividir_5:div_clk|d_flipflop:b1|flipflop_inst                                                          ; 0        ; 0        ; 1        ; 1        ;
; top:comb_3|switch_debouncer:deb|d_flipflop:stable|flipflop_inst                                        ; multiplicador_alternativo:multiplicador|contador_mod255:ctr|d_flipflop:dff0|flipflop_inst              ; 8        ; 0        ; 1        ; 0        ;
; top:comb_3|switch_debouncer:deb|d_flipflop:stable|flipflop_inst                                        ; multiplicador_alternativo:multiplicador|contador_mod255:ctr|d_flipflop:dff1|flipflop_inst              ; 9        ; 0        ; 1        ; 0        ;
; top:comb_3|switch_debouncer:deb|d_flipflop:stable|flipflop_inst                                        ; multiplicador_alternativo:multiplicador|contador_mod255:ctr|d_flipflop:dff2|flipflop_inst              ; 9        ; 0        ; 1        ; 0        ;
; top:comb_3|switch_debouncer:deb|d_flipflop:stable|flipflop_inst                                        ; multiplicador_alternativo:multiplicador|contador_mod255:ctr|d_flipflop:dff3|flipflop_inst              ; 9        ; 0        ; 1        ; 0        ;
; top:comb_3|switch_debouncer:deb|d_flipflop:stable|flipflop_inst                                        ; multiplicador_alternativo:multiplicador|contador_mod255:ctr|d_flipflop:dff4|flipflop_inst              ; 9        ; 0        ; 1        ; 0        ;
; top:comb_3|switch_debouncer:deb|d_flipflop:stable|flipflop_inst                                        ; multiplicador_alternativo:multiplicador|contador_mod255:ctr|d_flipflop:dff5|flipflop_inst              ; 9        ; 0        ; 1        ; 0        ;
; top:comb_3|switch_debouncer:deb|d_flipflop:stable|flipflop_inst                                        ; multiplicador_alternativo:multiplicador|contador_mod255:ctr|d_flipflop:dff6|flipflop_inst              ; 9        ; 0        ; 1        ; 0        ;
; top:comb_3|switch_debouncer:deb|divisor_frequencia:div_inst|dividir_5:div1|d_flipflop:b0|flipflop_inst ; top:comb_3|switch_debouncer:deb|divisor_frequencia:div_inst|dividir_5:div1|d_flipflop:b0|flipflop_inst ; 0        ; 0        ; 1        ; 1        ;
; top:comb_3|switch_debouncer:deb|divisor_frequencia:div_inst|dividir_5:div1|d_flipflop:b2|flipflop_inst ; top:comb_3|switch_debouncer:deb|divisor_frequencia:div_inst|dividir_5:div1|d_flipflop:b0|flipflop_inst ; 0        ; 0        ; 1        ; 1        ;
; top:comb_3|switch_debouncer:deb|divisor_frequencia:div_inst|dividir_5:div1|d_flipflop:b0|flipflop_inst ; top:comb_3|switch_debouncer:deb|divisor_frequencia:div_inst|dividir_5:div1|d_flipflop:b1|flipflop_inst ; 0        ; 0        ; 1        ; 1        ;
; top:comb_3|switch_debouncer:deb|divisor_frequencia:div_inst|dividir_5:div1|d_flipflop:b2|flipflop_inst ; top:comb_3|switch_debouncer:deb|divisor_frequencia:div_inst|dividir_5:div1|d_flipflop:b1|flipflop_inst ; 0        ; 0        ; 1        ; 1        ;
; top:comb_3|switch_debouncer:deb|divisor_frequencia:div_inst|dividir_5:div2|d_flipflop:b0|flipflop_inst ; top:comb_3|switch_debouncer:deb|divisor_frequencia:div_inst|dividir_5:div1|d_flipflop:b2|flipflop_inst ; 1        ; 1        ; 0        ; 0        ;
; top:comb_3|switch_debouncer:deb|divisor_frequencia:div_inst|dividir_5:div2|d_flipflop:b2|flipflop_inst ; top:comb_3|switch_debouncer:deb|divisor_frequencia:div_inst|dividir_5:div1|d_flipflop:b2|flipflop_inst ; 1        ; 1        ; 0        ; 0        ;
; top:comb_3|switch_debouncer:deb|divisor_frequencia:div_inst|dividir_5:div2|d_flipflop:b0|flipflop_inst ; top:comb_3|switch_debouncer:deb|divisor_frequencia:div_inst|dividir_5:div2|d_flipflop:b0|flipflop_inst ; 0        ; 0        ; 1        ; 1        ;
; top:comb_3|switch_debouncer:deb|divisor_frequencia:div_inst|dividir_5:div2|d_flipflop:b2|flipflop_inst ; top:comb_3|switch_debouncer:deb|divisor_frequencia:div_inst|dividir_5:div2|d_flipflop:b0|flipflop_inst ; 0        ; 0        ; 1        ; 1        ;
; top:comb_3|switch_debouncer:deb|divisor_frequencia:div_inst|dividir_5:div2|d_flipflop:b0|flipflop_inst ; top:comb_3|switch_debouncer:deb|divisor_frequencia:div_inst|dividir_5:div2|d_flipflop:b1|flipflop_inst ; 0        ; 0        ; 1        ; 1        ;
; top:comb_3|switch_debouncer:deb|divisor_frequencia:div_inst|dividir_5:div2|d_flipflop:b2|flipflop_inst ; top:comb_3|switch_debouncer:deb|divisor_frequencia:div_inst|dividir_5:div2|d_flipflop:b1|flipflop_inst ; 0        ; 0        ; 1        ; 1        ;
; top:comb_3|switch_debouncer:deb|divisor_frequencia:div_inst|dividir_5:div3|d_flipflop:b0|flipflop_inst ; top:comb_3|switch_debouncer:deb|divisor_frequencia:div_inst|dividir_5:div2|d_flipflop:b2|flipflop_inst ; 1        ; 1        ; 0        ; 0        ;
; top:comb_3|switch_debouncer:deb|divisor_frequencia:div_inst|dividir_5:div3|d_flipflop:b2|flipflop_inst ; top:comb_3|switch_debouncer:deb|divisor_frequencia:div_inst|dividir_5:div2|d_flipflop:b2|flipflop_inst ; 1        ; 1        ; 0        ; 0        ;
; top:comb_3|switch_debouncer:deb|divisor_frequencia:div_inst|dividir_5:div3|d_flipflop:b0|flipflop_inst ; top:comb_3|switch_debouncer:deb|divisor_frequencia:div_inst|dividir_5:div3|d_flipflop:b0|flipflop_inst ; 0        ; 0        ; 1        ; 1        ;
; top:comb_3|switch_debouncer:deb|divisor_frequencia:div_inst|dividir_5:div3|d_flipflop:b2|flipflop_inst ; top:comb_3|switch_debouncer:deb|divisor_frequencia:div_inst|dividir_5:div3|d_flipflop:b0|flipflop_inst ; 0        ; 0        ; 1        ; 1        ;
; top:comb_3|switch_debouncer:deb|divisor_frequencia:div_inst|dividir_5:div3|d_flipflop:b0|flipflop_inst ; top:comb_3|switch_debouncer:deb|divisor_frequencia:div_inst|dividir_5:div3|d_flipflop:b1|flipflop_inst ; 0        ; 0        ; 1        ; 1        ;
; top:comb_3|switch_debouncer:deb|divisor_frequencia:div_inst|dividir_5:div3|d_flipflop:b2|flipflop_inst ; top:comb_3|switch_debouncer:deb|divisor_frequencia:div_inst|dividir_5:div3|d_flipflop:b1|flipflop_inst ; 0        ; 0        ; 1        ; 1        ;
; top:comb_3|switch_debouncer:deb|divisor_frequencia:div_inst|dividir_5:div4|d_flipflop:b0|flipflop_inst ; top:comb_3|switch_debouncer:deb|divisor_frequencia:div_inst|dividir_5:div3|d_flipflop:b2|flipflop_inst ; 1        ; 1        ; 0        ; 0        ;
; top:comb_3|switch_debouncer:deb|divisor_frequencia:div_inst|dividir_5:div4|d_flipflop:b2|flipflop_inst ; top:comb_3|switch_debouncer:deb|divisor_frequencia:div_inst|dividir_5:div3|d_flipflop:b2|flipflop_inst ; 1        ; 1        ; 0        ; 0        ;
; top:comb_3|switch_debouncer:deb|divisor_frequencia:div_inst|dividir_5:div4|d_flipflop:b0|flipflop_inst ; top:comb_3|switch_debouncer:deb|divisor_frequencia:div_inst|dividir_5:div4|d_flipflop:b0|flipflop_inst ; 0        ; 0        ; 1        ; 1        ;
; top:comb_3|switch_debouncer:deb|divisor_frequencia:div_inst|dividir_5:div4|d_flipflop:b2|flipflop_inst ; top:comb_3|switch_debouncer:deb|divisor_frequencia:div_inst|dividir_5:div4|d_flipflop:b0|flipflop_inst ; 0        ; 0        ; 1        ; 1        ;
; top:comb_3|switch_debouncer:deb|divisor_frequencia:div_inst|dividir_5:div4|d_flipflop:b0|flipflop_inst ; top:comb_3|switch_debouncer:deb|divisor_frequencia:div_inst|dividir_5:div4|d_flipflop:b1|flipflop_inst ; 0        ; 0        ; 1        ; 1        ;
; top:comb_3|switch_debouncer:deb|divisor_frequencia:div_inst|dividir_5:div4|d_flipflop:b2|flipflop_inst ; top:comb_3|switch_debouncer:deb|divisor_frequencia:div_inst|dividir_5:div4|d_flipflop:b1|flipflop_inst ; 0        ; 0        ; 1        ; 1        ;
; top:comb_3|switch_debouncer:deb|divisor_frequencia:div_inst|dividir_5:div6|d_flipflop:b0|flipflop_inst ; top:comb_3|switch_debouncer:deb|divisor_frequencia:div_inst|dividir_5:div4|d_flipflop:b2|flipflop_inst ; 1        ; 1        ; 0        ; 0        ;
; top:comb_3|switch_debouncer:deb|divisor_frequencia:div_inst|dividir_5:div6|d_flipflop:b2|flipflop_inst ; top:comb_3|switch_debouncer:deb|divisor_frequencia:div_inst|dividir_5:div4|d_flipflop:b2|flipflop_inst ; 1        ; 1        ; 0        ; 0        ;
; top:comb_3|switch_debouncer:deb|divisor_frequencia:div_inst|dividir_5:div6|d_flipflop:b0|flipflop_inst ; top:comb_3|switch_debouncer:deb|divisor_frequencia:div_inst|dividir_5:div6|d_flipflop:b0|flipflop_inst ; 0        ; 0        ; 1        ; 1        ;
; top:comb_3|switch_debouncer:deb|divisor_frequencia:div_inst|dividir_5:div6|d_flipflop:b2|flipflop_inst ; top:comb_3|switch_debouncer:deb|divisor_frequencia:div_inst|dividir_5:div6|d_flipflop:b0|flipflop_inst ; 0        ; 0        ; 1        ; 1        ;
; top:comb_3|switch_debouncer:deb|divisor_frequencia:div_inst|dividir_5:div6|d_flipflop:b0|flipflop_inst ; top:comb_3|switch_debouncer:deb|divisor_frequencia:div_inst|dividir_5:div6|d_flipflop:b1|flipflop_inst ; 0        ; 0        ; 1        ; 1        ;
; top:comb_3|switch_debouncer:deb|divisor_frequencia:div_inst|dividir_5:div6|d_flipflop:b2|flipflop_inst ; top:comb_3|switch_debouncer:deb|divisor_frequencia:div_inst|dividir_5:div6|d_flipflop:b1|flipflop_inst ; 0        ; 0        ; 1        ; 1        ;
+--------------------------------------------------------------------------------------------------------+--------------------------------------------------------------------------------------------------------+----------+----------+----------+----------+
Entries labeled "false path" only account for clock-to-clock false paths and not path-based false paths. As a result, actual path counts may be lower than reported.


---------------
; Report TCCS ;
---------------
No dedicated SERDES Transmitter circuitry present in device or used in design


---------------
; Report RSKM ;
---------------
No non-DPA dedicated SERDES Receiver circuitry present in device or used in design


+------------------------------------------------+
; Unconstrained Paths Summary                    ;
+---------------------------------+-------+------+
; Property                        ; Setup ; Hold ;
+---------------------------------+-------+------+
; Illegal Clocks                  ; 0     ; 0    ;
; Unconstrained Clocks            ; 0     ; 0    ;
; Unconstrained Input Ports       ; 12    ; 12   ;
; Unconstrained Input Port Paths  ; 94    ; 94   ;
; Unconstrained Output Ports      ; 25    ; 25   ;
; Unconstrained Output Port Paths ; 796   ; 796  ;
+---------------------------------+-------+------+


+--------------------------------------------------------------------------------------------------------------------------------------------------------------------------------------------------------------------------------------+
; Clock Status Summary                                                                                                                                                                                                                 ;
+--------------------------------------------------------------------------------------------------------+--------------------------------------------------------------------------------------------------------+------+-------------+
; Target                                                                                                 ; Clock                                                                                                  ; Type ; Status      ;
+--------------------------------------------------------------------------------------------------------+--------------------------------------------------------------------------------------------------------+------+-------------+
; clk                                                                                                    ; clk                                                                                                    ; Base ; Constrained ;
; dividir_5:div_clk|d_flipflop:b0|flipflop_inst                                                          ; dividir_5:div_clk|d_flipflop:b0|flipflop_inst                                                          ; Base ; Constrained ;
; dividir_5:div_clk|d_flipflop:b1|flipflop_inst                                                          ; dividir_5:div_clk|d_flipflop:b1|flipflop_inst                                                          ; Base ; Constrained ;
; dividir_5:div_clk|d_flipflop:b2|flipflop_inst                                                          ; dividir_5:div_clk|d_flipflop:b2|flipflop_inst                                                          ; Base ; Constrained ;
; multiplicador_alternativo:multiplicador|contador_mod255:ctr|d_flipflop:dff0|flipflop_inst              ; multiplicador_alternativo:multiplicador|contador_mod255:ctr|d_flipflop:dff0|flipflop_inst              ; Base ; Constrained ;
; multiplicador_alternativo:multiplicador|contador_mod255:ctr|d_flipflop:dff1|flipflop_inst              ; multiplicador_alternativo:multiplicador|contador_mod255:ctr|d_flipflop:dff1|flipflop_inst              ; Base ; Constrained ;
; multiplicador_alternativo:multiplicador|contador_mod255:ctr|d_flipflop:dff2|flipflop_inst              ; multiplicador_alternativo:multiplicador|contador_mod255:ctr|d_flipflop:dff2|flipflop_inst              ; Base ; Constrained ;
; multiplicador_alternativo:multiplicador|contador_mod255:ctr|d_flipflop:dff3|flipflop_inst              ; multiplicador_alternativo:multiplicador|contador_mod255:ctr|d_flipflop:dff3|flipflop_inst              ; Base ; Constrained ;
; multiplicador_alternativo:multiplicador|contador_mod255:ctr|d_flipflop:dff4|flipflop_inst              ; multiplicador_alternativo:multiplicador|contador_mod255:ctr|d_flipflop:dff4|flipflop_inst              ; Base ; Constrained ;
; multiplicador_alternativo:multiplicador|contador_mod255:ctr|d_flipflop:dff5|flipflop_inst              ; multiplicador_alternativo:multiplicador|contador_mod255:ctr|d_flipflop:dff5|flipflop_inst              ; Base ; Constrained ;
; multiplicador_alternativo:multiplicador|contador_mod255:ctr|d_flipflop:dff6|flipflop_inst              ; multiplicador_alternativo:multiplicador|contador_mod255:ctr|d_flipflop:dff6|flipflop_inst              ; Base ; Constrained ;
; top:comb_3|switch_debouncer:deb|d_flipflop:stable|flipflop_inst                                        ; top:comb_3|switch_debouncer:deb|d_flipflop:stable|flipflop_inst                                        ; Base ; Constrained ;
; top:comb_3|switch_debouncer:deb|divisor_frequencia:div_inst|d_flipflop:div7|flipflop_inst              ; top:comb_3|switch_debouncer:deb|divisor_frequencia:div_inst|d_flipflop:div7|flipflop_inst              ; Base ; Constrained ;
; top:comb_3|switch_debouncer:deb|divisor_frequencia:div_inst|d_flipflop:div8|flipflop_inst              ; top:comb_3|switch_debouncer:deb|divisor_frequencia:div_inst|d_flipflop:div8|flipflop_inst              ; Base ; Constrained ;
; top:comb_3|switch_debouncer:deb|divisor_frequencia:div_inst|dividir_5:div1|d_flipflop:b0|flipflop_inst ; top:comb_3|switch_debouncer:deb|divisor_frequencia:div_inst|dividir_5:div1|d_flipflop:b0|flipflop_inst ; Base ; Constrained ;
; top:comb_3|switch_debouncer:deb|divisor_frequencia:div_inst|dividir_5:div1|d_flipflop:b1|flipflop_inst ; top:comb_3|switch_debouncer:deb|divisor_frequencia:div_inst|dividir_5:div1|d_flipflop:b1|flipflop_inst ; Base ; Constrained ;
; top:comb_3|switch_debouncer:deb|divisor_frequencia:div_inst|dividir_5:div1|d_flipflop:b2|flipflop_inst ; top:comb_3|switch_debouncer:deb|divisor_frequencia:div_inst|dividir_5:div1|d_flipflop:b2|flipflop_inst ; Base ; Constrained ;
; top:comb_3|switch_debouncer:deb|divisor_frequencia:div_inst|dividir_5:div2|d_flipflop:b0|flipflop_inst ; top:comb_3|switch_debouncer:deb|divisor_frequencia:div_inst|dividir_5:div2|d_flipflop:b0|flipflop_inst ; Base ; Constrained ;
; top:comb_3|switch_debouncer:deb|divisor_frequencia:div_inst|dividir_5:div2|d_flipflop:b1|flipflop_inst ; top:comb_3|switch_debouncer:deb|divisor_frequencia:div_inst|dividir_5:div2|d_flipflop:b1|flipflop_inst ; Base ; Constrained ;
; top:comb_3|switch_debouncer:deb|divisor_frequencia:div_inst|dividir_5:div2|d_flipflop:b2|flipflop_inst ; top:comb_3|switch_debouncer:deb|divisor_frequencia:div_inst|dividir_5:div2|d_flipflop:b2|flipflop_inst ; Base ; Constrained ;
; top:comb_3|switch_debouncer:deb|divisor_frequencia:div_inst|dividir_5:div3|d_flipflop:b0|flipflop_inst ; top:comb_3|switch_debouncer:deb|divisor_frequencia:div_inst|dividir_5:div3|d_flipflop:b0|flipflop_inst ; Base ; Constrained ;
; top:comb_3|switch_debouncer:deb|divisor_frequencia:div_inst|dividir_5:div3|d_flipflop:b1|flipflop_inst ; top:comb_3|switch_debouncer:deb|divisor_frequencia:div_inst|dividir_5:div3|d_flipflop:b1|flipflop_inst ; Base ; Constrained ;
; top:comb_3|switch_debouncer:deb|divisor_frequencia:div_inst|dividir_5:div3|d_flipflop:b2|flipflop_inst ; top:comb_3|switch_debouncer:deb|divisor_frequencia:div_inst|dividir_5:div3|d_flipflop:b2|flipflop_inst ; Base ; Constrained ;
; top:comb_3|switch_debouncer:deb|divisor_frequencia:div_inst|dividir_5:div4|d_flipflop:b0|flipflop_inst ; top:comb_3|switch_debouncer:deb|divisor_frequencia:div_inst|dividir_5:div4|d_flipflop:b0|flipflop_inst ; Base ; Constrained ;
; top:comb_3|switch_debouncer:deb|divisor_frequencia:div_inst|dividir_5:div4|d_flipflop:b1|flipflop_inst ; top:comb_3|switch_debouncer:deb|divisor_frequencia:div_inst|dividir_5:div4|d_flipflop:b1|flipflop_inst ; Base ; Constrained ;
; top:comb_3|switch_debouncer:deb|divisor_frequencia:div_inst|dividir_5:div4|d_flipflop:b2|flipflop_inst ; top:comb_3|switch_debouncer:deb|divisor_frequencia:div_inst|dividir_5:div4|d_flipflop:b2|flipflop_inst ; Base ; Constrained ;
; top:comb_3|switch_debouncer:deb|divisor_frequencia:div_inst|dividir_5:div6|d_flipflop:b0|flipflop_inst ; top:comb_3|switch_debouncer:deb|divisor_frequencia:div_inst|dividir_5:div6|d_flipflop:b0|flipflop_inst ; Base ; Constrained ;
; top:comb_3|switch_debouncer:deb|divisor_frequencia:div_inst|dividir_5:div6|d_flipflop:b1|flipflop_inst ; top:comb_3|switch_debouncer:deb|divisor_frequencia:div_inst|dividir_5:div6|d_flipflop:b1|flipflop_inst ; Base ; Constrained ;
; top:comb_3|switch_debouncer:deb|divisor_frequencia:div_inst|dividir_5:div6|d_flipflop:b2|flipflop_inst ; top:comb_3|switch_debouncer:deb|divisor_frequencia:div_inst|dividir_5:div6|d_flipflop:b2|flipflop_inst ; Base ; Constrained ;
+--------------------------------------------------------------------------------------------------------+--------------------------------------------------------------------------------------------------------+------+-------------+


+-------------------------------------------------------------------------------------------------------+
; Unconstrained Input Ports                                                                             ;
+----------------+--------------------------------------------------------------------------------------+
; Input Port     ; Comment                                                                              ;
+----------------+--------------------------------------------------------------------------------------+
; A[0]           ; No input delay, min/max delays, false-path exceptions, or max skew assignments found ;
; A[1]           ; No input delay, min/max delays, false-path exceptions, or max skew assignments found ;
; A[2]           ; No input delay, min/max delays, false-path exceptions, or max skew assignments found ;
; A[3]           ; No input delay, min/max delays, false-path exceptions, or max skew assignments found ;
; A[4]           ; No input delay, min/max delays, false-path exceptions, or max skew assignments found ;
; A[5]           ; No input delay, min/max delays, false-path exceptions, or max skew assignments found ;
; A[6]           ; No input delay, min/max delays, false-path exceptions, or max skew assignments found ;
; A[7]           ; No input delay, min/max delays, false-path exceptions, or max skew assignments found ;
; Enable         ; No input delay, min/max delays, false-path exceptions, or max skew assignments found ;
; last_operation ; No input delay, min/max delays, false-path exceptions, or max skew assignments found ;
; sel_ope[0]     ; No input delay, min/max delays, false-path exceptions, or max skew assignments found ;
; sel_ope[1]     ; No input delay, min/max delays, false-path exceptions, or max skew assignments found ;
+----------------+--------------------------------------------------------------------------------------+


+------------------------------------------------------------------------------------------------------+
; Unconstrained Output Ports                                                                           ;
+--------------+---------------------------------------------------------------------------------------+
; Output Port  ; Comment                                                                               ;
+--------------+---------------------------------------------------------------------------------------+
; FlagCarryOut ; No output delay, min/max delays, false-path exceptions, or max skew assignments found ;
; FlagZero     ; No output delay, min/max delays, false-path exceptions, or max skew assignments found ;
; d1[0]        ; No output delay, min/max delays, false-path exceptions, or max skew assignments found ;
; d1[1]        ; No output delay, min/max delays, false-path exceptions, or max skew assignments found ;
; d1[2]        ; No output delay, min/max delays, false-path exceptions, or max skew assignments found ;
; d1[3]        ; No output delay, min/max delays, false-path exceptions, or max skew assignments found ;
; d1[4]        ; No output delay, min/max delays, false-path exceptions, or max skew assignments found ;
; d1[5]        ; No output delay, min/max delays, false-path exceptions, or max skew assignments found ;
; d1[6]        ; No output delay, min/max delays, false-path exceptions, or max skew assignments found ;
; d2[0]        ; No output delay, min/max delays, false-path exceptions, or max skew assignments found ;
; d2[1]        ; No output delay, min/max delays, false-path exceptions, or max skew assignments found ;
; d2[2]        ; No output delay, min/max delays, false-path exceptions, or max skew assignments found ;
; d2[3]        ; No output delay, min/max delays, false-path exceptions, or max skew assignments found ;
; d2[4]        ; No output delay, min/max delays, false-path exceptions, or max skew assignments found ;
; d2[5]        ; No output delay, min/max delays, false-path exceptions, or max skew assignments found ;
; d2[6]        ; No output delay, min/max delays, false-path exceptions, or max skew assignments found ;
; d3[0]        ; No output delay, min/max delays, false-path exceptions, or max skew assignments found ;
; d3[2]        ; No output delay, min/max delays, false-path exceptions, or max skew assignments found ;
; d3[3]        ; No output delay, min/max delays, false-path exceptions, or max skew assignments found ;
; d3[4]        ; No output delay, min/max delays, false-path exceptions, or max skew assignments found ;
; d3[5]        ; No output delay, min/max delays, false-path exceptions, or max skew assignments found ;
; d3[6]        ; No output delay, min/max delays, false-path exceptions, or max skew assignments found ;
; d4[6]        ; No output delay, min/max delays, false-path exceptions, or max skew assignments found ;
; d6[0]        ; No output delay, min/max delays, false-path exceptions, or max skew assignments found ;
; d6[1]        ; No output delay, min/max delays, false-path exceptions, or max skew assignments found ;
+--------------+---------------------------------------------------------------------------------------+


+-------------------------------------------------------------------------------------------------------+
; Unconstrained Input Ports                                                                             ;
+----------------+--------------------------------------------------------------------------------------+
; Input Port     ; Comment                                                                              ;
+----------------+--------------------------------------------------------------------------------------+
; A[0]           ; No input delay, min/max delays, false-path exceptions, or max skew assignments found ;
; A[1]           ; No input delay, min/max delays, false-path exceptions, or max skew assignments found ;
; A[2]           ; No input delay, min/max delays, false-path exceptions, or max skew assignments found ;
; A[3]           ; No input delay, min/max delays, false-path exceptions, or max skew assignments found ;
; A[4]           ; No input delay, min/max delays, false-path exceptions, or max skew assignments found ;
; A[5]           ; No input delay, min/max delays, false-path exceptions, or max skew assignments found ;
; A[6]           ; No input delay, min/max delays, false-path exceptions, or max skew assignments found ;
; A[7]           ; No input delay, min/max delays, false-path exceptions, or max skew assignments found ;
; Enable         ; No input delay, min/max delays, false-path exceptions, or max skew assignments found ;
; last_operation ; No input delay, min/max delays, false-path exceptions, or max skew assignments found ;
; sel_ope[0]     ; No input delay, min/max delays, false-path exceptions, or max skew assignments found ;
; sel_ope[1]     ; No input delay, min/max delays, false-path exceptions, or max skew assignments found ;
+----------------+--------------------------------------------------------------------------------------+


+------------------------------------------------------------------------------------------------------+
; Unconstrained Output Ports                                                                           ;
+--------------+---------------------------------------------------------------------------------------+
; Output Port  ; Comment                                                                               ;
+--------------+---------------------------------------------------------------------------------------+
; FlagCarryOut ; No output delay, min/max delays, false-path exceptions, or max skew assignments found ;
; FlagZero     ; No output delay, min/max delays, false-path exceptions, or max skew assignments found ;
; d1[0]        ; No output delay, min/max delays, false-path exceptions, or max skew assignments found ;
; d1[1]        ; No output delay, min/max delays, false-path exceptions, or max skew assignments found ;
; d1[2]        ; No output delay, min/max delays, false-path exceptions, or max skew assignments found ;
; d1[3]        ; No output delay, min/max delays, false-path exceptions, or max skew assignments found ;
; d1[4]        ; No output delay, min/max delays, false-path exceptions, or max skew assignments found ;
; d1[5]        ; No output delay, min/max delays, false-path exceptions, or max skew assignments found ;
; d1[6]        ; No output delay, min/max delays, false-path exceptions, or max skew assignments found ;
; d2[0]        ; No output delay, min/max delays, false-path exceptions, or max skew assignments found ;
; d2[1]        ; No output delay, min/max delays, false-path exceptions, or max skew assignments found ;
; d2[2]        ; No output delay, min/max delays, false-path exceptions, or max skew assignments found ;
; d2[3]        ; No output delay, min/max delays, false-path exceptions, or max skew assignments found ;
; d2[4]        ; No output delay, min/max delays, false-path exceptions, or max skew assignments found ;
; d2[5]        ; No output delay, min/max delays, false-path exceptions, or max skew assignments found ;
; d2[6]        ; No output delay, min/max delays, false-path exceptions, or max skew assignments found ;
; d3[0]        ; No output delay, min/max delays, false-path exceptions, or max skew assignments found ;
; d3[2]        ; No output delay, min/max delays, false-path exceptions, or max skew assignments found ;
; d3[3]        ; No output delay, min/max delays, false-path exceptions, or max skew assignments found ;
; d3[4]        ; No output delay, min/max delays, false-path exceptions, or max skew assignments found ;
; d3[5]        ; No output delay, min/max delays, false-path exceptions, or max skew assignments found ;
; d3[6]        ; No output delay, min/max delays, false-path exceptions, or max skew assignments found ;
; d4[6]        ; No output delay, min/max delays, false-path exceptions, or max skew assignments found ;
; d6[0]        ; No output delay, min/max delays, false-path exceptions, or max skew assignments found ;
; d6[1]        ; No output delay, min/max delays, false-path exceptions, or max skew assignments found ;
+--------------+---------------------------------------------------------------------------------------+


+--------------------------+
; Timing Analyzer Messages ;
+--------------------------+
Info: *******************************************************************
Info: Running Quartus Prime Timing Analyzer
    Info: Version 20.1.1 Build 720 11/11/2020 SJ Lite Edition
    Info: Processing started: Thu Oct 16 23:32:59 2025
Info: Command: quartus_sta ULA -c ULA
Info: qsta_default_script.tcl version: #1
Warning (18236): Number of processors has not been specified which may cause overloading on shared machines.  Set the global assignment NUM_PARALLEL_PROCESSORS in your QSF to an appropriate value for best performance.
Info (20030): Parallel compilation is enabled and will use 4 of the 4 processors detected
Info (21077): Low junction temperature is 0 degrees C
Info (21077): High junction temperature is 85 degrees C
Critical Warning (332012): Synopsys Design Constraints File file not found: 'ULA.sdc'. A Synopsys Design Constraints File is required by the Timing Analyzer to get proper timing constraints. Without it, the Compiler will not properly optimize the design.
Info (332142): No user constrained base clocks found in the design. Calling "derive_clocks -period 1.0"
Info (332105): Deriving Clocks
    Info (332105): create_clock -period 1.000 -name top:comb_3|switch_debouncer:deb|d_flipflop:stable|flipflop_inst top:comb_3|switch_debouncer:deb|d_flipflop:stable|flipflop_inst
    Info (332105): create_clock -period 1.000 -name top:comb_3|switch_debouncer:deb|divisor_frequencia:div_inst|d_flipflop:div8|flipflop_inst top:comb_3|switch_debouncer:deb|divisor_frequencia:div_inst|d_flipflop:div8|flipflop_inst
    Info (332105): create_clock -period 1.000 -name top:comb_3|switch_debouncer:deb|divisor_frequencia:div_inst|d_flipflop:div7|flipflop_inst top:comb_3|switch_debouncer:deb|divisor_frequencia:div_inst|d_flipflop:div7|flipflop_inst
    Info (332105): create_clock -period 1.000 -name top:comb_3|switch_debouncer:deb|divisor_frequencia:div_inst|dividir_5:div6|d_flipflop:b2|flipflop_inst top:comb_3|switch_debouncer:deb|divisor_frequencia:div_inst|dividir_5:div6|d_flipflop:b2|flipflop_inst
    Info (332105): create_clock -period 1.000 -name top:comb_3|switch_debouncer:deb|divisor_frequencia:div_inst|dividir_5:div6|d_flipflop:b1|flipflop_inst top:comb_3|switch_debouncer:deb|divisor_frequencia:div_inst|dividir_5:div6|d_flipflop:b1|flipflop_inst
    Info (332105): create_clock -period 1.000 -name top:comb_3|switch_debouncer:deb|divisor_frequencia:div_inst|dividir_5:div4|d_flipflop:b2|flipflop_inst top:comb_3|switch_debouncer:deb|divisor_frequencia:div_inst|dividir_5:div4|d_flipflop:b2|flipflop_inst
    Info (332105): create_clock -period 1.000 -name top:comb_3|switch_debouncer:deb|divisor_frequencia:div_inst|dividir_5:div4|d_flipflop:b1|flipflop_inst top:comb_3|switch_debouncer:deb|divisor_frequencia:div_inst|dividir_5:div4|d_flipflop:b1|flipflop_inst
    Info (332105): create_clock -period 1.000 -name top:comb_3|switch_debouncer:deb|divisor_frequencia:div_inst|dividir_5:div3|d_flipflop:b2|flipflop_inst top:comb_3|switch_debouncer:deb|divisor_frequencia:div_inst|dividir_5:div3|d_flipflop:b2|flipflop_inst
    Info (332105): create_clock -period 1.000 -name top:comb_3|switch_debouncer:deb|divisor_frequencia:div_inst|dividir_5:div3|d_flipflop:b1|flipflop_inst top:comb_3|switch_debouncer:deb|divisor_frequencia:div_inst|dividir_5:div3|d_flipflop:b1|flipflop_inst
    Info (332105): create_clock -period 1.000 -name top:comb_3|switch_debouncer:deb|divisor_frequencia:div_inst|dividir_5:div2|d_flipflop:b2|flipflop_inst top:comb_3|switch_debouncer:deb|divisor_frequencia:div_inst|dividir_5:div2|d_flipflop:b2|flipflop_inst
    Info (332105): create_clock -period 1.000 -name top:comb_3|switch_debouncer:deb|divisor_frequencia:div_inst|dividir_5:div2|d_flipflop:b1|flipflop_inst top:comb_3|switch_debouncer:deb|divisor_frequencia:div_inst|dividir_5:div2|d_flipflop:b1|flipflop_inst
    Info (332105): create_clock -period 1.000 -name top:comb_3|switch_debouncer:deb|divisor_frequencia:div_inst|dividir_5:div1|d_flipflop:b2|flipflop_inst top:comb_3|switch_debouncer:deb|divisor_frequencia:div_inst|dividir_5:div1|d_flipflop:b2|flipflop_inst
    Info (332105): create_clock -period 1.000 -name top:comb_3|switch_debouncer:deb|divisor_frequencia:div_inst|dividir_5:div1|d_flipflop:b1|flipflop_inst top:comb_3|switch_debouncer:deb|divisor_frequencia:div_inst|dividir_5:div1|d_flipflop:b1|flipflop_inst
    Info (332105): create_clock -period 1.000 -name clk clk
    Info (332105): create_clock -period 1.000 -name top:comb_3|switch_debouncer:deb|divisor_frequencia:div_inst|dividir_5:div1|d_flipflop:b0|flipflop_inst top:comb_3|switch_debouncer:deb|divisor_frequencia:div_inst|dividir_5:div1|d_flipflop:b0|flipflop_inst
    Info (332105): create_clock -period 1.000 -name top:comb_3|switch_debouncer:deb|divisor_frequencia:div_inst|dividir_5:div2|d_flipflop:b0|flipflop_inst top:comb_3|switch_debouncer:deb|divisor_frequencia:div_inst|dividir_5:div2|d_flipflop:b0|flipflop_inst
    Info (332105): create_clock -period 1.000 -name top:comb_3|switch_debouncer:deb|divisor_frequencia:div_inst|dividir_5:div3|d_flipflop:b0|flipflop_inst top:comb_3|switch_debouncer:deb|divisor_frequencia:div_inst|dividir_5:div3|d_flipflop:b0|flipflop_inst
    Info (332105): create_clock -period 1.000 -name top:comb_3|switch_debouncer:deb|divisor_frequencia:div_inst|dividir_5:div4|d_flipflop:b0|flipflop_inst top:comb_3|switch_debouncer:deb|divisor_frequencia:div_inst|dividir_5:div4|d_flipflop:b0|flipflop_inst
    Info (332105): create_clock -period 1.000 -name top:comb_3|switch_debouncer:deb|divisor_frequencia:div_inst|dividir_5:div6|d_flipflop:b0|flipflop_inst top:comb_3|switch_debouncer:deb|divisor_frequencia:div_inst|dividir_5:div6|d_flipflop:b0|flipflop_inst
    Info (332105): create_clock -period 1.000 -name dividir_5:div_clk|d_flipflop:b2|flipflop_inst dividir_5:div_clk|d_flipflop:b2|flipflop_inst
    Info (332105): create_clock -period 1.000 -name multiplicador_alternativo:multiplicador|contador_mod255:ctr|d_flipflop:dff3|flipflop_inst multiplicador_alternativo:multiplicador|contador_mod255:ctr|d_flipflop:dff3|flipflop_inst
    Info (332105): create_clock -period 1.000 -name multiplicador_alternativo:multiplicador|contador_mod255:ctr|d_flipflop:dff2|flipflop_inst multiplicador_alternativo:multiplicador|contador_mod255:ctr|d_flipflop:dff2|flipflop_inst
    Info (332105): create_clock -period 1.000 -name multiplicador_alternativo:multiplicador|contador_mod255:ctr|d_flipflop:dff1|flipflop_inst multiplicador_alternativo:multiplicador|contador_mod255:ctr|d_flipflop:dff1|flipflop_inst
    Info (332105): create_clock -period 1.000 -name multiplicador_alternativo:multiplicador|contador_mod255:ctr|d_flipflop:dff0|flipflop_inst multiplicador_alternativo:multiplicador|contador_mod255:ctr|d_flipflop:dff0|flipflop_inst
    Info (332105): create_clock -period 1.000 -name multiplicador_alternativo:multiplicador|contador_mod255:ctr|d_flipflop:dff6|flipflop_inst multiplicador_alternativo:multiplicador|contador_mod255:ctr|d_flipflop:dff6|flipflop_inst
    Info (332105): create_clock -period 1.000 -name multiplicador_alternativo:multiplicador|contador_mod255:ctr|d_flipflop:dff5|flipflop_inst multiplicador_alternativo:multiplicador|contador_mod255:ctr|d_flipflop:dff5|flipflop_inst
    Info (332105): create_clock -period 1.000 -name multiplicador_alternativo:multiplicador|contador_mod255:ctr|d_flipflop:dff4|flipflop_inst multiplicador_alternativo:multiplicador|contador_mod255:ctr|d_flipflop:dff4|flipflop_inst
    Info (332105): create_clock -period 1.000 -name dividir_5:div_clk|d_flipflop:b1|flipflop_inst dividir_5:div_clk|d_flipflop:b1|flipflop_inst
    Info (332105): create_clock -period 1.000 -name dividir_5:div_clk|d_flipflop:b0|flipflop_inst dividir_5:div_clk|d_flipflop:b0|flipflop_inst
Warning (332191): Clock target multiplicador_alternativo:multiplicador|contador_mod255:ctr|d_flipflop:dff0|flipflop_inst of clock multiplicador_alternativo:multiplicador|contador_mod255:ctr|d_flipflop:dff0|flipflop_inst is fed by another target of the same clock.
Info (332143): No user constrained clock uncertainty found in the design. Calling "derive_clock_uncertainty"
Info (332123): Deriving Clock Uncertainty. Please refer to report_sdc in the Timing Analyzer to see clock uncertainties.
Info: Found TIMING_ANALYZER_REPORT_SCRIPT_INCLUDE_DEFAULT_ANALYSIS = ON
Info: Analyzing Slow 1200mV 85C Model
Info: Can't run Report Timing Closure Recommendations. The current device family is not supported.
Critical Warning (332148): Timing requirements not met
Info (332146): Worst-case setup slack is -23.206
    Info (332119):     Slack       End Point TNS Clock 
    Info (332119): ========= =================== =====================
    Info (332119):   -23.206             -23.206 dividir_5:div_clk|d_flipflop:b2|flipflop_inst 
    Info (332119):    -8.618             -59.955 multiplicador_alternativo:multiplicador|contador_mod255:ctr|d_flipflop:dff0|flipflop_inst 
    Info (332119):    -8.522             -63.868 multiplicador_alternativo:multiplicador|contador_mod255:ctr|d_flipflop:dff2|flipflop_inst 
    Info (332119):    -8.505             -63.545 multiplicador_alternativo:multiplicador|contador_mod255:ctr|d_flipflop:dff1|flipflop_inst 
    Info (332119):    -8.500             -63.392 multiplicador_alternativo:multiplicador|contador_mod255:ctr|d_flipflop:dff3|flipflop_inst 
    Info (332119):    -8.052             -59.570 multiplicador_alternativo:multiplicador|contador_mod255:ctr|d_flipflop:dff4|flipflop_inst 
    Info (332119):    -7.815             -57.266 multiplicador_alternativo:multiplicador|contador_mod255:ctr|d_flipflop:dff5|flipflop_inst 
    Info (332119):    -7.566             -54.665 multiplicador_alternativo:multiplicador|contador_mod255:ctr|d_flipflop:dff6|flipflop_inst 
    Info (332119):    -5.322             -37.997 clk 
    Info (332119):    -2.409             -13.649 top:comb_3|switch_debouncer:deb|d_flipflop:stable|flipflop_inst 
    Info (332119):    -0.588              -0.588 top:comb_3|switch_debouncer:deb|divisor_frequencia:div_inst|dividir_5:div3|d_flipflop:b2|flipflop_inst 
    Info (332119):    -0.585              -0.585 top:comb_3|switch_debouncer:deb|divisor_frequencia:div_inst|dividir_5:div4|d_flipflop:b2|flipflop_inst 
    Info (332119):    -0.540              -0.540 top:comb_3|switch_debouncer:deb|divisor_frequencia:div_inst|dividir_5:div6|d_flipflop:b1|flipflop_inst 
    Info (332119):    -0.539              -0.539 dividir_5:div_clk|d_flipflop:b0|flipflop_inst 
    Info (332119):    -0.525              -0.525 top:comb_3|switch_debouncer:deb|divisor_frequencia:div_inst|d_flipflop:div7|flipflop_inst 
    Info (332119):    -0.524              -0.524 top:comb_3|switch_debouncer:deb|divisor_frequencia:div_inst|dividir_5:div4|d_flipflop:b0|flipflop_inst 
    Info (332119):    -0.523              -0.523 top:comb_3|switch_debouncer:deb|divisor_frequencia:div_inst|dividir_5:div3|d_flipflop:b1|flipflop_inst 
    Info (332119):    -0.505              -0.505 top:comb_3|switch_debouncer:deb|divisor_frequencia:div_inst|dividir_5:div1|d_flipflop:b1|flipflop_inst 
    Info (332119):    -0.505              -0.505 top:comb_3|switch_debouncer:deb|divisor_frequencia:div_inst|dividir_5:div2|d_flipflop:b0|flipflop_inst 
    Info (332119):    -0.490              -0.490 top:comb_3|switch_debouncer:deb|divisor_frequencia:div_inst|dividir_5:div1|d_flipflop:b2|flipflop_inst 
    Info (332119):    -0.456              -0.456 top:comb_3|switch_debouncer:deb|divisor_frequencia:div_inst|dividir_5:div4|d_flipflop:b1|flipflop_inst 
    Info (332119):    -0.441              -0.441 top:comb_3|switch_debouncer:deb|divisor_frequencia:div_inst|dividir_5:div2|d_flipflop:b2|flipflop_inst 
    Info (332119):    -0.408              -0.408 top:comb_3|switch_debouncer:deb|divisor_frequencia:div_inst|dividir_5:div3|d_flipflop:b0|flipflop_inst 
    Info (332119):    -0.404              -0.404 top:comb_3|switch_debouncer:deb|divisor_frequencia:div_inst|dividir_5:div6|d_flipflop:b2|flipflop_inst 
    Info (332119):    -0.392              -0.392 top:comb_3|switch_debouncer:deb|divisor_frequencia:div_inst|dividir_5:div6|d_flipflop:b0|flipflop_inst 
    Info (332119):    -0.360              -0.360 top:comb_3|switch_debouncer:deb|divisor_frequencia:div_inst|dividir_5:div2|d_flipflop:b1|flipflop_inst 
    Info (332119):    -0.354              -0.354 top:comb_3|switch_debouncer:deb|divisor_frequencia:div_inst|dividir_5:div1|d_flipflop:b0|flipflop_inst 
    Info (332119):    -0.347              -0.347 dividir_5:div_clk|d_flipflop:b1|flipflop_inst 
    Info (332119):     0.174               0.000 top:comb_3|switch_debouncer:deb|divisor_frequencia:div_inst|d_flipflop:div8|flipflop_inst 
Info (332146): Worst-case hold slack is -2.968
    Info (332119):     Slack       End Point TNS Clock 
    Info (332119): ========= =================== =====================
    Info (332119):    -2.968             -17.808 clk 
    Info (332119):    -0.902              -5.412 multiplicador_alternativo:multiplicador|contador_mod255:ctr|d_flipflop:dff6|flipflop_inst 
    Info (332119):    -0.644              -3.864 multiplicador_alternativo:multiplicador|contador_mod255:ctr|d_flipflop:dff5|flipflop_inst 
    Info (332119):    -0.397              -2.382 multiplicador_alternativo:multiplicador|contador_mod255:ctr|d_flipflop:dff4|flipflop_inst 
    Info (332119):     0.071               0.000 multiplicador_alternativo:multiplicador|contador_mod255:ctr|d_flipflop:dff3|flipflop_inst 
    Info (332119):     0.076               0.000 multiplicador_alternativo:multiplicador|contador_mod255:ctr|d_flipflop:dff1|flipflop_inst 
    Info (332119):     0.095               0.000 multiplicador_alternativo:multiplicador|contador_mod255:ctr|d_flipflop:dff2|flipflop_inst 
    Info (332119):     0.289               0.000 multiplicador_alternativo:multiplicador|contador_mod255:ctr|d_flipflop:dff0|flipflop_inst 
    Info (332119):     0.348               0.000 top:comb_3|switch_debouncer:deb|d_flipflop:stable|flipflop_inst 
    Info (332119):     0.422               0.000 top:comb_3|switch_debouncer:deb|divisor_frequencia:div_inst|dividir_5:div6|d_flipflop:b2|flipflop_inst 
    Info (332119):     0.433               0.000 top:comb_3|switch_debouncer:deb|divisor_frequencia:div_inst|d_flipflop:div8|flipflop_inst 
    Info (332119):     0.454               0.000 top:comb_3|switch_debouncer:deb|divisor_frequencia:div_inst|dividir_5:div6|d_flipflop:b0|flipflop_inst 
    Info (332119):     0.529               0.000 top:comb_3|switch_debouncer:deb|divisor_frequencia:div_inst|dividir_5:div2|d_flipflop:b2|flipflop_inst 
    Info (332119):     0.555               0.000 top:comb_3|switch_debouncer:deb|divisor_frequencia:div_inst|dividir_5:div3|d_flipflop:b2|flipflop_inst 
    Info (332119):     0.563               0.000 top:comb_3|switch_debouncer:deb|divisor_frequencia:div_inst|d_flipflop:div7|flipflop_inst 
    Info (332119):     0.563               0.000 top:comb_3|switch_debouncer:deb|divisor_frequencia:div_inst|dividir_5:div2|d_flipflop:b0|flipflop_inst 
    Info (332119):     0.566               0.000 top:comb_3|switch_debouncer:deb|divisor_frequencia:div_inst|dividir_5:div4|d_flipflop:b1|flipflop_inst 
    Info (332119):     0.570               0.000 top:comb_3|switch_debouncer:deb|divisor_frequencia:div_inst|dividir_5:div1|d_flipflop:b0|flipflop_inst 
    Info (332119):     0.578               0.000 top:comb_3|switch_debouncer:deb|divisor_frequencia:div_inst|dividir_5:div1|d_flipflop:b1|flipflop_inst 
    Info (332119):     0.580               0.000 top:comb_3|switch_debouncer:deb|divisor_frequencia:div_inst|dividir_5:div2|d_flipflop:b1|flipflop_inst 
    Info (332119):     0.580               0.000 top:comb_3|switch_debouncer:deb|divisor_frequencia:div_inst|dividir_5:div3|d_flipflop:b0|flipflop_inst 
    Info (332119):     0.581               0.000 top:comb_3|switch_debouncer:deb|divisor_frequencia:div_inst|dividir_5:div4|d_flipflop:b2|flipflop_inst 
    Info (332119):     0.582               0.000 top:comb_3|switch_debouncer:deb|divisor_frequencia:div_inst|dividir_5:div4|d_flipflop:b0|flipflop_inst 
    Info (332119):     0.598               0.000 top:comb_3|switch_debouncer:deb|divisor_frequencia:div_inst|dividir_5:div6|d_flipflop:b1|flipflop_inst 
    Info (332119):     0.612               0.000 top:comb_3|switch_debouncer:deb|divisor_frequencia:div_inst|dividir_5:div1|d_flipflop:b2|flipflop_inst 
    Info (332119):     0.641               0.000 dividir_5:div_clk|d_flipflop:b1|flipflop_inst 
    Info (332119):     0.755               0.000 dividir_5:div_clk|d_flipflop:b0|flipflop_inst 
    Info (332119):     0.755               0.000 top:comb_3|switch_debouncer:deb|divisor_frequencia:div_inst|dividir_5:div3|d_flipflop:b1|flipflop_inst 
    Info (332119):     0.901               0.000 dividir_5:div_clk|d_flipflop:b2|flipflop_inst 
Info (332146): Worst-case recovery slack is -9.502
    Info (332119):     Slack       End Point TNS Clock 
    Info (332119): ========= =================== =====================
    Info (332119):    -9.502             -57.729 multiplicador_alternativo:multiplicador|contador_mod255:ctr|d_flipflop:dff2|flipflop_inst 
    Info (332119):    -5.448             -45.155 multiplicador_alternativo:multiplicador|contador_mod255:ctr|d_flipflop:dff0|flipflop_inst 
    Info (332119):    -5.394             -49.865 multiplicador_alternativo:multiplicador|contador_mod255:ctr|d_flipflop:dff1|flipflop_inst 
    Info (332119):    -5.389             -49.252 multiplicador_alternativo:multiplicador|contador_mod255:ctr|d_flipflop:dff3|flipflop_inst 
    Info (332119):    -4.941             -45.715 multiplicador_alternativo:multiplicador|contador_mod255:ctr|d_flipflop:dff4|flipflop_inst 
    Info (332119):    -4.704             -43.163 multiplicador_alternativo:multiplicador|contador_mod255:ctr|d_flipflop:dff5|flipflop_inst 
    Info (332119):    -4.455             -41.420 multiplicador_alternativo:multiplicador|contador_mod255:ctr|d_flipflop:dff6|flipflop_inst 
    Info (332119):    -4.244              -4.244 dividir_5:div_clk|d_flipflop:b1|flipflop_inst 
    Info (332119):    -2.505             -25.968 clk 
    Info (332119):    -2.318              -2.318 dividir_5:div_clk|d_flipflop:b0|flipflop_inst 
    Info (332119):    -1.448              -1.448 top:comb_3|switch_debouncer:deb|divisor_frequencia:div_inst|dividir_5:div1|d_flipflop:b1|flipflop_inst 
    Info (332119):    -1.378              -1.378 top:comb_3|switch_debouncer:deb|divisor_frequencia:div_inst|dividir_5:div1|d_flipflop:b0|flipflop_inst 
    Info (332119):    -1.019              -1.019 top:comb_3|switch_debouncer:deb|divisor_frequencia:div_inst|dividir_5:div4|d_flipflop:b0|flipflop_inst 
    Info (332119):    -0.890              -0.890 top:comb_3|switch_debouncer:deb|divisor_frequencia:div_inst|dividir_5:div2|d_flipflop:b0|flipflop_inst 
    Info (332119):    -0.717              -0.717 top:comb_3|switch_debouncer:deb|divisor_frequencia:div_inst|dividir_5:div2|d_flipflop:b2|flipflop_inst 
    Info (332119):    -0.650              -0.650 top:comb_3|switch_debouncer:deb|divisor_frequencia:div_inst|dividir_5:div3|d_flipflop:b2|flipflop_inst 
    Info (332119):    -0.632              -0.632 top:comb_3|switch_debouncer:deb|divisor_frequencia:div_inst|dividir_5:div1|d_flipflop:b2|flipflop_inst 
    Info (332119):    -0.622              -0.622 top:comb_3|switch_debouncer:deb|divisor_frequencia:div_inst|dividir_5:div3|d_flipflop:b1|flipflop_inst 
    Info (332119):    -0.598              -0.598 top:comb_3|switch_debouncer:deb|divisor_frequencia:div_inst|dividir_5:div4|d_flipflop:b2|flipflop_inst 
    Info (332119):    -0.588              -0.588 top:comb_3|switch_debouncer:deb|divisor_frequencia:div_inst|dividir_5:div4|d_flipflop:b1|flipflop_inst 
    Info (332119):    -0.448              -0.448 top:comb_3|switch_debouncer:deb|divisor_frequencia:div_inst|dividir_5:div6|d_flipflop:b1|flipflop_inst 
    Info (332119):    -0.368              -0.368 top:comb_3|switch_debouncer:deb|divisor_frequencia:div_inst|dividir_5:div3|d_flipflop:b0|flipflop_inst 
    Info (332119):    -0.329              -0.329 top:comb_3|switch_debouncer:deb|divisor_frequencia:div_inst|dividir_5:div6|d_flipflop:b0|flipflop_inst 
    Info (332119):    -0.290              -0.290 top:comb_3|switch_debouncer:deb|divisor_frequencia:div_inst|dividir_5:div2|d_flipflop:b1|flipflop_inst 
Info (332146): Worst-case removal slack is 0.452
    Info (332119):     Slack       End Point TNS Clock 
    Info (332119): ========= =================== =====================
    Info (332119):     0.452               0.000 top:comb_3|switch_debouncer:deb|divisor_frequencia:div_inst|dividir_5:div2|d_flipflop:b1|flipflop_inst 
    Info (332119):     0.529               0.000 top:comb_3|switch_debouncer:deb|divisor_frequencia:div_inst|dividir_5:div6|d_flipflop:b0|flipflop_inst 
    Info (332119):     0.570               0.000 top:comb_3|switch_debouncer:deb|divisor_frequencia:div_inst|dividir_5:div3|d_flipflop:b0|flipflop_inst 
    Info (332119):     0.646               0.000 top:comb_3|switch_debouncer:deb|divisor_frequencia:div_inst|dividir_5:div3|d_flipflop:b2|flipflop_inst 
    Info (332119):     0.653               0.000 top:comb_3|switch_debouncer:deb|divisor_frequencia:div_inst|dividir_5:div6|d_flipflop:b1|flipflop_inst 
    Info (332119):     0.659               0.000 top:comb_3|switch_debouncer:deb|divisor_frequencia:div_inst|dividir_5:div4|d_flipflop:b2|flipflop_inst 
    Info (332119):     0.717               0.000 top:comb_3|switch_debouncer:deb|divisor_frequencia:div_inst|dividir_5:div4|d_flipflop:b1|flipflop_inst 
    Info (332119):     0.726               0.000 top:comb_3|switch_debouncer:deb|divisor_frequencia:div_inst|dividir_5:div1|d_flipflop:b2|flipflop_inst 
    Info (332119):     0.761               0.000 top:comb_3|switch_debouncer:deb|divisor_frequencia:div_inst|dividir_5:div2|d_flipflop:b2|flipflop_inst 
    Info (332119):     0.791               0.000 top:comb_3|switch_debouncer:deb|divisor_frequencia:div_inst|dividir_5:div3|d_flipflop:b1|flipflop_inst 
    Info (332119):     1.055               0.000 top:comb_3|switch_debouncer:deb|divisor_frequencia:div_inst|dividir_5:div2|d_flipflop:b0|flipflop_inst 
    Info (332119):     1.140               0.000 top:comb_3|switch_debouncer:deb|divisor_frequencia:div_inst|dividir_5:div4|d_flipflop:b0|flipflop_inst 
    Info (332119):     1.526               0.000 top:comb_3|switch_debouncer:deb|divisor_frequencia:div_inst|dividir_5:div1|d_flipflop:b0|flipflop_inst 
    Info (332119):     1.598               0.000 top:comb_3|switch_debouncer:deb|divisor_frequencia:div_inst|dividir_5:div1|d_flipflop:b1|flipflop_inst 
    Info (332119):     1.750               0.000 clk 
    Info (332119):     1.781               0.000 multiplicador_alternativo:multiplicador|contador_mod255:ctr|d_flipflop:dff3|flipflop_inst 
    Info (332119):     1.848               0.000 multiplicador_alternativo:multiplicador|contador_mod255:ctr|d_flipflop:dff5|flipflop_inst 
    Info (332119):     2.123               0.000 multiplicador_alternativo:multiplicador|contador_mod255:ctr|d_flipflop:dff0|flipflop_inst 
    Info (332119):     2.297               0.000 multiplicador_alternativo:multiplicador|contador_mod255:ctr|d_flipflop:dff4|flipflop_inst 
    Info (332119):     2.353               0.000 multiplicador_alternativo:multiplicador|contador_mod255:ctr|d_flipflop:dff1|flipflop_inst 
    Info (332119):     2.367               0.000 multiplicador_alternativo:multiplicador|contador_mod255:ctr|d_flipflop:dff6|flipflop_inst 
    Info (332119):     2.426               0.000 dividir_5:div_clk|d_flipflop:b0|flipflop_inst 
    Info (332119):     4.303               0.000 dividir_5:div_clk|d_flipflop:b1|flipflop_inst 
    Info (332119):     5.349               0.000 multiplicador_alternativo:multiplicador|contador_mod255:ctr|d_flipflop:dff2|flipflop_inst 
Info (332146): Worst-case minimum pulse width slack is -3.000
    Info (332119):     Slack       End Point TNS Clock 
    Info (332119): ========= =================== =====================
    Info (332119):    -3.000             -18.433 clk 
    Info (332119):    -1.403             -37.881 top:comb_3|switch_debouncer:deb|d_flipflop:stable|flipflop_inst 
    Info (332119):    -1.403             -14.030 multiplicador_alternativo:multiplicador|contador_mod255:ctr|d_flipflop:dff1|flipflop_inst 
    Info (332119):    -1.403             -14.030 multiplicador_alternativo:multiplicador|contador_mod255:ctr|d_flipflop:dff2|flipflop_inst 
    Info (332119):    -1.403             -14.030 multiplicador_alternativo:multiplicador|contador_mod255:ctr|d_flipflop:dff3|flipflop_inst 
    Info (332119):    -1.403             -14.030 multiplicador_alternativo:multiplicador|contador_mod255:ctr|d_flipflop:dff4|flipflop_inst 
    Info (332119):    -1.403             -14.030 multiplicador_alternativo:multiplicador|contador_mod255:ctr|d_flipflop:dff5|flipflop_inst 
    Info (332119):    -1.403             -14.030 multiplicador_alternativo:multiplicador|contador_mod255:ctr|d_flipflop:dff6|flipflop_inst 
    Info (332119):    -1.403             -12.627 multiplicador_alternativo:multiplicador|contador_mod255:ctr|d_flipflop:dff0|flipflop_inst 
    Info (332119):    -1.403              -2.806 top:comb_3|switch_debouncer:deb|divisor_frequencia:div_inst|d_flipflop:div8|flipflop_inst 
    Info (332119):    -1.403              -1.403 dividir_5:div_clk|d_flipflop:b0|flipflop_inst 
    Info (332119):    -1.403              -1.403 dividir_5:div_clk|d_flipflop:b1|flipflop_inst 
    Info (332119):    -1.403              -1.403 dividir_5:div_clk|d_flipflop:b2|flipflop_inst 
    Info (332119):    -1.403              -1.403 top:comb_3|switch_debouncer:deb|divisor_frequencia:div_inst|d_flipflop:div7|flipflop_inst 
    Info (332119):    -1.403              -1.403 top:comb_3|switch_debouncer:deb|divisor_frequencia:div_inst|dividir_5:div1|d_flipflop:b0|flipflop_inst 
    Info (332119):    -1.403              -1.403 top:comb_3|switch_debouncer:deb|divisor_frequencia:div_inst|dividir_5:div1|d_flipflop:b1|flipflop_inst 
    Info (332119):    -1.403              -1.403 top:comb_3|switch_debouncer:deb|divisor_frequencia:div_inst|dividir_5:div1|d_flipflop:b2|flipflop_inst 
    Info (332119):    -1.403              -1.403 top:comb_3|switch_debouncer:deb|divisor_frequencia:div_inst|dividir_5:div2|d_flipflop:b0|flipflop_inst 
    Info (332119):    -1.403              -1.403 top:comb_3|switch_debouncer:deb|divisor_frequencia:div_inst|dividir_5:div2|d_flipflop:b1|flipflop_inst 
    Info (332119):    -1.403              -1.403 top:comb_3|switch_debouncer:deb|divisor_frequencia:div_inst|dividir_5:div2|d_flipflop:b2|flipflop_inst 
    Info (332119):    -1.403              -1.403 top:comb_3|switch_debouncer:deb|divisor_frequencia:div_inst|dividir_5:div3|d_flipflop:b0|flipflop_inst 
    Info (332119):    -1.403              -1.403 top:comb_3|switch_debouncer:deb|divisor_frequencia:div_inst|dividir_5:div3|d_flipflop:b1|flipflop_inst 
    Info (332119):    -1.403              -1.403 top:comb_3|switch_debouncer:deb|divisor_frequencia:div_inst|dividir_5:div3|d_flipflop:b2|flipflop_inst 
    Info (332119):    -1.403              -1.403 top:comb_3|switch_debouncer:deb|divisor_frequencia:div_inst|dividir_5:div4|d_flipflop:b0|flipflop_inst 
    Info (332119):    -1.403              -1.403 top:comb_3|switch_debouncer:deb|divisor_frequencia:div_inst|dividir_5:div4|d_flipflop:b1|flipflop_inst 
    Info (332119):    -1.403              -1.403 top:comb_3|switch_debouncer:deb|divisor_frequencia:div_inst|dividir_5:div4|d_flipflop:b2|flipflop_inst 
    Info (332119):    -1.403              -1.403 top:comb_3|switch_debouncer:deb|divisor_frequencia:div_inst|dividir_5:div6|d_flipflop:b0|flipflop_inst 
    Info (332119):    -1.403              -1.403 top:comb_3|switch_debouncer:deb|divisor_frequencia:div_inst|dividir_5:div6|d_flipflop:b1|flipflop_inst 
    Info (332119):    -1.403              -1.403 top:comb_3|switch_debouncer:deb|divisor_frequencia:div_inst|dividir_5:div6|d_flipflop:b2|flipflop_inst 
Info (332114): Report Metastability: Found 5 synchronizer chains.
    Info (332114): Design MTBF is not calculated because the design doesn't meet its timing requirements.
Info: Analyzing Slow 1200mV 0C Model
Info (334003): Started post-fitting delay annotation
Info (334004): Delay annotation completed successfully
Warning (332191): Clock target multiplicador_alternativo:multiplicador|contador_mod255:ctr|d_flipflop:dff0|flipflop_inst of clock multiplicador_alternativo:multiplicador|contador_mod255:ctr|d_flipflop:dff0|flipflop_inst is fed by another target of the same clock.
Info (332123): Deriving Clock Uncertainty. Please refer to report_sdc in the Timing Analyzer to see clock uncertainties.
Critical Warning (332148): Timing requirements not met
Info (332146): Worst-case setup slack is -21.254
    Info (332119):     Slack       End Point TNS Clock 
    Info (332119): ========= =================== =====================
    Info (332119):   -21.254             -21.254 dividir_5:div_clk|d_flipflop:b2|flipflop_inst 
    Info (332119):    -8.108             -56.146 multiplicador_alternativo:multiplicador|contador_mod255:ctr|d_flipflop:dff0|flipflop_inst 
    Info (332119):    -8.024             -59.723 multiplicador_alternativo:multiplicador|contador_mod255:ctr|d_flipflop:dff2|flipflop_inst 
    Info (332119):    -8.007             -59.407 multiplicador_alternativo:multiplicador|contador_mod255:ctr|d_flipflop:dff1|flipflop_inst 
    Info (332119):    -7.998             -59.259 multiplicador_alternativo:multiplicador|contador_mod255:ctr|d_flipflop:dff3|flipflop_inst 
    Info (332119):    -7.583             -55.697 multiplicador_alternativo:multiplicador|contador_mod255:ctr|d_flipflop:dff4|flipflop_inst 
    Info (332119):    -7.347             -53.453 multiplicador_alternativo:multiplicador|contador_mod255:ctr|d_flipflop:dff5|flipflop_inst 
    Info (332119):    -7.125             -51.118 multiplicador_alternativo:multiplicador|contador_mod255:ctr|d_flipflop:dff6|flipflop_inst 
    Info (332119):    -4.961             -34.887 clk 
    Info (332119):    -2.113             -11.324 top:comb_3|switch_debouncer:deb|d_flipflop:stable|flipflop_inst 
    Info (332119):    -0.500              -0.500 top:comb_3|switch_debouncer:deb|divisor_frequencia:div_inst|dividir_5:div4|d_flipflop:b2|flipflop_inst 
    Info (332119):    -0.489              -0.489 top:comb_3|switch_debouncer:deb|divisor_frequencia:div_inst|dividir_5:div3|d_flipflop:b2|flipflop_inst 
    Info (332119):    -0.468              -0.468 dividir_5:div_clk|d_flipflop:b0|flipflop_inst 
    Info (332119):    -0.463              -0.463 top:comb_3|switch_debouncer:deb|divisor_frequencia:div_inst|dividir_5:div6|d_flipflop:b1|flipflop_inst 
    Info (332119):    -0.452              -0.452 top:comb_3|switch_debouncer:deb|divisor_frequencia:div_inst|d_flipflop:div7|flipflop_inst 
    Info (332119):    -0.450              -0.450 top:comb_3|switch_debouncer:deb|divisor_frequencia:div_inst|dividir_5:div3|d_flipflop:b1|flipflop_inst 
    Info (332119):    -0.449              -0.449 top:comb_3|switch_debouncer:deb|divisor_frequencia:div_inst|dividir_5:div4|d_flipflop:b0|flipflop_inst 
    Info (332119):    -0.431              -0.431 top:comb_3|switch_debouncer:deb|divisor_frequencia:div_inst|dividir_5:div1|d_flipflop:b1|flipflop_inst 
    Info (332119):    -0.430              -0.430 top:comb_3|switch_debouncer:deb|divisor_frequencia:div_inst|dividir_5:div2|d_flipflop:b0|flipflop_inst 
    Info (332119):    -0.400              -0.400 top:comb_3|switch_debouncer:deb|divisor_frequencia:div_inst|dividir_5:div4|d_flipflop:b1|flipflop_inst 
    Info (332119):    -0.389              -0.389 top:comb_3|switch_debouncer:deb|divisor_frequencia:div_inst|dividir_5:div1|d_flipflop:b2|flipflop_inst 
    Info (332119):    -0.354              -0.354 top:comb_3|switch_debouncer:deb|divisor_frequencia:div_inst|dividir_5:div2|d_flipflop:b2|flipflop_inst 
    Info (332119):    -0.343              -0.343 top:comb_3|switch_debouncer:deb|divisor_frequencia:div_inst|dividir_5:div6|d_flipflop:b0|flipflop_inst 
    Info (332119):    -0.342              -0.342 top:comb_3|switch_debouncer:deb|divisor_frequencia:div_inst|dividir_5:div3|d_flipflop:b0|flipflop_inst 
    Info (332119):    -0.309              -0.309 top:comb_3|switch_debouncer:deb|divisor_frequencia:div_inst|dividir_5:div6|d_flipflop:b2|flipflop_inst 
    Info (332119):    -0.306              -0.306 top:comb_3|switch_debouncer:deb|divisor_frequencia:div_inst|dividir_5:div2|d_flipflop:b1|flipflop_inst 
    Info (332119):    -0.296              -0.296 dividir_5:div_clk|d_flipflop:b1|flipflop_inst 
    Info (332119):    -0.293              -0.293 top:comb_3|switch_debouncer:deb|divisor_frequencia:div_inst|dividir_5:div1|d_flipflop:b0|flipflop_inst 
    Info (332119):     0.249               0.000 top:comb_3|switch_debouncer:deb|divisor_frequencia:div_inst|d_flipflop:div8|flipflop_inst 
Info (332146): Worst-case hold slack is -2.854
    Info (332119):     Slack       End Point TNS Clock 
    Info (332119): ========= =================== =====================
    Info (332119):    -2.854             -17.124 clk 
    Info (332119):    -0.856              -5.136 multiplicador_alternativo:multiplicador|contador_mod255:ctr|d_flipflop:dff6|flipflop_inst 
    Info (332119):    -0.623              -3.738 multiplicador_alternativo:multiplicador|contador_mod255:ctr|d_flipflop:dff5|flipflop_inst 
    Info (332119):    -0.378              -2.268 multiplicador_alternativo:multiplicador|contador_mod255:ctr|d_flipflop:dff4|flipflop_inst 
    Info (332119):     0.054               0.000 multiplicador_alternativo:multiplicador|contador_mod255:ctr|d_flipflop:dff3|flipflop_inst 
    Info (332119):     0.064               0.000 multiplicador_alternativo:multiplicador|contador_mod255:ctr|d_flipflop:dff1|flipflop_inst 
    Info (332119):     0.081               0.000 multiplicador_alternativo:multiplicador|contador_mod255:ctr|d_flipflop:dff2|flipflop_inst 
    Info (332119):     0.253               0.000 multiplicador_alternativo:multiplicador|contador_mod255:ctr|d_flipflop:dff0|flipflop_inst 
    Info (332119):     0.312               0.000 top:comb_3|switch_debouncer:deb|d_flipflop:stable|flipflop_inst 
    Info (332119):     0.359               0.000 top:comb_3|switch_debouncer:deb|divisor_frequencia:div_inst|dividir_5:div6|d_flipflop:b2|flipflop_inst 
    Info (332119):     0.399               0.000 top:comb_3|switch_debouncer:deb|divisor_frequencia:div_inst|d_flipflop:div8|flipflop_inst 
    Info (332119):     0.440               0.000 top:comb_3|switch_debouncer:deb|divisor_frequencia:div_inst|dividir_5:div6|d_flipflop:b0|flipflop_inst 
    Info (332119):     0.480               0.000 top:comb_3|switch_debouncer:deb|divisor_frequencia:div_inst|dividir_5:div2|d_flipflop:b2|flipflop_inst 
    Info (332119):     0.493               0.000 top:comb_3|switch_debouncer:deb|divisor_frequencia:div_inst|dividir_5:div3|d_flipflop:b2|flipflop_inst 
    Info (332119):     0.525               0.000 top:comb_3|switch_debouncer:deb|divisor_frequencia:div_inst|dividir_5:div2|d_flipflop:b0|flipflop_inst 
    Info (332119):     0.527               0.000 top:comb_3|switch_debouncer:deb|divisor_frequencia:div_inst|d_flipflop:div7|flipflop_inst 
    Info (332119):     0.530               0.000 top:comb_3|switch_debouncer:deb|divisor_frequencia:div_inst|dividir_5:div4|d_flipflop:b2|flipflop_inst 
    Info (332119):     0.535               0.000 top:comb_3|switch_debouncer:deb|divisor_frequencia:div_inst|dividir_5:div1|d_flipflop:b2|flipflop_inst 
    Info (332119):     0.538               0.000 top:comb_3|switch_debouncer:deb|divisor_frequencia:div_inst|dividir_5:div4|d_flipflop:b1|flipflop_inst 
    Info (332119):     0.540               0.000 top:comb_3|switch_debouncer:deb|divisor_frequencia:div_inst|dividir_5:div1|d_flipflop:b1|flipflop_inst 
    Info (332119):     0.545               0.000 top:comb_3|switch_debouncer:deb|divisor_frequencia:div_inst|dividir_5:div1|d_flipflop:b0|flipflop_inst 
    Info (332119):     0.545               0.000 top:comb_3|switch_debouncer:deb|divisor_frequencia:div_inst|dividir_5:div4|d_flipflop:b0|flipflop_inst 
    Info (332119):     0.549               0.000 top:comb_3|switch_debouncer:deb|divisor_frequencia:div_inst|dividir_5:div2|d_flipflop:b1|flipflop_inst 
    Info (332119):     0.559               0.000 top:comb_3|switch_debouncer:deb|divisor_frequencia:div_inst|dividir_5:div6|d_flipflop:b1|flipflop_inst 
    Info (332119):     0.561               0.000 top:comb_3|switch_debouncer:deb|divisor_frequencia:div_inst|dividir_5:div3|d_flipflop:b0|flipflop_inst 
    Info (332119):     0.597               0.000 dividir_5:div_clk|d_flipflop:b1|flipflop_inst 
    Info (332119):     0.711               0.000 dividir_5:div_clk|d_flipflop:b0|flipflop_inst 
    Info (332119):     0.720               0.000 top:comb_3|switch_debouncer:deb|divisor_frequencia:div_inst|dividir_5:div3|d_flipflop:b1|flipflop_inst 
    Info (332119):     0.796               0.000 dividir_5:div_clk|d_flipflop:b2|flipflop_inst 
Info (332146): Worst-case recovery slack is -8.848
    Info (332119):     Slack       End Point TNS Clock 
    Info (332119): ========= =================== =====================
    Info (332119):    -8.848             -53.820 multiplicador_alternativo:multiplicador|contador_mod255:ctr|d_flipflop:dff2|flipflop_inst 
    Info (332119):    -5.076             -42.049 multiplicador_alternativo:multiplicador|contador_mod255:ctr|d_flipflop:dff0|flipflop_inst 
    Info (332119):    -5.019             -46.449 multiplicador_alternativo:multiplicador|contador_mod255:ctr|d_flipflop:dff1|flipflop_inst 
    Info (332119):    -5.010             -45.883 multiplicador_alternativo:multiplicador|contador_mod255:ctr|d_flipflop:dff3|flipflop_inst 
    Info (332119):    -4.595             -42.575 multiplicador_alternativo:multiplicador|contador_mod255:ctr|d_flipflop:dff4|flipflop_inst 
    Info (332119):    -4.359             -40.085 multiplicador_alternativo:multiplicador|contador_mod255:ctr|d_flipflop:dff5|flipflop_inst 
    Info (332119):    -4.137             -38.524 multiplicador_alternativo:multiplicador|contador_mod255:ctr|d_flipflop:dff6|flipflop_inst 
    Info (332119):    -3.963              -3.963 dividir_5:div_clk|d_flipflop:b1|flipflop_inst 
    Info (332119):    -2.250             -23.162 clk 
    Info (332119):    -2.168              -2.168 dividir_5:div_clk|d_flipflop:b0|flipflop_inst 
    Info (332119):    -1.334              -1.334 top:comb_3|switch_debouncer:deb|divisor_frequencia:div_inst|dividir_5:div1|d_flipflop:b1|flipflop_inst 
    Info (332119):    -1.273              -1.273 top:comb_3|switch_debouncer:deb|divisor_frequencia:div_inst|dividir_5:div1|d_flipflop:b0|flipflop_inst 
    Info (332119):    -0.951              -0.951 top:comb_3|switch_debouncer:deb|divisor_frequencia:div_inst|dividir_5:div4|d_flipflop:b0|flipflop_inst 
    Info (332119):    -0.831              -0.831 top:comb_3|switch_debouncer:deb|divisor_frequencia:div_inst|dividir_5:div2|d_flipflop:b0|flipflop_inst 
    Info (332119):    -0.587              -0.587 top:comb_3|switch_debouncer:deb|divisor_frequencia:div_inst|dividir_5:div3|d_flipflop:b1|flipflop_inst 
    Info (332119):    -0.563              -0.563 top:comb_3|switch_debouncer:deb|divisor_frequencia:div_inst|dividir_5:div2|d_flipflop:b2|flipflop_inst 
    Info (332119):    -0.547              -0.547 top:comb_3|switch_debouncer:deb|divisor_frequencia:div_inst|dividir_5:div4|d_flipflop:b1|flipflop_inst 
    Info (332119):    -0.483              -0.483 top:comb_3|switch_debouncer:deb|divisor_frequencia:div_inst|dividir_5:div1|d_flipflop:b2|flipflop_inst 
    Info (332119):    -0.483              -0.483 top:comb_3|switch_debouncer:deb|divisor_frequencia:div_inst|dividir_5:div3|d_flipflop:b2|flipflop_inst 
    Info (332119):    -0.483              -0.483 top:comb_3|switch_debouncer:deb|divisor_frequencia:div_inst|dividir_5:div4|d_flipflop:b2|flipflop_inst 
    Info (332119):    -0.402              -0.402 top:comb_3|switch_debouncer:deb|divisor_frequencia:div_inst|dividir_5:div6|d_flipflop:b1|flipflop_inst 
    Info (332119):    -0.339              -0.339 top:comb_3|switch_debouncer:deb|divisor_frequencia:div_inst|dividir_5:div3|d_flipflop:b0|flipflop_inst 
    Info (332119):    -0.301              -0.301 top:comb_3|switch_debouncer:deb|divisor_frequencia:div_inst|dividir_5:div6|d_flipflop:b0|flipflop_inst 
    Info (332119):    -0.281              -0.281 top:comb_3|switch_debouncer:deb|divisor_frequencia:div_inst|dividir_5:div2|d_flipflop:b1|flipflop_inst 
Info (332146): Worst-case removal slack is 0.413
    Info (332119):     Slack       End Point TNS Clock 
    Info (332119): ========= =================== =====================
    Info (332119):     0.413               0.000 top:comb_3|switch_debouncer:deb|divisor_frequencia:div_inst|dividir_5:div2|d_flipflop:b1|flipflop_inst 
    Info (332119):     0.468               0.000 top:comb_3|switch_debouncer:deb|divisor_frequencia:div_inst|dividir_5:div6|d_flipflop:b0|flipflop_inst 
    Info (332119):     0.516               0.000 top:comb_3|switch_debouncer:deb|divisor_frequencia:div_inst|dividir_5:div3|d_flipflop:b0|flipflop_inst 
    Info (332119):     0.573               0.000 top:comb_3|switch_debouncer:deb|divisor_frequencia:div_inst|dividir_5:div6|d_flipflop:b1|flipflop_inst 
    Info (332119):     0.607               0.000 top:comb_3|switch_debouncer:deb|divisor_frequencia:div_inst|dividir_5:div3|d_flipflop:b2|flipflop_inst 
    Info (332119):     0.622               0.000 top:comb_3|switch_debouncer:deb|divisor_frequencia:div_inst|dividir_5:div4|d_flipflop:b2|flipflop_inst 
    Info (332119):     0.645               0.000 top:comb_3|switch_debouncer:deb|divisor_frequencia:div_inst|dividir_5:div4|d_flipflop:b1|flipflop_inst 
    Info (332119):     0.687               0.000 top:comb_3|switch_debouncer:deb|divisor_frequencia:div_inst|dividir_5:div1|d_flipflop:b2|flipflop_inst 
    Info (332119):     0.712               0.000 top:comb_3|switch_debouncer:deb|divisor_frequencia:div_inst|dividir_5:div2|d_flipflop:b2|flipflop_inst 
    Info (332119):     0.714               0.000 top:comb_3|switch_debouncer:deb|divisor_frequencia:div_inst|dividir_5:div3|d_flipflop:b1|flipflop_inst 
    Info (332119):     0.939               0.000 top:comb_3|switch_debouncer:deb|divisor_frequencia:div_inst|dividir_5:div2|d_flipflop:b0|flipflop_inst 
    Info (332119):     1.012               0.000 top:comb_3|switch_debouncer:deb|divisor_frequencia:div_inst|dividir_5:div4|d_flipflop:b0|flipflop_inst 
    Info (332119):     1.362               0.000 top:comb_3|switch_debouncer:deb|divisor_frequencia:div_inst|dividir_5:div1|d_flipflop:b0|flipflop_inst 
    Info (332119):     1.426               0.000 top:comb_3|switch_debouncer:deb|divisor_frequencia:div_inst|dividir_5:div1|d_flipflop:b1|flipflop_inst 
    Info (332119):     1.684               0.000 clk 
    Info (332119):     1.728               0.000 multiplicador_alternativo:multiplicador|contador_mod255:ctr|d_flipflop:dff3|flipflop_inst 
    Info (332119):     1.786               0.000 multiplicador_alternativo:multiplicador|contador_mod255:ctr|d_flipflop:dff5|flipflop_inst 
    Info (332119):     2.036               0.000 multiplicador_alternativo:multiplicador|contador_mod255:ctr|d_flipflop:dff0|flipflop_inst 
    Info (332119):     2.173               0.000 multiplicador_alternativo:multiplicador|contador_mod255:ctr|d_flipflop:dff4|flipflop_inst 
    Info (332119):     2.180               0.000 dividir_5:div_clk|d_flipflop:b0|flipflop_inst 
    Info (332119):     2.233               0.000 multiplicador_alternativo:multiplicador|contador_mod255:ctr|d_flipflop:dff1|flipflop_inst 
    Info (332119):     2.241               0.000 multiplicador_alternativo:multiplicador|contador_mod255:ctr|d_flipflop:dff6|flipflop_inst 
    Info (332119):     3.867               0.000 dividir_5:div_clk|d_flipflop:b1|flipflop_inst 
    Info (332119):     4.786               0.000 multiplicador_alternativo:multiplicador|contador_mod255:ctr|d_flipflop:dff2|flipflop_inst 
Info (332146): Worst-case minimum pulse width slack is -3.000
    Info (332119):     Slack       End Point TNS Clock 
    Info (332119): ========= =================== =====================
    Info (332119):    -3.000             -18.433 clk 
    Info (332119):    -1.403             -37.881 top:comb_3|switch_debouncer:deb|d_flipflop:stable|flipflop_inst 
    Info (332119):    -1.403             -14.030 multiplicador_alternativo:multiplicador|contador_mod255:ctr|d_flipflop:dff1|flipflop_inst 
    Info (332119):    -1.403             -14.030 multiplicador_alternativo:multiplicador|contador_mod255:ctr|d_flipflop:dff2|flipflop_inst 
    Info (332119):    -1.403             -14.030 multiplicador_alternativo:multiplicador|contador_mod255:ctr|d_flipflop:dff3|flipflop_inst 
    Info (332119):    -1.403             -14.030 multiplicador_alternativo:multiplicador|contador_mod255:ctr|d_flipflop:dff4|flipflop_inst 
    Info (332119):    -1.403             -14.030 multiplicador_alternativo:multiplicador|contador_mod255:ctr|d_flipflop:dff5|flipflop_inst 
    Info (332119):    -1.403             -14.030 multiplicador_alternativo:multiplicador|contador_mod255:ctr|d_flipflop:dff6|flipflop_inst 
    Info (332119):    -1.403             -12.627 multiplicador_alternativo:multiplicador|contador_mod255:ctr|d_flipflop:dff0|flipflop_inst 
    Info (332119):    -1.403              -2.806 top:comb_3|switch_debouncer:deb|divisor_frequencia:div_inst|d_flipflop:div8|flipflop_inst 
    Info (332119):    -1.403              -1.403 dividir_5:div_clk|d_flipflop:b0|flipflop_inst 
    Info (332119):    -1.403              -1.403 dividir_5:div_clk|d_flipflop:b1|flipflop_inst 
    Info (332119):    -1.403              -1.403 dividir_5:div_clk|d_flipflop:b2|flipflop_inst 
    Info (332119):    -1.403              -1.403 top:comb_3|switch_debouncer:deb|divisor_frequencia:div_inst|d_flipflop:div7|flipflop_inst 
    Info (332119):    -1.403              -1.403 top:comb_3|switch_debouncer:deb|divisor_frequencia:div_inst|dividir_5:div1|d_flipflop:b0|flipflop_inst 
    Info (332119):    -1.403              -1.403 top:comb_3|switch_debouncer:deb|divisor_frequencia:div_inst|dividir_5:div1|d_flipflop:b1|flipflop_inst 
    Info (332119):    -1.403              -1.403 top:comb_3|switch_debouncer:deb|divisor_frequencia:div_inst|dividir_5:div1|d_flipflop:b2|flipflop_inst 
    Info (332119):    -1.403              -1.403 top:comb_3|switch_debouncer:deb|divisor_frequencia:div_inst|dividir_5:div2|d_flipflop:b0|flipflop_inst 
    Info (332119):    -1.403              -1.403 top:comb_3|switch_debouncer:deb|divisor_frequencia:div_inst|dividir_5:div2|d_flipflop:b1|flipflop_inst 
    Info (332119):    -1.403              -1.403 top:comb_3|switch_debouncer:deb|divisor_frequencia:div_inst|dividir_5:div2|d_flipflop:b2|flipflop_inst 
    Info (332119):    -1.403              -1.403 top:comb_3|switch_debouncer:deb|divisor_frequencia:div_inst|dividir_5:div3|d_flipflop:b0|flipflop_inst 
    Info (332119):    -1.403              -1.403 top:comb_3|switch_debouncer:deb|divisor_frequencia:div_inst|dividir_5:div3|d_flipflop:b1|flipflop_inst 
    Info (332119):    -1.403              -1.403 top:comb_3|switch_debouncer:deb|divisor_frequencia:div_inst|dividir_5:div3|d_flipflop:b2|flipflop_inst 
    Info (332119):    -1.403              -1.403 top:comb_3|switch_debouncer:deb|divisor_frequencia:div_inst|dividir_5:div4|d_flipflop:b0|flipflop_inst 
    Info (332119):    -1.403              -1.403 top:comb_3|switch_debouncer:deb|divisor_frequencia:div_inst|dividir_5:div4|d_flipflop:b1|flipflop_inst 
    Info (332119):    -1.403              -1.403 top:comb_3|switch_debouncer:deb|divisor_frequencia:div_inst|dividir_5:div4|d_flipflop:b2|flipflop_inst 
    Info (332119):    -1.403              -1.403 top:comb_3|switch_debouncer:deb|divisor_frequencia:div_inst|dividir_5:div6|d_flipflop:b0|flipflop_inst 
    Info (332119):    -1.403              -1.403 top:comb_3|switch_debouncer:deb|divisor_frequencia:div_inst|dividir_5:div6|d_flipflop:b1|flipflop_inst 
    Info (332119):    -1.403              -1.403 top:comb_3|switch_debouncer:deb|divisor_frequencia:div_inst|dividir_5:div6|d_flipflop:b2|flipflop_inst 
Info (332114): Report Metastability: Found 5 synchronizer chains.
    Info (332114): Design MTBF is not calculated because the design doesn't meet its timing requirements.
Info: Analyzing Fast 1200mV 0C Model
Warning (332191): Clock target multiplicador_alternativo:multiplicador|contador_mod255:ctr|d_flipflop:dff0|flipflop_inst of clock multiplicador_alternativo:multiplicador|contador_mod255:ctr|d_flipflop:dff0|flipflop_inst is fed by another target of the same clock.
Info (332123): Deriving Clock Uncertainty. Please refer to report_sdc in the Timing Analyzer to see clock uncertainties.
Critical Warning (332148): Timing requirements not met
Info (332146): Worst-case setup slack is -9.206
    Info (332119):     Slack       End Point TNS Clock 
    Info (332119): ========= =================== =====================
    Info (332119):    -9.206              -9.206 dividir_5:div_clk|d_flipflop:b2|flipflop_inst 
    Info (332119):    -3.170             -22.013 multiplicador_alternativo:multiplicador|contador_mod255:ctr|d_flipflop:dff0|flipflop_inst 
    Info (332119):    -3.135             -23.767 multiplicador_alternativo:multiplicador|contador_mod255:ctr|d_flipflop:dff3|flipflop_inst 
    Info (332119):    -3.133             -23.749 multiplicador_alternativo:multiplicador|contador_mod255:ctr|d_flipflop:dff2|flipflop_inst 
    Info (332119):    -3.131             -23.731 multiplicador_alternativo:multiplicador|contador_mod255:ctr|d_flipflop:dff1|flipflop_inst 
    Info (332119):    -2.925             -21.877 multiplicador_alternativo:multiplicador|contador_mod255:ctr|d_flipflop:dff4|flipflop_inst 
    Info (332119):    -2.838             -21.094 multiplicador_alternativo:multiplicador|contador_mod255:ctr|d_flipflop:dff5|flipflop_inst 
    Info (332119):    -2.739             -20.203 multiplicador_alternativo:multiplicador|contador_mod255:ctr|d_flipflop:dff6|flipflop_inst 
    Info (332119):    -1.766             -12.863 clk 
    Info (332119):    -0.645              -1.528 top:comb_3|switch_debouncer:deb|d_flipflop:stable|flipflop_inst 
    Info (332119):     0.088               0.000 top:comb_3|switch_debouncer:deb|divisor_frequencia:div_inst|dividir_5:div3|d_flipflop:b2|flipflop_inst 
    Info (332119):     0.093               0.000 top:comb_3|switch_debouncer:deb|divisor_frequencia:div_inst|dividir_5:div4|d_flipflop:b2|flipflop_inst 
    Info (332119):     0.124               0.000 top:comb_3|switch_debouncer:deb|divisor_frequencia:div_inst|dividir_5:div6|d_flipflop:b1|flipflop_inst 
    Info (332119):     0.127               0.000 top:comb_3|switch_debouncer:deb|divisor_frequencia:div_inst|d_flipflop:div7|flipflop_inst 
    Info (332119):     0.131               0.000 top:comb_3|switch_debouncer:deb|divisor_frequencia:div_inst|dividir_5:div1|d_flipflop:b2|flipflop_inst 
    Info (332119):     0.132               0.000 top:comb_3|switch_debouncer:deb|divisor_frequencia:div_inst|dividir_5:div4|d_flipflop:b0|flipflop_inst 
    Info (332119):     0.140               0.000 top:comb_3|switch_debouncer:deb|divisor_frequencia:div_inst|dividir_5:div3|d_flipflop:b1|flipflop_inst 
    Info (332119):     0.141               0.000 dividir_5:div_clk|d_flipflop:b0|flipflop_inst 
    Info (332119):     0.141               0.000 top:comb_3|switch_debouncer:deb|divisor_frequencia:div_inst|dividir_5:div1|d_flipflop:b1|flipflop_inst 
    Info (332119):     0.143               0.000 top:comb_3|switch_debouncer:deb|divisor_frequencia:div_inst|dividir_5:div2|d_flipflop:b0|flipflop_inst 
    Info (332119):     0.144               0.000 top:comb_3|switch_debouncer:deb|divisor_frequencia:div_inst|dividir_5:div2|d_flipflop:b2|flipflop_inst 
    Info (332119):     0.161               0.000 top:comb_3|switch_debouncer:deb|divisor_frequencia:div_inst|dividir_5:div4|d_flipflop:b1|flipflop_inst 
    Info (332119):     0.176               0.000 top:comb_3|switch_debouncer:deb|divisor_frequencia:div_inst|dividir_5:div6|d_flipflop:b2|flipflop_inst 
    Info (332119):     0.190               0.000 top:comb_3|switch_debouncer:deb|divisor_frequencia:div_inst|dividir_5:div6|d_flipflop:b0|flipflop_inst 
    Info (332119):     0.193               0.000 top:comb_3|switch_debouncer:deb|divisor_frequencia:div_inst|dividir_5:div3|d_flipflop:b0|flipflop_inst 
    Info (332119):     0.194               0.000 dividir_5:div_clk|d_flipflop:b1|flipflop_inst 
    Info (332119):     0.195               0.000 top:comb_3|switch_debouncer:deb|divisor_frequencia:div_inst|dividir_5:div1|d_flipflop:b0|flipflop_inst 
    Info (332119):     0.225               0.000 top:comb_3|switch_debouncer:deb|divisor_frequencia:div_inst|dividir_5:div2|d_flipflop:b1|flipflop_inst 
    Info (332119):     0.639               0.000 top:comb_3|switch_debouncer:deb|divisor_frequencia:div_inst|d_flipflop:div8|flipflop_inst 
Info (332146): Worst-case hold slack is -1.271
    Info (332119):     Slack       End Point TNS Clock 
    Info (332119): ========= =================== =====================
    Info (332119):    -1.271              -7.626 clk 
    Info (332119):    -0.379              -2.274 multiplicador_alternativo:multiplicador|contador_mod255:ctr|d_flipflop:dff6|flipflop_inst 
    Info (332119):    -0.276              -1.656 multiplicador_alternativo:multiplicador|contador_mod255:ctr|d_flipflop:dff5|flipflop_inst 
    Info (332119):    -0.185              -1.110 multiplicador_alternativo:multiplicador|contador_mod255:ctr|d_flipflop:dff4|flipflop_inst 
    Info (332119):     0.030               0.000 multiplicador_alternativo:multiplicador|contador_mod255:ctr|d_flipflop:dff1|flipflop_inst 
    Info (332119):     0.032               0.000 multiplicador_alternativo:multiplicador|contador_mod255:ctr|d_flipflop:dff2|flipflop_inst 
    Info (332119):     0.034               0.000 multiplicador_alternativo:multiplicador|contador_mod255:ctr|d_flipflop:dff3|flipflop_inst 
    Info (332119):     0.105               0.000 multiplicador_alternativo:multiplicador|contador_mod255:ctr|d_flipflop:dff0|flipflop_inst 
    Info (332119):     0.124               0.000 top:comb_3|switch_debouncer:deb|divisor_frequencia:div_inst|dividir_5:div6|d_flipflop:b0|flipflop_inst 
    Info (332119):     0.136               0.000 top:comb_3|switch_debouncer:deb|divisor_frequencia:div_inst|dividir_5:div6|d_flipflop:b2|flipflop_inst 
    Info (332119):     0.148               0.000 top:comb_3|switch_debouncer:deb|divisor_frequencia:div_inst|dividir_5:div2|d_flipflop:b1|flipflop_inst 
    Info (332119):     0.153               0.000 top:comb_3|switch_debouncer:deb|d_flipflop:stable|flipflop_inst 
    Info (332119):     0.158               0.000 top:comb_3|switch_debouncer:deb|divisor_frequencia:div_inst|dividir_5:div3|d_flipflop:b0|flipflop_inst 
    Info (332119):     0.159               0.000 top:comb_3|switch_debouncer:deb|divisor_frequencia:div_inst|dividir_5:div1|d_flipflop:b0|flipflop_inst 
    Info (332119):     0.165               0.000 top:comb_3|switch_debouncer:deb|divisor_frequencia:div_inst|d_flipflop:div8|flipflop_inst 
    Info (332119):     0.171               0.000 top:comb_3|switch_debouncer:deb|divisor_frequencia:div_inst|d_flipflop:div7|flipflop_inst 
    Info (332119):     0.173               0.000 top:comb_3|switch_debouncer:deb|divisor_frequencia:div_inst|dividir_5:div2|d_flipflop:b0|flipflop_inst 
    Info (332119):     0.174               0.000 top:comb_3|switch_debouncer:deb|divisor_frequencia:div_inst|dividir_5:div4|d_flipflop:b1|flipflop_inst 
    Info (332119):     0.181               0.000 top:comb_3|switch_debouncer:deb|divisor_frequencia:div_inst|dividir_5:div1|d_flipflop:b1|flipflop_inst 
    Info (332119):     0.184               0.000 top:comb_3|switch_debouncer:deb|divisor_frequencia:div_inst|dividir_5:div4|d_flipflop:b0|flipflop_inst 
    Info (332119):     0.191               0.000 top:comb_3|switch_debouncer:deb|divisor_frequencia:div_inst|dividir_5:div2|d_flipflop:b2|flipflop_inst 
    Info (332119):     0.191               0.000 top:comb_3|switch_debouncer:deb|divisor_frequencia:div_inst|dividir_5:div6|d_flipflop:b1|flipflop_inst 
    Info (332119):     0.196               0.000 top:comb_3|switch_debouncer:deb|divisor_frequencia:div_inst|dividir_5:div3|d_flipflop:b2|flipflop_inst 
    Info (332119):     0.206               0.000 top:comb_3|switch_debouncer:deb|divisor_frequencia:div_inst|dividir_5:div4|d_flipflop:b2|flipflop_inst 
    Info (332119):     0.215               0.000 dividir_5:div_clk|d_flipflop:b1|flipflop_inst 
    Info (332119):     0.219               0.000 top:comb_3|switch_debouncer:deb|divisor_frequencia:div_inst|dividir_5:div1|d_flipflop:b2|flipflop_inst 
    Info (332119):     0.225               0.000 top:comb_3|switch_debouncer:deb|divisor_frequencia:div_inst|dividir_5:div3|d_flipflop:b1|flipflop_inst 
    Info (332119):     0.230               0.000 dividir_5:div_clk|d_flipflop:b0|flipflop_inst 
    Info (332119):     0.351               0.000 dividir_5:div_clk|d_flipflop:b2|flipflop_inst 
Info (332146): Worst-case recovery slack is -4.541
    Info (332119):     Slack       End Point TNS Clock 
    Info (332119): ========= =================== =====================
    Info (332119):    -4.541             -25.397 multiplicador_alternativo:multiplicador|contador_mod255:ctr|d_flipflop:dff2|flipflop_inst 
    Info (332119):    -2.378             -21.117 multiplicador_alternativo:multiplicador|contador_mod255:ctr|d_flipflop:dff3|flipflop_inst 
    Info (332119):    -2.374             -21.367 multiplicador_alternativo:multiplicador|contador_mod255:ctr|d_flipflop:dff1|flipflop_inst 
    Info (332119):    -2.347             -19.195 multiplicador_alternativo:multiplicador|contador_mod255:ctr|d_flipflop:dff0|flipflop_inst 
    Info (332119):    -2.168             -19.474 multiplicador_alternativo:multiplicador|contador_mod255:ctr|d_flipflop:dff4|flipflop_inst 
    Info (332119):    -2.081             -18.477 multiplicador_alternativo:multiplicador|contador_mod255:ctr|d_flipflop:dff5|flipflop_inst 
    Info (332119):    -1.982             -17.836 multiplicador_alternativo:multiplicador|contador_mod255:ctr|d_flipflop:dff6|flipflop_inst 
    Info (332119):    -1.573              -1.573 dividir_5:div_clk|d_flipflop:b1|flipflop_inst 
    Info (332119):    -1.152             -11.304 clk 
    Info (332119):    -0.701              -0.701 dividir_5:div_clk|d_flipflop:b0|flipflop_inst 
    Info (332119):    -0.292              -0.292 top:comb_3|switch_debouncer:deb|divisor_frequencia:div_inst|dividir_5:div1|d_flipflop:b1|flipflop_inst 
    Info (332119):    -0.258              -0.258 top:comb_3|switch_debouncer:deb|divisor_frequencia:div_inst|dividir_5:div1|d_flipflop:b0|flipflop_inst 
    Info (332119):    -0.078              -0.078 top:comb_3|switch_debouncer:deb|divisor_frequencia:div_inst|dividir_5:div4|d_flipflop:b0|flipflop_inst 
    Info (332119):    -0.052              -0.052 top:comb_3|switch_debouncer:deb|divisor_frequencia:div_inst|dividir_5:div2|d_flipflop:b2|flipflop_inst 
    Info (332119):    -0.042              -0.042 top:comb_3|switch_debouncer:deb|divisor_frequencia:div_inst|dividir_5:div1|d_flipflop:b2|flipflop_inst 
    Info (332119):    -0.028              -0.028 top:comb_3|switch_debouncer:deb|divisor_frequencia:div_inst|dividir_5:div3|d_flipflop:b2|flipflop_inst 
    Info (332119):    -0.026              -0.026 top:comb_3|switch_debouncer:deb|divisor_frequencia:div_inst|dividir_5:div2|d_flipflop:b0|flipflop_inst 
    Info (332119):     0.012               0.000 top:comb_3|switch_debouncer:deb|divisor_frequencia:div_inst|dividir_5:div4|d_flipflop:b2|flipflop_inst 
    Info (332119):     0.095               0.000 top:comb_3|switch_debouncer:deb|divisor_frequencia:div_inst|dividir_5:div3|d_flipflop:b1|flipflop_inst 
    Info (332119):     0.096               0.000 top:comb_3|switch_debouncer:deb|divisor_frequencia:div_inst|dividir_5:div4|d_flipflop:b1|flipflop_inst 
    Info (332119):     0.137               0.000 top:comb_3|switch_debouncer:deb|divisor_frequencia:div_inst|dividir_5:div6|d_flipflop:b1|flipflop_inst 
    Info (332119):     0.191               0.000 top:comb_3|switch_debouncer:deb|divisor_frequencia:div_inst|dividir_5:div6|d_flipflop:b0|flipflop_inst 
    Info (332119):     0.193               0.000 top:comb_3|switch_debouncer:deb|divisor_frequencia:div_inst|dividir_5:div3|d_flipflop:b0|flipflop_inst 
    Info (332119):     0.237               0.000 top:comb_3|switch_debouncer:deb|divisor_frequencia:div_inst|dividir_5:div2|d_flipflop:b1|flipflop_inst 
Info (332146): Worst-case removal slack is 0.176
    Info (332119):     Slack       End Point TNS Clock 
    Info (332119): ========= =================== =====================
    Info (332119):     0.176               0.000 top:comb_3|switch_debouncer:deb|divisor_frequencia:div_inst|dividir_5:div2|d_flipflop:b1|flipflop_inst 
    Info (332119):     0.227               0.000 top:comb_3|switch_debouncer:deb|divisor_frequencia:div_inst|dividir_5:div3|d_flipflop:b0|flipflop_inst 
    Info (332119):     0.229               0.000 top:comb_3|switch_debouncer:deb|divisor_frequencia:div_inst|dividir_5:div6|d_flipflop:b0|flipflop_inst 
    Info (332119):     0.233               0.000 top:comb_3|switch_debouncer:deb|divisor_frequencia:div_inst|dividir_5:div3|d_flipflop:b2|flipflop_inst 
    Info (332119):     0.252               0.000 top:comb_3|switch_debouncer:deb|divisor_frequencia:div_inst|dividir_5:div4|d_flipflop:b2|flipflop_inst 
    Info (332119):     0.279               0.000 top:comb_3|switch_debouncer:deb|divisor_frequencia:div_inst|dividir_5:div1|d_flipflop:b2|flipflop_inst 
    Info (332119):     0.286               0.000 top:comb_3|switch_debouncer:deb|divisor_frequencia:div_inst|dividir_5:div6|d_flipflop:b1|flipflop_inst 
    Info (332119):     0.301               0.000 top:comb_3|switch_debouncer:deb|divisor_frequencia:div_inst|dividir_5:div2|d_flipflop:b2|flipflop_inst 
    Info (332119):     0.301               0.000 top:comb_3|switch_debouncer:deb|divisor_frequencia:div_inst|dividir_5:div4|d_flipflop:b1|flipflop_inst 
    Info (332119):     0.332               0.000 top:comb_3|switch_debouncer:deb|divisor_frequencia:div_inst|dividir_5:div3|d_flipflop:b1|flipflop_inst 
    Info (332119):     0.465               0.000 top:comb_3|switch_debouncer:deb|divisor_frequencia:div_inst|dividir_5:div2|d_flipflop:b0|flipflop_inst 
    Info (332119):     0.501               0.000 top:comb_3|switch_debouncer:deb|divisor_frequencia:div_inst|dividir_5:div4|d_flipflop:b0|flipflop_inst 
    Info (332119):     0.565               0.000 clk 
    Info (332119):     0.703               0.000 top:comb_3|switch_debouncer:deb|divisor_frequencia:div_inst|dividir_5:div1|d_flipflop:b0|flipflop_inst 
    Info (332119):     0.738               0.000 top:comb_3|switch_debouncer:deb|divisor_frequencia:div_inst|dividir_5:div1|d_flipflop:b1|flipflop_inst 
    Info (332119):     0.980               0.000 multiplicador_alternativo:multiplicador|contador_mod255:ctr|d_flipflop:dff3|flipflop_inst 
    Info (332119):     1.003               0.000 multiplicador_alternativo:multiplicador|contador_mod255:ctr|d_flipflop:dff5|flipflop_inst 
    Info (332119):     1.147               0.000 multiplicador_alternativo:multiplicador|contador_mod255:ctr|d_flipflop:dff0|flipflop_inst 
    Info (332119):     1.175               0.000 dividir_5:div_clk|d_flipflop:b0|flipflop_inst 
    Info (332119):     1.238               0.000 multiplicador_alternativo:multiplicador|contador_mod255:ctr|d_flipflop:dff4|flipflop_inst 
    Info (332119):     1.260               0.000 multiplicador_alternativo:multiplicador|contador_mod255:ctr|d_flipflop:dff1|flipflop_inst 
    Info (332119):     1.264               0.000 multiplicador_alternativo:multiplicador|contador_mod255:ctr|d_flipflop:dff6|flipflop_inst 
    Info (332119):     2.149               0.000 dividir_5:div_clk|d_flipflop:b1|flipflop_inst 
    Info (332119):     2.383               0.000 multiplicador_alternativo:multiplicador|contador_mod255:ctr|d_flipflop:dff2|flipflop_inst 
Info (332146): Worst-case minimum pulse width slack is -3.000
    Info (332119):     Slack       End Point TNS Clock 
    Info (332119): ========= =================== =====================
    Info (332119):    -3.000             -18.360 clk 
    Info (332119):    -1.000             -27.000 top:comb_3|switch_debouncer:deb|d_flipflop:stable|flipflop_inst 
    Info (332119):    -1.000             -10.000 multiplicador_alternativo:multiplicador|contador_mod255:ctr|d_flipflop:dff1|flipflop_inst 
    Info (332119):    -1.000             -10.000 multiplicador_alternativo:multiplicador|contador_mod255:ctr|d_flipflop:dff2|flipflop_inst 
    Info (332119):    -1.000             -10.000 multiplicador_alternativo:multiplicador|contador_mod255:ctr|d_flipflop:dff3|flipflop_inst 
    Info (332119):    -1.000             -10.000 multiplicador_alternativo:multiplicador|contador_mod255:ctr|d_flipflop:dff4|flipflop_inst 
    Info (332119):    -1.000             -10.000 multiplicador_alternativo:multiplicador|contador_mod255:ctr|d_flipflop:dff5|flipflop_inst 
    Info (332119):    -1.000             -10.000 multiplicador_alternativo:multiplicador|contador_mod255:ctr|d_flipflop:dff6|flipflop_inst 
    Info (332119):    -1.000              -9.000 multiplicador_alternativo:multiplicador|contador_mod255:ctr|d_flipflop:dff0|flipflop_inst 
    Info (332119):    -1.000              -2.000 top:comb_3|switch_debouncer:deb|divisor_frequencia:div_inst|d_flipflop:div8|flipflop_inst 
    Info (332119):    -1.000              -1.000 dividir_5:div_clk|d_flipflop:b0|flipflop_inst 
    Info (332119):    -1.000              -1.000 dividir_5:div_clk|d_flipflop:b1|flipflop_inst 
    Info (332119):    -1.000              -1.000 dividir_5:div_clk|d_flipflop:b2|flipflop_inst 
    Info (332119):    -1.000              -1.000 top:comb_3|switch_debouncer:deb|divisor_frequencia:div_inst|d_flipflop:div7|flipflop_inst 
    Info (332119):    -1.000              -1.000 top:comb_3|switch_debouncer:deb|divisor_frequencia:div_inst|dividir_5:div1|d_flipflop:b0|flipflop_inst 
    Info (332119):    -1.000              -1.000 top:comb_3|switch_debouncer:deb|divisor_frequencia:div_inst|dividir_5:div1|d_flipflop:b1|flipflop_inst 
    Info (332119):    -1.000              -1.000 top:comb_3|switch_debouncer:deb|divisor_frequencia:div_inst|dividir_5:div1|d_flipflop:b2|flipflop_inst 
    Info (332119):    -1.000              -1.000 top:comb_3|switch_debouncer:deb|divisor_frequencia:div_inst|dividir_5:div2|d_flipflop:b0|flipflop_inst 
    Info (332119):    -1.000              -1.000 top:comb_3|switch_debouncer:deb|divisor_frequencia:div_inst|dividir_5:div2|d_flipflop:b1|flipflop_inst 
    Info (332119):    -1.000              -1.000 top:comb_3|switch_debouncer:deb|divisor_frequencia:div_inst|dividir_5:div2|d_flipflop:b2|flipflop_inst 
    Info (332119):    -1.000              -1.000 top:comb_3|switch_debouncer:deb|divisor_frequencia:div_inst|dividir_5:div3|d_flipflop:b0|flipflop_inst 
    Info (332119):    -1.000              -1.000 top:comb_3|switch_debouncer:deb|divisor_frequencia:div_inst|dividir_5:div3|d_flipflop:b1|flipflop_inst 
    Info (332119):    -1.000              -1.000 top:comb_3|switch_debouncer:deb|divisor_frequencia:div_inst|dividir_5:div3|d_flipflop:b2|flipflop_inst 
    Info (332119):    -1.000              -1.000 top:comb_3|switch_debouncer:deb|divisor_frequencia:div_inst|dividir_5:div4|d_flipflop:b0|flipflop_inst 
    Info (332119):    -1.000              -1.000 top:comb_3|switch_debouncer:deb|divisor_frequencia:div_inst|dividir_5:div4|d_flipflop:b1|flipflop_inst 
    Info (332119):    -1.000              -1.000 top:comb_3|switch_debouncer:deb|divisor_frequencia:div_inst|dividir_5:div4|d_flipflop:b2|flipflop_inst 
    Info (332119):    -1.000              -1.000 top:comb_3|switch_debouncer:deb|divisor_frequencia:div_inst|dividir_5:div6|d_flipflop:b0|flipflop_inst 
    Info (332119):    -1.000              -1.000 top:comb_3|switch_debouncer:deb|divisor_frequencia:div_inst|dividir_5:div6|d_flipflop:b1|flipflop_inst 
    Info (332119):    -1.000              -1.000 top:comb_3|switch_debouncer:deb|divisor_frequencia:div_inst|dividir_5:div6|d_flipflop:b2|flipflop_inst 
Info (332114): Report Metastability: Found 5 synchronizer chains.
    Info (332114): Design MTBF is not calculated because the design doesn't meet its timing requirements.
Info (332102): Design is not fully constrained for setup requirements
Info (332102): Design is not fully constrained for hold requirements
Info: Quartus Prime Timing Analyzer was successful. 0 errors, 8 warnings
    Info: Peak virtual memory: 4835 megabytes
    Info: Processing ended: Thu Oct 16 23:33:03 2025
    Info: Elapsed time: 00:00:04
    Info: Total CPU time (on all processors): 00:00:05


